Type,Repère,Description,X points,Y points
PC,,Prise dessinée; variante suivant symbole source,317.68,736.32
PC,,Prise dessinée; variante suivant symbole source,565.35,817.56
PC,,Prise dessinée; variante suivant symbole source,1203.2,817.56
PC,,Prise dessinée; variante suivant symbole source,1737.69,817.56
PC,,Prise dessinée; variante suivant symbole source,2027.08,817.56
PC,,Prise dessinée; variante suivant symbole source,2375.53,817.56
PC,,Prise dessinée; variante suivant symbole source,2727.05,817.56
PC,,Prise dessinée; variante suivant symbole source,2793.31,870.08
PC,,Prise dessinée; variante suivant symbole source,2851.39,868.23
PC,,Prise dessinée; variante suivant symbole source,855.34,817.56
PC,,Prise dessinée; variante suivant symbole source,1451.95,817.56
PC,,Prise dessinée; variante suivant symbole source,1366.03,618.89
PC,,Prise dessinée; variante suivant symbole source,2724.59,892.53
PC,,Prise dessinée; variante suivant symbole source,2687.08,1020.06
TH,,Thermostat,329.84,771.21
TH,,Thermostat,294.25,730.65
TH,,Thermostat,2828.41,795.48
TH,,Thermostat,2902.04,837.88
TH,,Thermostat,2809.35,970.85
TH,,Thermostat,1360.5,603.88
PC,,Prise dessinée; variante suivant symbole source,2701.61,866.6
TH,,Thermostat,2712.54,1052.61
PC,,Prise dessinée; variante suivant symbole source,317.68,1757.98
PC,,Prise dessinée; variante suivant symbole source,565.35,1839.22
PC,,Prise dessinée; variante suivant symbole source,1203.2,1839.22
PC,,Prise dessinée; variante suivant symbole source,1737.69,1839.22
PC,,Prise dessinée; variante suivant symbole source,2027.08,1839.22
PC,,Prise dessinée; variante suivant symbole source,2375.53,1839.22
PC,,Prise dessinée; variante suivant symbole source,2728.7,1839.69
PC,,Prise dessinée; variante suivant symbole source,2791.84,1891.73
PC,,Prise dessinée; variante suivant symbole source,2851.39,1889.89
PC,,Prise dessinée; variante suivant symbole source,855.34,1839.22
PC,,Prise dessinée; variante suivant symbole source,1453.45,1839.21
PC,,Prise dessinée; variante suivant symbole source,1366.03,1640.54
PC,,Prise dessinée; variante suivant symbole source,2687.46,2041.74
PC,,Prise dessinée; variante suivant symbole source,2729.84,1914.18
TH,,Thermostat,329.84,1792.87
TH,,Thermostat,2828.41,1817.14
TH,,Thermostat,2809.35,1992.51
TH,,Thermostat,1360.5,1625.54
TH,,Thermostat,2712.54,2074.26
CH,750 W,Chauffage dessiné; puissance source 750 W,322.33,781.65
CH,500 W,Chauffage dessiné; puissance source 500 W,2719.35,1060.12
CH,500 W,Chauffage dessiné; puissance source 500 W,2816.15,978.37
CH,750 W,Chauffage dessiné; puissance source 750 W,2835.92,785.05
CH,500 W,Chauffage dessiné; puissance source 500 W,301.05,738.16
CH,500 W,Chauffage dessiné; puissance source 500 W,2895.25,830.36
CH,500 W,Chauffage dessiné; puissance source 500 W,1368.01,596.35
CH,1250 W,Chauffage dessiné; puissance source 1250 W,1431.25,470.14
CH,1250 W,Chauffage dessiné; puissance source 1250 W,1555.45,470.14
CH,1250 W,Chauffage dessiné; puissance source 1250 W,1665.25,470.14
CH,750 W,Chauffage dessiné; puissance source 750 W,1140.8,1065.05
CH,750 W,Chauffage dessiné; puissance source 750 W,1321.1,1065.05
CH,300 W,Chauffage dessiné; puissance source 300 W,1223.85,1039.79
CH,300 W,Chauffage dessiné; puissance source 300 W,1234.15,1039.79
CH,750 W,Chauffage dessiné; puissance source 750 W,2142.2,1060.17
CH,750 W,Chauffage dessiné; puissance source 750 W,2261.8,509.89
CH,750 W,Chauffage dessiné; puissance source 750 W,322.33,1803.3
CH,500 W,Chauffage dessiné; puissance source 500 W,2719.35,2081.78
CH,500 W,Chauffage dessiné; puissance source 500 W,2816.15,2000.03
CH,750 W,Chauffage dessiné; puissance source 750 W,2835.92,1806.7
CH,500 W,Chauffage dessiné; puissance source 500 W,1368.01,1618.05
CH,1250 W,Chauffage dessiné; puissance source 1250 W,1431.25,1491.8
CH,1250 W,Chauffage dessiné; puissance source 1250 W,1555.45,1491.8
CH,1250 W,Chauffage dessiné; puissance source 1250 W,1665.25,1491.8
CH,750 W,Chauffage dessiné; puissance source 750 W,1140.8,2086.7
CH,750 W,Chauffage dessiné; puissance source 750 W,1321.1,2086.7
CH,300 W,Chauffage dessiné; puissance source 300 W,1223.85,2061.44
CH,300 W,Chauffage dessiné; puissance source 300 W,1234.15,2061.44
CH,750 W,Chauffage dessiné; puissance source 750 W,2142.2,2081.82
CH,750 W,Chauffage dessiné; puissance source 750 W,2261.8,1531.56
