Type,Description,Quantité,Source
VRE,"VRE-01 ventilateur récupérateur d'énergie, air frais 2e étage, Aldes E190-TRG, 120/1/60, 1,95 A, 155 W (note 1 : prévoir une prise électrique par électricien)",1,25043- Garage Municipale St Amable-E-Soumission.pdf / E-401 / TABLEAU DE(S) VENTILATEUR(S) RÉCUPÉRATEUR(S)
VRE,"VRE-02 ventilateur récupérateur d'énergie, air frais RDC, Aldes E150-TRG, 120/1/60, 1,3 A, 156 W (note 1 : prévoir une prise électrique par électricien)",1,25043- Garage Municipale St Amable-E-Soumission.pdf / E-401 / TABLEAU DE(S) VENTILATEUR(S) RÉCUPÉRATEUR(S)
VE,"VE-01 ventilateur d'évacuation inline, salle électrique, Cook GN-188, 1/16 HP, 120/1/60, c/a sectionneur d'entretien cadenassable et démarreur (note 1), thermostat à action inverse par électricité (note 8)",1,25043- Garage Municipale St Amable-E-Soumission.pdf / E-401 / TABLEAU DE(S) VENTILATEUR(S)
CE,"CE-01 chauffe-eau électrique au plancher, garage, Bradford White M-2-HE80R6DS, 80 gal (303 L), 208/1/60, 4,5 kW",1,25043- Garage Municipale St Amable-E-Soumission.pdf / E-401 / TABLEAU DES CHAUFFE-EAU ÉLECTRIQUE
UCD,"UCD-01 unité de condensation Daikin VRV IV-S RXTQ60TAVJU, 208/1/60, MCA 29 A, MOP 35 A, R-410A",1,25043- Garage Municipale St Amable-E-Soumission.pdf / E-401 / tableau UCD/UAC
UCD,"UCD-02 unité de condensation Daikin RX09AXVJU, 240-208/1/60, MCA 3,5-3,4 A, MOCP 15 A",1,25043- Garage Municipale St Amable-E-Soumission.pdf / E-401 / tableau UCD/UAC
UAC,"UAC-01 unité de climatisation Daikin FXMQ54PBVJU, 54 000 btu/h, 208/1/60, 15 FLA (alimentation : voir UCD-02 au tableau — incohérence avec UCD-01, voir réserve)",1,25043- Garage Municipale St Amable-E-Soumission.pdf / E-401 / tableau UCD/UAC
UAC,"UAC-02 unité de climatisation Daikin FTX09AXVJU, 8 900 btu/h, 240-208/1/60 (voir UCD-02)",1,25043- Garage Municipale St Amable-E-Soumission.pdf / E-401 / tableau UCD/UAC
UTA,"UTA-01 unité de traitement d'air chauffage garage, York XTI-39X78, 600/3/60, MCA 75,31 A, MOP 110 A, chauffage 75 kW, démarreur magnétique fourni",1,25043- Garage Municipale St Amable-E-Soumission.pdf / E-401 / tableau UTA
SE,"SE-01 serpentin électrique, salle électrique, Thermolec 7 kW, 600/3/60, c/a sonde de gaine, protection thermique, sonde de débit, interrupteur de sécurité, transformateur de contrôle et thermostat électronique (note 1)",1,25043- Garage Municipale St Amable-E-Soumission.pdf / E-401 / TABLEAU DES SERPENTINS ÉLECTRIQUES
