Panneau,Circuits,Ampères,Pôles,Quantité,Désignation,Protection source,Feuille,Portée,Réserve,Repère
PP1,1-3-5,60,3,1,TRANSFO PS1 (TX-PS1),Non indiquée,E105-page09,DÉPART CÉDULE,,E105-page09-0001
PP1,7-9-11,60,3,1,AÉROTHERME 1,Non indiquée,E105-page09,DÉPART CÉDULE,,E105-page09-0002
PP1,13-15-17,60,3,1,AÉROTHERME 2,Non indiquée,E105-page09,DÉPART CÉDULE,,E105-page09-0003
PP1,19-21-23,60,3,1,AÉROTHERME 3,Non indiquée,E105-page09,DÉPART CÉDULE,,E105-page09-0004
PP1,25-27-29,60,3,1,AÉROTHERME 4,Non indiquée,E105-page09,DÉPART CÉDULE,,E105-page09-0005
PP1,31-33-35,60,3,1,AÉROTHERME 5,Non indiquée,E105-page09,DÉPART CÉDULE,,E105-page09-0006
PP1,37-39-41,60,3,1,AÉROTHERME 6,Non indiquée,E105-page09,DÉPART CÉDULE,,E105-page09-0007
PP1,43-45-47,60,3,1,AÉROTHERME 7,Non indiquée,E105-page09,DÉPART CÉDULE,,E105-page09-0008
PP1,49-51-53,20,3,1,AÉROTHERMES 8 ET 9,Non indiquée,E105-page09,DÉPART CÉDULE,,E105-page09-0009
PP1,55-57-59,100,3,1,ATS-1,Non indiquée,E105-page09,DÉPART CÉDULE,,E105-page09-0010
PP1,61,15,1,1,CHAUFFAGE CAGE ESCALIER #02,Non indiquée,E105-page09,DÉPART CÉDULE,,E105-page09-0011
PP1,63-65-67,100,3,1,ATS-2,Non indiquée,E105-page09,DÉPART CÉDULE,,E105-page09-0012
PP1,69-71-73,200,3,1,PANNEAU PP-1A,Non indiquée,E105-page09,DÉPART CÉDULE,,E105-page09-0013
PP1,75,15,1,1,ESPACE,Non indiquée,E105-page09,DÉPART CÉDULE,* Ligne ESPACE avec calibre indiqué : présence du disjoncteur à confirmer.,E105-page09-0014
PP1,77,15,1,1,ESPACE,Non indiquée,E105-page09,DÉPART CÉDULE,* Ligne ESPACE avec calibre indiqué : présence du disjoncteur à confirmer.,E105-page09-0015
PP1,2-4-6,30,3,1,CHAUFFE-EAU 1,Non indiquée,E105-page09,DÉPART CÉDULE,,E105-page09-0016
PP1,8-10-12,30,3,1,CHAUFFE-EAU 2,Non indiquée,E105-page09,DÉPART CÉDULE,,E105-page09-0017
PP1,14-16-18,30,3,1,CHAUFFE-EAU 3,Non indiquée,E105-page09,DÉPART CÉDULE,,E105-page09-0018
PP1,20-22-24,30,3,1,CHAUFFE-EAU 4,Non indiquée,E105-page09,DÉPART CÉDULE,,E105-page09-0019
PP1,26-28-30,15,3,1,VENTILATEUR VE-10,Non indiquée,E105-page09,DÉPART CÉDULE,,E105-page09-0020
PP1,32-34-36,60,3,1,ASCENSEUR 1,Non indiquée,E105-page09,DÉPART CÉDULE,,E105-page09-0021
PP1,38-40-42,60,3,1,UCA-01,Non indiquée,E105-page09,DÉPART CÉDULE,,E105-page09-0022
PP1,44-46-48,60,3,1,ASCENSEUR 2,Non indiquée,E105-page09,DÉPART CÉDULE,,E105-page09-0023
PP1,50,20,1,1,CHAUF. S.GICLEURS/MÉCANIQUE,Non indiquée,E105-page09,DÉPART CÉDULE,,E105-page09-0024
PP1,52,20,1,1,LIBRE,Non indiquée,E105-page09,DÉPART CÉDULE,,E105-page09-0025
PP1,54,15,1,1,LIBRE,Non indiquée,E105-page09,DÉPART CÉDULE,,E105-page09-0026
PP1,56,15,1,1,LIBRE,Non indiquée,E105-page09,DÉPART CÉDULE,,E105-page09-0027
PP1,58,20,1,1,LIBRE,Non indiquée,E105-page09,DÉPART CÉDULE,,E105-page09-0028
PP1,60,20,1,1,LIBRE,Non indiquée,E105-page09,DÉPART CÉDULE,,E105-page09-0029
PP1A,1-3,15,2,1,CHAUFFAGE LOCAL EC-01 : lignes 1 et 3 (1500 W et 5000 W),Non indiquée,E105-page09,DÉPART CÉDULE,* Deux puissances sur le même départ 15 A 2P; configuration à confirmer.,E105-page09-0030
PP1A,5,15,1,1,CHAUFFAGE LOCAL EC-02,Non indiquée,E105-page09,DÉPART CÉDULE,,E105-page09-0031
PP1A,7,20,1,1,CHAUFFAGE LOCAL EC-04,Non indiquée,E105-page09,DÉPART CÉDULE,,E105-page09-0032
PP1A,9,20,1,1,CHAUFF. CORR. 4E (AILE GAUCHE),Non indiquée,E105-page09,DÉPART CÉDULE,,E105-page09-0033
PP1A,11,20,1,1,CHAUFFAGE SAS ASC. 4E ÉTAGE 5000 W,Non indiquée,E105-page09,DÉPART CÉDULE,,E105-page09-0034
PP1A,13,20,1,1,CHAUFFAGE SAS ASC. 4E ÉTAGE 2500 W,Non indiquée,E105-page09,DÉPART CÉDULE,,E105-page09-0035
PP1A,15,20,1,1,CHAUFFAGE SAS ASC. 3E ÉTAGE 5000 W,Non indiquée,E105-page09,DÉPART CÉDULE,,E105-page09-0036
PP1A,17,15,1,1,CHAUFFAGE SAS ASC. 3E ÉTAGE 2500 W,Non indiquée,E105-page09,DÉPART CÉDULE,,E105-page09-0037
PP1A,19,20,1,1,CHAUFFAGE SAS ASC. 2E ÉTAGE 4000 W,Non indiquée,E105-page09,DÉPART CÉDULE,,E105-page09-0038
PP1A,21,15,1,1,CHAUFFAGE SAS ASC. 2E ÉTAGE 2500 W,Non indiquée,E105-page09,DÉPART CÉDULE,,E105-page09-0039
PP1A,23,15,1,1,LIBRE,Non indiquée,E105-page09,DÉPART CÉDULE,,E105-page09-0040
PP1A,25,20,1,1,LIBRE,Non indiquée,E105-page09,DÉPART CÉDULE,,E105-page09-0041
PP1A,27,20,1,1,LIBRE,Non indiquée,E105-page09,DÉPART CÉDULE,,E105-page09-0042
PP1A,2,15,1,1,CHAUFFAGE CAGE ESCALIER #01,Non indiquée,E105-page09,DÉPART CÉDULE,,E105-page09-0043
PP1A,4,15,1,1,CHAUFFAGE CAGE ESCALIER #03,Non indiquée,E105-page09,DÉPART CÉDULE,,E105-page09-0044
PP1A,6,15,1,1,CHAUFFAGE LOCAL V-05 (S.SOL),Non indiquée,E105-page09,DÉPART CÉDULE,,E105-page09-0045
PP1A,8-10-12,60,3,1,ASCENSEUR,Non indiquée,E105-page09,DÉPART CÉDULE,,E105-page09-0046
PP1A,14,15,1,1,LIBRE,Non indiquée,E105-page09,DÉPART CÉDULE,,E105-page09-0047
PP1A,16,15,1,1,LIBRE,Non indiquée,E105-page09,DÉPART CÉDULE,,E105-page09-0048
PP1A,18,15,1,1,LIBRE,Non indiquée,E105-page09,DÉPART CÉDULE,,E105-page09-0049
PP1A,20,15,1,1,LIBRE,Non indiquée,E105-page09,DÉPART CÉDULE,,E105-page09-0050
PS1,1,15,1,1,POMPE P-7,Non indiquée,E105-page09,DÉPART CÉDULE,,E105-page09-0051
PS1,3,15,1,1,PRISES TOIT (AILE DROITE),Non indiquée,E105-page09,DÉPART CÉDULE,,E105-page09-0052
PS1,5-7-9,100,3,1,PANNEAU PS1A,Non indiquée,E105-page09,DÉPART CÉDULE,,E105-page09-0053
PS1,11,15,1,1,LIBRE,Non indiquée,E105-page09,DÉPART CÉDULE,,E105-page09-0054
PS1,13,15,1,1,LIBRE,Non indiquée,E105-page09,DÉPART CÉDULE,,E105-page09-0055
PS1,15,15,1,1,LIBRE,Non indiquée,E105-page09,DÉPART CÉDULE,,E105-page09-0056
PS1,17,15,1,1,LIBRE,Non indiquée,E105-page09,DÉPART CÉDULE,,E105-page09-0057
PS1,19,15,1,1,LIBRE,Non indiquée,E105-page09,DÉPART CÉDULE,,E105-page09-0058
PS1,21,15,1,1,ESPACE,Non indiquée,E105-page09,DÉPART CÉDULE,* Ligne ESPACE avec calibre indiqué : présence du disjoncteur à confirmer.,E105-page09-0059
PS1,2,15,1,1,VENTILATEUR VE-01,Non indiquée,E105-page09,DÉPART CÉDULE,,E105-page09-0060
PS1,4,15,1,1,VENTILATEUR VE-02,Non indiquée,E105-page09,DÉPART CÉDULE,,E105-page09-0061
PS1,6,15,1,1,VENTILATEUR VE-03,Non indiquée,E105-page09,DÉPART CÉDULE,,E105-page09-0062
PS1,8,15,1,1,LIBRE,Non indiquée,E105-page09,DÉPART CÉDULE,,E105-page09-0063
PS1,10,15,1,1,LIBRE,Non indiquée,E105-page09,DÉPART CÉDULE,,E105-page09-0064
PS1,12,15,1,1,LIBRE,Non indiquée,E105-page09,DÉPART CÉDULE,,E105-page09-0065
PS1,14,15,1,1,LIBRE,Non indiquée,E105-page09,DÉPART CÉDULE,,E105-page09-0066
PS1A,1,15,1,1,VENTILATEURS VE11 & VE-12,Non indiquée,E105-page09,DÉPART CÉDULE,,E105-page09-0067
PS1A,3,15,1,1,PANNEAU D’INTERCOM,Non indiquée,E105-page09,DÉPART CÉDULE,,E105-page09-0068
PS1A,5,20,1,1,PRISES TOIT (AILE GAUCHE),Non indiquée,E105-page09,DÉPART CÉDULE,,E105-page09-0069
PS1A,7,15,1,1,VOLET MOTORISÉ,Non indiquée,E105-page09,DÉPART CÉDULE,,E105-page09-0070
PS1A,9,15,1,1,PANNEAU CONTRÔLE VNT. GARAGE,Non indiquée,E105-page09,DÉPART CÉDULE,,E105-page09-0071
PS1A,11,15,1,1,VENTILATEUR VE-09,Non indiquée,E105-page09,DÉPART CÉDULE,,E105-page09-0072
PS1A,13,20,1,1,LIBRE,Non indiquée,E105-page09,DÉPART CÉDULE,,E105-page09-0073
PS1A,15,20,1,1,LIBRE,Non indiquée,E105-page09,DÉPART CÉDULE,,E105-page09-0074
PS1A,17,20,1,1,LIBRE,Non indiquée,E105-page09,DÉPART CÉDULE,,E105-page09-0075
PS1A,19,15,1,1,LIBRE,Non indiquée,E105-page09,DÉPART CÉDULE,,E105-page09-0076
PS1A,21,15,1,1,LIBRE,Non indiquée,E105-page09,DÉPART CÉDULE,,E105-page09-0077
PS1A,2,15,1,1,VENTILATEUR VE-04,Non indiquée,E105-page09,DÉPART CÉDULE,,E105-page09-0078
PS1A,4,15,1,1,VENTILATEUR VE-05,Non indiquée,E105-page09,DÉPART CÉDULE,,E105-page09-0079
PS1A,6,15,1,1,VENTILATEUR VE-06,Non indiquée,E105-page09,DÉPART CÉDULE,,E105-page09-0080
PS1A,8,15,1,1,VENTILATEUR VE-07 &08,Non indiquée,E105-page09,DÉPART CÉDULE,,E105-page09-0081
PS1A,10,15,1,1,LIBRE,Non indiquée,E105-page09,DÉPART CÉDULE,,E105-page09-0082
PS1A,12,15,1,1,LIBRE,Non indiquée,E105-page09,DÉPART CÉDULE,,E105-page09-0083
PS1A,14,15,1,1,LIBRE,Non indiquée,E105-page09,DÉPART CÉDULE,,E105-page09-0084
PS1A,16,15,1,1,LIBRE,Non indiquée,E105-page09,DÉPART CÉDULE,,E105-page09-0085
PPU,1-3-5,100,3,1,ATS-1 (PPU1),Non indiquée,E105-page09,DÉPART CÉDULE,,E105-page09-0086
PPU,7-9-11,100,3,1,ATS-2 (PPU2),Non indiquée,E105-page09,DÉPART CÉDULE,,E105-page09-0087
PPU,13-15-17,175,3,1,POMPE INCENDIE,Non indiquée,E105-page09,DÉPART CÉDULE,,E105-page09-0088
PPU,2,15,1,1,LIBRE,Non indiquée,E105-page09,DÉPART CÉDULE,,E105-page09-0089
PPU,4,15,1,1,LIBRE,Non indiquée,E105-page09,DÉPART CÉDULE,,E105-page09-0090
PPU,6,15,1,1,LIBRE,Non indiquée,E105-page09,DÉPART CÉDULE,,E105-page09-0091
PPU,8,15,1,1,LIBRE,Non indiquée,E105-page09,DÉPART CÉDULE,,E105-page09-0092
PPU1,1-3-5,40,3,1,TRANSFO PSU1 (TX-PSU1),Non indiquée,E105-page09,DÉPART CÉDULE,,E105-page09-0093
PPU1,7,20,1,1,LIBRE,Non indiquée,E105-page09,DÉPART CÉDULE,,E105-page09-0094
PPU1,9,20,1,1,LIBRE,Non indiquée,E105-page09,DÉPART CÉDULE,,E105-page09-0095
PPU1,11,20,1,1,LIBRE,Non indiquée,E105-page09,DÉPART CÉDULE,,E105-page09-0096
PPU1,13,20,1,1,LIBRE,Non indiquée,E105-page09,DÉPART CÉDULE,,E105-page09-0097
PPU1,15,20,1,1,LIBRE,Non indiquée,E105-page09,DÉPART CÉDULE,,E105-page09-0098
PPU1,17,20,1,1,LIBRE,Non indiquée,E105-page09,DÉPART CÉDULE,,E105-page09-0099
PPU1,19,20,1,1,LIBRE,Non indiquée,E105-page09,DÉPART CÉDULE,,E105-page09-0100
PPU1,21,20,1,1,LIBRE,Non indiquée,E105-page09,DÉPART CÉDULE,,E105-page09-0101
PPU1,23,20,1,1,LIBRE,Non indiquée,E105-page09,DÉPART CÉDULE,,E105-page09-0102
PPU1,2,15,1,1,ÉCLAIRAGE GARAGE,Non indiquée,E105-page09,DÉPART CÉDULE,,E105-page09-0103
PPU1,4,15,1,1,ÉCLAIRAGE GARAGE,Non indiquée,E105-page09,DÉPART CÉDULE,,E105-page09-0104
PPU1,6,15,1,1,ÉCLAIRAGE GARAGE,Non indiquée,E105-page09,DÉPART CÉDULE,,E105-page09-0105
PPU1,8,15,1,1,LIBRE,Non indiquée,E105-page09,DÉPART CÉDULE,,E105-page09-0106
PPU1,10,15,1,1,LIBRE,Non indiquée,E105-page09,DÉPART CÉDULE,,E105-page09-0107
PPU1,12,15,1,1,LIBRE,Non indiquée,E105-page09,DÉPART CÉDULE,,E105-page09-0108
PPU1,14,15,1,1,LIBRE,Non indiquée,E105-page09,DÉPART CÉDULE,,E105-page09-0109
PPU2,1-3-5,15,3,1,POMPES 1&2,Non indiquée,E105-page09,DÉPART CÉDULE,,E105-page09-0110
PPU2,7-9-11,15,3,1,POMPES 3&4,Non indiquée,E105-page09,DÉPART CÉDULE,,E105-page09-0111
PPU2,13-15-17,15,3,1,POMPES 5&6,Non indiquée,E105-page09,DÉPART CÉDULE,,E105-page09-0112
PPU2,2-4-6,15,3,1,LIBRE,Non indiquée,E105-page09,DÉPART CÉDULE,,E105-page09-0113
PPU2,8-10-12,15,3,1,LIBRE,Non indiquée,E105-page09,DÉPART CÉDULE,,E105-page09-0114
PSU1,1-3-5,30,3,1,PANNEAU PSU1A,Non indiquée,E105-page09,DÉPART CÉDULE,,E105-page09-0115
PSU1,7,20,1,1,PRISES ESCALIER #2,Non indiquée,E105-page09,DÉPART CÉDULE,,E105-page09-0116
PSU1,9,20,1,1,PRISE CORRIDOR 2E (AILE DROITE),Non indiquée,E105-page09,DÉPART CÉDULE,,E105-page09-0117
PSU1,11,20,1,1,PRISE CORRIDOR 3E (AILE DROITE),Non indiquée,E105-page09,DÉPART CÉDULE,,E105-page09-0118
PSU1,13,20,1,1,PRISE CORRIDOR 4E (AILE DROITE),Non indiquée,E105-page09,DÉPART CÉDULE,,E105-page09-0119
PSU1,15,20,1,1,PRISE LOCAL M-03 (S.SOL),Non indiquée,E105-page09,DÉPART CÉDULE,,E105-page09-0120
PSU1,17,20,1,1,PRISE LOCAL M-04 (S.SOL),Non indiquée,E105-page09,DÉPART CÉDULE,,E105-page09-0121
PSU1,19,15,1,1,PRISE VIDÉOTRON,Non indiquée,E105-page09,DÉPART CÉDULE,,E105-page09-0122
PSU1,21,15,1,1,PRISE BELL,Non indiquée,E105-page09,DÉPART CÉDULE,,E105-page09-0123
PSU1,23,20,1,1,PRISE LOCAL M-05 (S.SOL),Non indiquée,E105-page09,DÉPART CÉDULE,,E105-page09-0124
PSU1,25,20,1,1,PRISES GARAGE,Non indiquée,E105-page09,DÉPART CÉDULE,,E105-page09-0125
PSU1,27,20,1,1,LIBRE,Non indiquée,E105-page09,DÉPART CÉDULE,,E105-page09-0126
PSU1,29,20,1,1,LIBRE,Non indiquée,E105-page09,DÉPART CÉDULE,,E105-page09-0127
PSU1,31,20,1,1,LIBRE,Non indiquée,E105-page09,DÉPART CÉDULE,,E105-page09-0128
PSU1,33,20,1,1,LIBRE,Non indiquée,E105-page09,DÉPART CÉDULE,,E105-page09-0129
PSU1,35,20,1,1,LIBRE,Non indiquée,E105-page09,DÉPART CÉDULE,,E105-page09-0130
PSU1,37,20,1,1,ESPACE,Non indiquée,E105-page09,DÉPART CÉDULE,* Ligne ESPACE avec calibre indiqué : présence du disjoncteur à confirmer.,E105-page09-0131
PSU1,39,15,1,1,ESPACE,Non indiquée,E105-page09,DÉPART CÉDULE,* Ligne ESPACE avec calibre indiqué : présence du disjoncteur à confirmer.,E105-page09-0132
PSU1,41,15,1,1,ESPACE,Non indiquée,E105-page09,DÉPART CÉDULE,* Ligne ESPACE avec calibre indiqué : présence du disjoncteur à confirmer.,E105-page09-0133
PSU1,2,15,1,1,PANNEAU ALARME INCENDIE,Cadenassable peint rouge (carré plein source),E105-page09,DÉPART CÉDULE,,E105-page09-0134
PSU1,4,15,1,1,LIBRE,Non indiquée,E105-page09,DÉPART CÉDULE,,E105-page09-0135
PSU1,6,15,1,1,LIBRE,Non indiquée,E105-page09,DÉPART CÉDULE,,E105-page09-0136
PSU1,8,15,1,1,ÉCLAIRAGE ESCALIER #2,Non indiquée,E105-page09,DÉPART CÉDULE,,E105-page09-0137
PSU1,10,15,1,1,ÉCL. CORRIDOR 2E (AILE DROITE),Non indiquée,E105-page09,DÉPART CÉDULE,,E105-page09-0138
PSU1,12,15,1,1,ÉCL. CORRIDOR 3E (AILE DROITE),Non indiquée,E105-page09,DÉPART CÉDULE,,E105-page09-0139
PSU1,14,15,1,1,ÉCL. CORRIDOR 4E (AILE DROITE),Non indiquée,E105-page09,DÉPART CÉDULE,,E105-page09-0140
PSU1,16,15,1,1,ÉCL. LOCAL M-03 (S.SOL),Non indiquée,E105-page09,DÉPART CÉDULE,,E105-page09-0141
PSU1,18,15,1,1,ÉCL. LOCAL M-04 (S.SOL),Non indiquée,E105-page09,DÉPART CÉDULE,,E105-page09-0142
PSU1,20,15,1,1,BATTERIE ÉCL. URG. LOCAL M-04,Non indiquée,E105-page09,DÉPART CÉDULE,,E105-page09-0143
PSU1,22,15,1,1,ÉCL. LOCAL M-05 (S.SOL),Non indiquée,E105-page09,DÉPART CÉDULE,,E105-page09-0144
PSU1,24,15,1,1,INDICATEUR SORTIE GARAGE,Non indiquée,E105-page09,DÉPART CÉDULE,,E105-page09-0145
PSU1,26,15,1,1,LIBRE,Non indiquée,E105-page09,DÉPART CÉDULE,,E105-page09-0146
PSU1,28,15,1,1,LIBRE,Non indiquée,E105-page09,DÉPART CÉDULE,,E105-page09-0147
PSU1,30,20,1,1,LIBRE,Non indiquée,E105-page09,DÉPART CÉDULE,,E105-page09-0148
PSU1,32,20,1,1,LIBRE,Non indiquée,E105-page09,DÉPART CÉDULE,,E105-page09-0149
PSU1A,1,15,1,1,PRISES ESCALIER 1,Non indiquée,E105-page09,DÉPART CÉDULE,,E105-page09-0150
PSU1A,3,15,1,1,PRISES ESCALIER 3,Non indiquée,E105-page09,DÉPART CÉDULE,,E105-page09-0151
PSU1A,5,15,1,1,PRISE CORRIDOR 2E (AILE GAUCHE),Non indiquée,E105-page09,DÉPART CÉDULE,,E105-page09-0152
PSU1A,7,15,1,1,PRISE CORRIDOR 3E (AILE GAUCHE),Non indiquée,E105-page09,DÉPART CÉDULE,,E105-page09-0153
PSU1A,9,15,1,1,PRISE CORRIDOR 4E (AILE GAUCHE),Non indiquée,E105-page09,DÉPART CÉDULE,,E105-page09-0154
PSU1A,11,15,1,1,PRISE SAS ASCENSEUR 4E ÉTAGE (libellé source répété),Non indiquée,E105-page09,DÉPART CÉDULE,,E105-page09-0155
PSU1A,13,15,1,1,PRISE SAS ASCENSEUR 4E ÉTAGE (libellé source répété),Non indiquée,E105-page09,DÉPART CÉDULE,,E105-page09-0156
PSU1A,15,15,1,1,PRISE SAS ASCENSEUR 4E ÉTAGE (libellé source répété),Non indiquée,E105-page09,DÉPART CÉDULE,,E105-page09-0157
PSU1A,17,15,1,1,"LOCAUX EC-01,C-03 & EC-04 (RDC)",Non indiquée,E105-page09,DÉPART CÉDULE,,E105-page09-0158
PSU1A,19,15,1,1,LOCAL EC-02 (RDC),Non indiquée,E105-page09,DÉPART CÉDULE,,E105-page09-0159
PSU1A,21-23,15,2,1,PORTE DE GARAGE,Non indiquée,E105-page09,DÉPART CÉDULE,,E105-page09-0160
PSU1A,25-27,40,2,1,Ascenseur,Non indiquée,E105-page09,DÉPART CÉDULE,,E105-page09-0161
PSU1A,29,20,1,1,PRISES R-01 (SOUS-SOL),Non indiquée,E105-page09,DÉPART CÉDULE,,E105-page09-0162
PSU1A,31,20,1,1,PRISES M-06 (SOUS-SOL),Non indiquée,E105-page09,DÉPART CÉDULE,,E105-page09-0163
PSU1A,33,20,1,1,PRISES GARAGE,Non indiquée,E105-page09,DÉPART CÉDULE,,E105-page09-0164
PSU1A,35,20,1,1,PRISE CAGE ASCENSEUR,Non indiquée,E105-page09,DÉPART CÉDULE,,E105-page09-0165
PSU1A,37,20,1,1,POMPE JOCKEY,Non indiquée,E105-page09,DÉPART CÉDULE,,E105-page09-0166
PSU1A,39,20,1,1,VOLETS COUPE-FUMÉE RDC,Non indiquée,E105-page09,DÉPART CÉDULE,,E105-page09-0167
PSU1A,41,20,1,1,"VOLETS COUPE-FUMÉE 2,3,4 ÉTAGE",Non indiquée,E105-page09,DÉPART CÉDULE,,E105-page09-0168
PSU1A,43,20,1,1,LIBRE,Non indiquée,E105-page09,DÉPART CÉDULE,,E105-page09-0169
PSU1A,45,20,1,1,LIBRE,Non indiquée,E105-page09,DÉPART CÉDULE,,E105-page09-0170
PSU1A,47,20,1,1,LIBRE,Non indiquée,E105-page09,DÉPART CÉDULE,,E105-page09-0171
PSU1A,2,15,1,1,ÉCLAIRAGE ESCALIER 1,Non indiquée,E105-page09,DÉPART CÉDULE,,E105-page09-0172
PSU1A,4,15,1,1,ÉCLAIRAGE ESCALIER 3,Non indiquée,E105-page09,DÉPART CÉDULE,,E105-page09-0173
PSU1A,6,15,1,1,ÉCL. CORRIDOR 2E (AILE GAUCHE),Non indiquée,E105-page09,DÉPART CÉDULE,,E105-page09-0174
PSU1A,8,15,1,1,ÉCL. CORRIDOR 3E (AILE GAUCHE),Non indiquée,E105-page09,DÉPART CÉDULE,,E105-page09-0175
PSU1A,10,15,1,1,ÉCL. CORRIDOR 4E (AILE GAUCHE),Non indiquée,E105-page09,DÉPART CÉDULE,,E105-page09-0176
PSU1A,12,15,1,1,ÉCL. SAS ASCENSEUR 4E ÉTAGE,Non indiquée,E105-page09,DÉPART CÉDULE,,E105-page09-0177
PSU1A,14,15,1,1,ÉCL. SAS ASCENSEUR 3E ÉTAGE,Non indiquée,E105-page09,DÉPART CÉDULE,,E105-page09-0178
PSU1A,16,15,1,1,ÉCL. SAS ASCENSEUR 2E ÉTAGE,Non indiquée,E105-page09,DÉPART CÉDULE,,E105-page09-0179
PSU1A,18,15,1,1,ÉCL. SAS ASCENSEUR S.SOL,Non indiquée,E105-page09,DÉPART CÉDULE,,E105-page09-0180
PSU1A,20,15,1,1,ÉCL. LOCAUX M-01 & M-02,Non indiquée,E105-page09,DÉPART CÉDULE,,E105-page09-0181
PSU1A,22,15,1,1,BATTERIE ÉCL. LOCAL M-01,Non indiquée,E105-page09,DÉPART CÉDULE,,E105-page09-0182
PSU1A,24,15,1,1,"ÉCL. LOCAUX M-06,R-52 & R-53",Non indiquée,E105-page09,DÉPART CÉDULE,,E105-page09-0183
PSU1A,26,15,1,1,ÉCL. RDC ENTRÉE,Non indiquée,E105-page09,DÉPART CÉDULE,,E105-page09-0184
PSU1A,28,15,1,1,INDICATEUR SORTIE GARAGE,Non indiquée,E105-page09,DÉPART CÉDULE,,E105-page09-0185
PSU1A,30,15,1,1,ÉCLAIRAGE DESCENTE GARAGE,Non indiquée,E105-page09,DÉPART CÉDULE,,E105-page09-0186
PSU1A,32,15,1,1,ÉCLAIRAGE ENTRÉE EXT. RDC,Non indiquée,E105-page09,DÉPART CÉDULE,,E105-page09-0187
PSU1A,34,15,1,1,ÉCLAIRAGE CAGE ASCENSEUR,Non indiquée,E105-page09,DÉPART CÉDULE,,E105-page09-0188
PSU1A,36,15,1,1,ÉCL. RDC ENTRÉE,Non indiquée,E105-page09,DÉPART CÉDULE,,E105-page09-0189
PSU1A,38,15,1,1,ÉCL. RDC ENTRÉE,Non indiquée,E105-page09,DÉPART CÉDULE,,E105-page09-0190
PSU1A,40,15,1,1,LIBRE,Non indiquée,E105-page09,DÉPART CÉDULE,,E105-page09-0191
PSU1A,42,15,1,1,LIBRE,Non indiquée,E105-page09,DÉPART CÉDULE,,E105-page09-0192
PSU1A,44,20,1,1,LIBRE,Non indiquée,E105-page09,DÉPART CÉDULE,,E105-page09-0193
PSU1A,46,20,1,1,LIBRE,Non indiquée,E105-page09,DÉPART CÉDULE,,E105-page09-0194
PP1,PRINCIPAL,600,,1,Disjoncteur principal 600 A,Non indiquée,E105-page09,PRINCIPAL,* Nombre de pôles du principal non indiqué; quantité distincte des départs.,E105-page09-0195
PP1A,PRINCIPAL,200,,1,Disjoncteur principal 200 A,Non indiquée,E105-page09,PRINCIPAL,* Nombre de pôles du principal non indiqué; quantité distincte des départs.,E105-page09-0196
PS1A,PRINCIPAL,100,,1,Disjoncteur principal 100 A,Non indiquée,E105-page09,PRINCIPAL,* Nombre de pôles du principal non indiqué; quantité distincte des départs.,E105-page09-0197
