Repère / source,Matériel,Désignation,Qté,Portée,Modèle,Prescription / réserve,Parent,X source px,Y source px
EX-M-DT05-001,Caméra — détail type,Caméra dôme intérieure au plafond; conduit 27 mm vers chemin; câble CAT6 maximum 5 m; sortie DATA RJ45 en surface,0,DÉTAIL TYPE / RENVOI — quantité de projet non déduite,MODÈLE NON PRÉCISÉ,,Détail 11,996.8,789.8
EX-M-DT05-002,Caméra — détail type,"Caméra dôme intérieure murale — vue de côté; conduit 21 mm, boîte de tirage fin de course 100×100; CAT6 max. 5 m; applicable avec plafond gypse",0,DÉTAIL TYPE / RENVOI — quantité de projet non déduite,MODÈLE NON PRÉCISÉ,,Détail 12,2299.3,861.0
EX-M-DT05-003,Caméra — détail type,"Même caméra murale, vue de face : ne pas doubler la caméra de la vue de côté",0,DÉTAIL TYPE / RENVOI — quantité de projet non déduite,MODÈLE NON PRÉCISÉ,,Détail 12,3251.9,861.0
EX-M-DT05-004,Caméra — détail type,Caméra dôme fixe encastrée; support adapté au site; CAT6 sous conduit 25 mm,0,DÉTAIL TYPE / RENVOI — quantité de projet non déduite,MODÈLE NON PRÉCISÉ,,Détail 13,4833.1,809.2
EX-M-DT05-005,Caméra — détail type,Caméra dôme suspendue; boîte électrique et CAT6 sous conduit 27 mm; longueur selon obstacles,0,DÉTAIL TYPE / RENVOI — quantité de projet non déduite,MODÈLE NON PRÉCISÉ,,Détail 14,6239.3,789.8
EX-M-DT05-006,Accès — détail type,MRA sur alimentation; conduits 19 mm sauf indication; liaison contrôleur 35 mm selon remplissage; position selon architecture,0,DÉTAIL TYPE / RENVOI — quantité de projet non déduite,MODÈLE NON PRÉCISÉ,,Détail 15,651.0,2124.0
EX-M-DT05-007,Accès — détail type,Boîtier alimentation dans la pièce du contrôleur; conduits 19 mm sauf indication; liaison contrôleur 35 mm selon remplissage; position selon architecture,0,DÉTAIL TYPE / RENVOI — quantité de projet non déduite,MODÈLE NON PRÉCISÉ,,Détail 15,791.7,2037.5
EX-M-DT05-008,Accès — détail type,Boîte de jonction; conduits 19 mm sauf indication; liaison contrôleur 35 mm selon remplissage; position selon architecture,0,DÉTAIL TYPE / RENVOI — quantité de projet non déduite,MODÈLE NON PRÉCISÉ,,Détail 15,889.0,2102.4
EX-M-DT05-009,Accès — détail type,Retenue de porte; conduits 19 mm sauf indication; liaison contrôleur 35 mm selon remplissage; position selon architecture,0,DÉTAIL TYPE / RENVOI — quantité de projet non déduite,MODÈLE NON PRÉCISÉ,,Détail 15,1252.5,2182.5
EX-M-DT05-010,Accès — détail type,Détecteur de mouvement pour requête de sortie; conduits 19 mm sauf indication; liaison contrôleur 35 mm selon remplissage; position selon architecture,0,DÉTAIL TYPE / RENVOI — quantité de projet non déduite,MODÈLE NON PRÉCISÉ,,Détail 15,992.9,2227.9
EX-M-DT05-011,Accès — détail type,Avertisseur sonore; conduits 19 mm sauf indication; liaison contrôleur 35 mm selon remplissage; position selon architecture,0,DÉTAIL TYPE / RENVOI — quantité de projet non déduite,MODÈLE NON PRÉCISÉ,,Détail 15,912.8,2275.5
EX-M-DT05-012,Accès — détail type,Opérateur de porte motorisée; conduits 19 mm sauf indication; liaison contrôleur 35 mm selon remplissage; position selon architecture,0,DÉTAIL TYPE / RENVOI — quantité de projet non déduite,MODÈLE NON PRÉCISÉ,,Détail 15,923.6,2346.9
EX-M-DT05-013,Accès — détail type,Contact de porte; conduits 19 mm sauf indication; liaison contrôleur 35 mm selon remplissage; position selon architecture,0,DÉTAIL TYPE / RENVOI — quantité de projet non déduite,MODÈLE NON PRÉCISÉ,,Détail 15,832.8,2416.1
EX-M-DT05-014,Accès — détail type,Transfert de courant ou charnière électrifiée; conduits 19 mm sauf indication; liaison contrôleur 35 mm selon remplissage; position selon architecture,0,DÉTAIL TYPE / RENVOI — quantité de projet non déduite,MODÈLE NON PRÉCISÉ,,Détail 15,1053.4,2537.3
EX-M-DT05-015,Accès — détail type,Gâche électrique; conduits 19 mm sauf indication; liaison contrôleur 35 mm selon remplissage; position selon architecture,0,DÉTAIL TYPE / RENVOI — quantité de projet non déduite,MODÈLE NON PRÉCISÉ,,Détail 15,789.5,2621.6
EX-M-DT05-016,Accès — détail type,Bouton de requête de sortie; conduits 19 mm sauf indication; liaison contrôleur 35 mm selon remplissage; position selon architecture,0,DÉTAIL TYPE / RENVOI — quantité de projet non déduite,MODÈLE NON PRÉCISÉ,,Détail 15,713.8,2723.3
EX-M-DT05-017,Accès — détail type,Lecteur de carte; conduits 19 mm sauf indication; liaison contrôleur 35 mm selon remplissage; position selon architecture,0,DÉTAIL TYPE / RENVOI — quantité de projet non déduite,MODÈLE NON PRÉCISÉ,,Détail 15,614.3,2792.5
EX-M-DT05-018,Accès — détail type,Interrupteur à clé — variante OU; conduits 19 mm sauf indication; liaison contrôleur 35 mm selon remplissage; position selon architecture,0,DÉTAIL TYPE / RENVOI — quantité de projet non déduite,MODÈLE NON PRÉCISÉ,,Détail 15,592.6,2853.1
EX-M-DT05-019,Accès — détail type,Commande opérateur motorisé; conduits 19 mm sauf indication; liaison contrôleur 35 mm selon remplissage; position selon architecture,0,DÉTAIL TYPE / RENVOI — quantité de projet non déduite,MODÈLE NON PRÉCISÉ,,Détail 15,752.7,2775.2
EX-M-DT05-020,Accès — détail type,Commande opérateur motorisé; conduits 19 mm sauf indication; liaison contrôleur 35 mm selon remplissage; position selon architecture,0,DÉTAIL TYPE / RENVOI — quantité de projet non déduite,MODÈLE NON PRÉCISÉ,,Détail 15,791.7,2851.0
EX-M-DT05-021,Accès — détail type,Barre panique électrifiée; conduits 19 mm sauf indication; liaison contrôleur 35 mm selon remplissage; position selon architecture,0,DÉTAIL TYPE / RENVOI — quantité de projet non déduite,MODÈLE NON PRÉCISÉ,,Détail 15,975.6,2610.8
EX-M-DT05-022,Accès — détail type,MRA sur alimentation; conduits 19 mm sauf indication; liaison contrôleur 35 mm selon remplissage; position selon architecture,0,DÉTAIL TYPE / RENVOI — quantité de projet non déduite,MODÈLE NON PRÉCISÉ,,Détail 16,3162.8,2165.1
EX-M-DT05-023,Accès — détail type,Boîtier alimentation dans la pièce du contrôleur; conduits 19 mm sauf indication; liaison contrôleur 35 mm selon remplissage; position selon architecture,0,DÉTAIL TYPE / RENVOI — quantité de projet non déduite,MODÈLE NON PRÉCISÉ,,Détail 16,3301.3,2070.0
EX-M-DT05-024,Accès — détail type,Boîte de jonction; conduits 19 mm sauf indication; liaison contrôleur 35 mm selon remplissage; position selon architecture,0,DÉTAIL TYPE / RENVOI — quantité de projet non déduite,MODÈLE NON PRÉCISÉ,,Détail 16,3398.6,2143.5
EX-M-DT05-025,Accès — détail type,Retenue de porte; conduits 19 mm sauf indication; liaison contrôleur 35 mm selon remplissage; position selon architecture,0,DÉTAIL TYPE / RENVOI — quantité de projet non déduite,MODÈLE NON PRÉCISÉ,,Détail 16,3846.4,2178.1
EX-M-DT05-026,Accès — détail type,Détecteur de mouvement pour requête de sortie; conduits 19 mm sauf indication; liaison contrôleur 35 mm selon remplissage; position selon architecture,0,DÉTAIL TYPE / RENVOI — quantité de projet non déduite,MODÈLE NON PRÉCISÉ,,Détail 16,3580.3,2238.7
EX-M-DT05-027,Accès — détail type,Avertisseur sonore; conduits 19 mm sauf indication; liaison contrôleur 35 mm selon remplissage; position selon architecture,0,DÉTAIL TYPE / RENVOI — quantité de projet non déduite,MODÈLE NON PRÉCISÉ,,Détail 16,3467.8,2359.9
EX-M-DT05-028,Accès — détail type,Opérateur de porte motorisée — vantail gauche; conduits 19 mm sauf indication; liaison contrôleur 35 mm selon remplissage; position selon architecture,0,DÉTAIL TYPE / RENVOI — quantité de projet non déduite,MODÈLE NON PRÉCISÉ,,Détail 16,3251.5,2487.5
EX-M-DT05-029,Accès — détail type,Opérateur de porte motorisée — vantail droit; conduits 19 mm sauf indication; liaison contrôleur 35 mm selon remplissage; position selon architecture,0,DÉTAIL TYPE / RENVOI — quantité de projet non déduite,MODÈLE NON PRÉCISÉ,,Détail 16,3550.1,2333.9
EX-M-DT05-030,Accès — détail type,Contact de porte — vantail gauche; conduits 19 mm sauf indication; liaison contrôleur 35 mm selon remplissage; position selon architecture,0,DÉTAIL TYPE / RENVOI — quantité de projet non déduite,MODÈLE NON PRÉCISÉ,,Détail 16,3355.3,2420.4
EX-M-DT05-031,Accès — détail type,Contact de porte — vantail droit; conduits 19 mm sauf indication; liaison contrôleur 35 mm selon remplissage; position selon architecture,0,DÉTAIL TYPE / RENVOI — quantité de projet non déduite,MODÈLE NON PRÉCISÉ,,Détail 16,3435.4,2375.0
EX-M-DT05-032,Accès — détail type,Transfert de courant ou charnière électrifiée; conduits 19 mm sauf indication; liaison contrôleur 35 mm selon remplissage; position selon architecture,0,DÉTAIL TYPE / RENVOI — quantité de projet non déduite,MODÈLE NON PRÉCISÉ,,Détail 16,3686.3,2548.1
EX-M-DT05-033,Accès — détail type,Gâche électrique; conduits 19 mm sauf indication; liaison contrôleur 35 mm selon remplissage; position selon architecture,0,DÉTAIL TYPE / RENVOI — quantité de projet non déduite,MODÈLE NON PRÉCISÉ,,Détail 16,3422.4,2673.6
EX-M-DT05-034,Accès — détail type,Bouton de requête de sortie; conduits 19 mm sauf indication; liaison contrôleur 35 mm selon remplissage; position selon architecture,0,DÉTAIL TYPE / RENVOI — quantité de projet non déduite,MODÈLE NON PRÉCISÉ,,Détail 16,3063.3,2863.9
EX-M-DT05-035,Accès — détail type,Lecteur de carte; conduits 19 mm sauf indication; liaison contrôleur 35 mm selon remplissage; position selon architecture,0,DÉTAIL TYPE / RENVOI — quantité de projet non déduite,MODÈLE NON PRÉCISÉ,,Détail 16,2963.8,2935.3
EX-M-DT05-036,Accès — détail type,Interrupteur à clé — variante OU; conduits 19 mm sauf indication; liaison contrôleur 35 mm selon remplissage; position selon architecture,0,DÉTAIL TYPE / RENVOI — quantité de projet non déduite,MODÈLE NON PRÉCISÉ,,Détail 16,2937.8,3000.2
EX-M-DT05-037,Accès — détail type,Commande opérateur motorisé; conduits 19 mm sauf indication; liaison contrôleur 35 mm selon remplissage; position selon architecture,0,DÉTAIL TYPE / RENVOI — quantité de projet non déduite,MODÈLE NON PRÉCISÉ,,Détail 16,3104.4,2922.4
EX-M-DT05-038,Accès — détail type,Commande opérateur motorisé; conduits 19 mm sauf indication; liaison contrôleur 35 mm selon remplissage; position selon architecture,0,DÉTAIL TYPE / RENVOI — quantité de projet non déduite,MODÈLE NON PRÉCISÉ,,Détail 16,3139.0,3008.9
EX-M-DT05-039,Accès — détail type,Barre panique électrifiée; conduits 19 mm sauf indication; liaison contrôleur 35 mm selon remplissage; position selon architecture,0,DÉTAIL TYPE / RENVOI — quantité de projet non déduite,MODÈLE NON PRÉCISÉ,,Détail 16,3550.1,2623.8
EX-M-DT05-040,Caniveau de sol — détail,Monument de raccordement pouvoir et TEL/DATA de partition préfilée,0,DÉTAIL TYPE / RENVOI — quantité de projet non déduite,WELMARK FA2-00-B-P-C,,Détail 17,5884.0,2112.3
EX-M-DT05-041,Caniveau de sol — détail,"Caniveau en surface sous tapis, couvercle noir, adaptateur et rampes de transition",0,DÉTAIL TYPE / RENVOI — quantité de projet non déduite,CONNECTRAC série STANDARD,,Détail 17,6264.8,2112.3
EX-M-DT05-042,Caniveau de sol — détail,Extrémité / transition; conduit 1½ po DATA et audio-vidéo vers entreplafond; câble électrique et 1#6-V vers étagère à câbles,0,DÉTAIL TYPE / RENVOI — quantité de projet non déduite,CONNECTRAC,,Détail 17,6676.5,2112.3
EX-M-DT05-043,Contrôle — montage type,Auget de répartition / caniveau,0,DÉTAIL TYPE / RENVOI — quantité de projet non déduite,MODÈLE NON PRÉCISÉ,,Détail 18,1082.4,4341.9
EX-M-DT05-044,Contrôle — montage type,Panneau de contrôle de porte — exemple 1,0,DÉTAIL TYPE / RENVOI — quantité de projet non déduite,MODÈLE NON PRÉCISÉ,,Détail 18,933.3,4607.5
EX-M-DT05-045,Contrôle — montage type,Panneau de contrôle de porte — exemple 2,0,DÉTAIL TYPE / RENVOI — quantité de projet non déduite,MODÈLE NON PRÉCISÉ,,Détail 18,1229.5,4605.4
EX-M-DT05-046,Contrôle — montage type,"Conduits 35 mm vers portes, quantité selon nombre de portes",0,DÉTAIL TYPE / RENVOI — quantité de projet non déduite,MODÈLE NON PRÉCISÉ,,Détail 18,1225.4,4119.3
EX-M-DT05-047,Contrôle — montage type,Contreplaqué ignifuge,0,DÉTAIL TYPE / RENVOI — quantité de projet non déduite,MODÈLE NON PRÉCISÉ,,Détail 18,1390.9,4793.4
EX-M-DT05-048,PCP — renvoi diagramme,Contrôleur avec lien IP et départ vers portes de l’étage — IDF 4.48,0,DÉTAIL TYPE / RENVOI — quantité de projet non déduite,MODÈLE NON PRÉCISÉ,Nombre de boîtiers physiques à confirmer au plan agrandi; ne pas ajouter ce symbole aux panneaux déjà représentés.,Diagramme 01,3597.0,4227.5
EX-M-DT05-049,PCP — renvoi diagramme,Contrôleur avec lien IP et départ vers portes de l’étage — IDF 3.54,0,DÉTAIL TYPE / RENVOI — quantité de projet non déduite,MODÈLE NON PRÉCISÉ,Nombre de boîtiers physiques à confirmer au plan agrandi; ne pas ajouter ce symbole aux panneaux déjà représentés.,Diagramme 01,3597.0,4519.6
EX-M-DT05-050,PCP — renvoi diagramme,Contrôleur avec lien IP et départ vers portes de l’étage — MDF 1.34,0,DÉTAIL TYPE / RENVOI — quantité de projet non déduite,MODÈLE NON PRÉCISÉ,Nombre de boîtiers physiques à confirmer au plan agrandi; ne pas ajouter ce symbole aux panneaux déjà représentés.,Diagramme 01,3597.0,4809.7
EX-M-DT05-051,Détecteur requête sortie — groupe type,Détecteur requête sortie par groupe de porte 01,1,DÉTAIL TYPE / RENVOI — quantité de projet non déduite,MODÈLE NON PRÉCISÉ,"Quantité PAR GROUPE TYPE, pas nombre de portes du projet; recouper les groupes aux plans et à l’architecture.",Table groupe 01,6045.2,4169.3
EX-M-DT05-052,Détecteur requête sortie — groupe type,Détecteur requête sortie par groupe de porte 03,1,DÉTAIL TYPE / RENVOI — quantité de projet non déduite,MODÈLE NON PRÉCISÉ,"Quantité PAR GROUPE TYPE, pas nombre de portes du projet; recouper les groupes aux plans et à l’architecture.",Table groupe 03,6136.6,4169.3
EX-M-DT05-053,Détecteur requête sortie — groupe type,Détecteur requête sortie par groupe de porte 05,1,DÉTAIL TYPE / RENVOI — quantité de projet non déduite,MODÈLE NON PRÉCISÉ,"Quantité PAR GROUPE TYPE, pas nombre de portes du projet; recouper les groupes aux plans et à l’architecture.",Table groupe 05,6223.8,4169.3
EX-M-DT05-054,Détecteur requête sortie — groupe type,Détecteur requête sortie par groupe de porte 06,1,DÉTAIL TYPE / RENVOI — quantité de projet non déduite,MODÈLE NON PRÉCISÉ,"Quantité PAR GROUPE TYPE, pas nombre de portes du projet; recouper les groupes aux plans et à l’architecture.",Table groupe 06,6314.1,4169.3
EX-M-DT05-055,Détecteur requête sortie — groupe type,Détecteur requête sortie par groupe de porte 08,1,DÉTAIL TYPE / RENVOI — quantité de projet non déduite,MODÈLE NON PRÉCISÉ,"Quantité PAR GROUPE TYPE, pas nombre de portes du projet; recouper les groupes aux plans et à l’architecture.",Table groupe 08,6404.5,4169.3
EX-M-DT05-056,Détecteur requête sortie — groupe type,Détecteur requête sortie par groupe de porte 09,1,DÉTAIL TYPE / RENVOI — quantité de projet non déduite,MODÈLE NON PRÉCISÉ,"Quantité PAR GROUPE TYPE, pas nombre de portes du projet; recouper les groupes aux plans et à l’architecture.",Table groupe 09,6494.8,4169.3
EX-M-DT05-057,Détecteur requête sortie — groupe type,Détecteur requête sortie par groupe de porte 13,1,DÉTAIL TYPE / RENVOI — quantité de projet non déduite,MODÈLE NON PRÉCISÉ,"Quantité PAR GROUPE TYPE, pas nombre de portes du projet; recouper les groupes aux plans et à l’architecture.",Table groupe 13,6585.1,4169.3
EX-M-DT05-058,Détecteur requête sortie — groupe type,Détecteur requête sortie par groupe de porte 14,1,DÉTAIL TYPE / RENVOI — quantité de projet non déduite,MODÈLE NON PRÉCISÉ,"Quantité PAR GROUPE TYPE, pas nombre de portes du projet; recouper les groupes aux plans et à l’architecture.",Table groupe 14,6673.4,4169.3
EX-M-DT05-059,Contact magnétique — groupe type,Contact magnétique par groupe de porte 01,2,DÉTAIL TYPE / RENVOI — quantité de projet non déduite,MODÈLE NON PRÉCISÉ,"Quantité PAR GROUPE TYPE, pas nombre de portes du projet; recouper les groupes aux plans et à l’architecture.",Table groupe 01,6045.2,4247.3
EX-M-DT05-060,Contact magnétique — groupe type,Contact magnétique par groupe de porte 03,1,DÉTAIL TYPE / RENVOI — quantité de projet non déduite,MODÈLE NON PRÉCISÉ,"Quantité PAR GROUPE TYPE, pas nombre de portes du projet; recouper les groupes aux plans et à l’architecture.",Table groupe 03,6136.6,4247.3
EX-M-DT05-061,Contact magnétique — groupe type,Contact magnétique par groupe de porte 05,1,DÉTAIL TYPE / RENVOI — quantité de projet non déduite,MODÈLE NON PRÉCISÉ,"Quantité PAR GROUPE TYPE, pas nombre de portes du projet; recouper les groupes aux plans et à l’architecture.",Table groupe 05,6223.8,4247.3
EX-M-DT05-062,Contact magnétique — groupe type,Contact magnétique par groupe de porte 06,2,DÉTAIL TYPE / RENVOI — quantité de projet non déduite,MODÈLE NON PRÉCISÉ,"Quantité PAR GROUPE TYPE, pas nombre de portes du projet; recouper les groupes aux plans et à l’architecture.",Table groupe 06,6314.1,4247.3
EX-M-DT05-063,Contact magnétique — groupe type,Contact magnétique par groupe de porte 08,1,DÉTAIL TYPE / RENVOI — quantité de projet non déduite,MODÈLE NON PRÉCISÉ,"Quantité PAR GROUPE TYPE, pas nombre de portes du projet; recouper les groupes aux plans et à l’architecture.",Table groupe 08,6404.5,4247.3
EX-M-DT05-064,Contact magnétique — groupe type,Contact magnétique par groupe de porte 09,1,DÉTAIL TYPE / RENVOI — quantité de projet non déduite,MODÈLE NON PRÉCISÉ,"Quantité PAR GROUPE TYPE, pas nombre de portes du projet; recouper les groupes aux plans et à l’architecture.",Table groupe 09,6494.8,4247.3
EX-M-DT05-065,Contact magnétique — groupe type,Contact magnétique par groupe de porte 13,1,DÉTAIL TYPE / RENVOI — quantité de projet non déduite,MODÈLE NON PRÉCISÉ,"Quantité PAR GROUPE TYPE, pas nombre de portes du projet; recouper les groupes aux plans et à l’architecture.",Table groupe 13,6585.1,4247.3
EX-M-DT05-066,Contact magnétique — groupe type,Contact magnétique par groupe de porte 14,1,DÉTAIL TYPE / RENVOI — quantité de projet non déduite,MODÈLE NON PRÉCISÉ,"Quantité PAR GROUPE TYPE, pas nombre de portes du projet; recouper les groupes aux plans et à l’architecture.",Table groupe 14,6673.4,4247.3
EX-M-DT05-067,Lecteur carte — groupe type,Lecteur carte par groupe de porte 01,1,DÉTAIL TYPE / RENVOI — quantité de projet non déduite,MODÈLE NON PRÉCISÉ,"Quantité PAR GROUPE TYPE, pas nombre de portes du projet; recouper les groupes aux plans et à l’architecture.",Table groupe 01,6045.2,4327.3
EX-M-DT05-068,Lecteur carte — groupe type,Lecteur carte par groupe de porte 03,1,DÉTAIL TYPE / RENVOI — quantité de projet non déduite,MODÈLE NON PRÉCISÉ,"Quantité PAR GROUPE TYPE, pas nombre de portes du projet; recouper les groupes aux plans et à l’architecture.",Table groupe 03,6136.6,4327.3
EX-M-DT05-069,Lecteur carte — groupe type,Lecteur carte par groupe de porte 05,1,DÉTAIL TYPE / RENVOI — quantité de projet non déduite,MODÈLE NON PRÉCISÉ,"Quantité PAR GROUPE TYPE, pas nombre de portes du projet; recouper les groupes aux plans et à l’architecture.",Table groupe 05,6223.8,4327.3
EX-M-DT05-070,Lecteur carte — groupe type,Lecteur carte par groupe de porte 06,1,DÉTAIL TYPE / RENVOI — quantité de projet non déduite,MODÈLE NON PRÉCISÉ,"Quantité PAR GROUPE TYPE, pas nombre de portes du projet; recouper les groupes aux plans et à l’architecture.",Table groupe 06,6314.1,4327.3
EX-M-DT05-071,Lecteur carte — groupe type,Lecteur carte par groupe de porte 08,1,DÉTAIL TYPE / RENVOI — quantité de projet non déduite,MODÈLE NON PRÉCISÉ,"Quantité PAR GROUPE TYPE, pas nombre de portes du projet; recouper les groupes aux plans et à l’architecture.",Table groupe 08,6404.5,4327.3
EX-M-DT05-072,Lecteur carte — groupe type,Lecteur carte par groupe de porte 09,1,DÉTAIL TYPE / RENVOI — quantité de projet non déduite,MODÈLE NON PRÉCISÉ,"Quantité PAR GROUPE TYPE, pas nombre de portes du projet; recouper les groupes aux plans et à l’architecture.",Table groupe 09,6494.8,4327.3
EX-M-DT05-073,Lecteur carte — groupe type,Lecteur carte par groupe de porte 13,1,DÉTAIL TYPE / RENVOI — quantité de projet non déduite,MODÈLE NON PRÉCISÉ,"Quantité PAR GROUPE TYPE, pas nombre de portes du projet; recouper les groupes aux plans et à l’architecture.",Table groupe 13,6585.1,4327.3
EX-M-DT05-074,Lecteur carte — groupe type,Lecteur carte par groupe de porte 14,1,DÉTAIL TYPE / RENVOI — quantité de projet non déduite,MODÈLE NON PRÉCISÉ,"Quantité PAR GROUPE TYPE, pas nombre de portes du projet; recouper les groupes aux plans et à l’architecture.",Table groupe 14,6673.4,4327.3
EX-M-DT05-075,Gâche électrique — groupe type,Gâche électrique par groupe de porte 01,1,DÉTAIL TYPE / RENVOI — quantité de projet non déduite,MODÈLE NON PRÉCISÉ,"Quantité PAR GROUPE TYPE, pas nombre de portes du projet; recouper les groupes aux plans et à l’architecture.",Table groupe 01,6045.2,4405.3
EX-M-DT05-076,Gâche électrique — groupe type,Gâche électrique par groupe de porte 03,1,DÉTAIL TYPE / RENVOI — quantité de projet non déduite,MODÈLE NON PRÉCISÉ,"Quantité PAR GROUPE TYPE, pas nombre de portes du projet; recouper les groupes aux plans et à l’architecture.",Table groupe 03,6136.6,4405.3
EX-M-DT05-077,Gâche électrique — groupe type,Gâche électrique par groupe de porte 05,1,DÉTAIL TYPE / RENVOI — quantité de projet non déduite,MODÈLE NON PRÉCISÉ,"Quantité PAR GROUPE TYPE, pas nombre de portes du projet; recouper les groupes aux plans et à l’architecture.",Table groupe 05,6223.8,4405.3
EX-M-DT05-078,Gâche électrique — groupe type,Gâche électrique par groupe de porte 06,1,DÉTAIL TYPE / RENVOI — quantité de projet non déduite,MODÈLE NON PRÉCISÉ,"Quantité PAR GROUPE TYPE, pas nombre de portes du projet; recouper les groupes aux plans et à l’architecture.",Table groupe 06,6314.1,4405.3
EX-M-DT05-079,Gâche électrique — groupe type,Gâche électrique par groupe de porte 08,1,DÉTAIL TYPE / RENVOI — quantité de projet non déduite,MODÈLE NON PRÉCISÉ,"Quantité PAR GROUPE TYPE, pas nombre de portes du projet; recouper les groupes aux plans et à l’architecture.",Table groupe 08,6404.5,4405.3
EX-M-DT05-080,Gâche électrique — groupe type,Gâche électrique par groupe de porte 09,1,DÉTAIL TYPE / RENVOI — quantité de projet non déduite,MODÈLE NON PRÉCISÉ,"Quantité PAR GROUPE TYPE, pas nombre de portes du projet; recouper les groupes aux plans et à l’architecture.",Table groupe 09,6494.8,4405.3
EX-M-DT05-081,Gâche électrique — groupe type,Gâche électrique par groupe de porte 13,1,DÉTAIL TYPE / RENVOI — quantité de projet non déduite,MODÈLE NON PRÉCISÉ,"Quantité PAR GROUPE TYPE, pas nombre de portes du projet; recouper les groupes aux plans et à l’architecture.",Table groupe 13,6585.1,4405.3
EX-M-DT05-082,Gâche électrique — groupe type,Gâche électrique par groupe de porte 14,1,DÉTAIL TYPE / RENVOI — quantité de projet non déduite,MODÈLE NON PRÉCISÉ,"Quantité PAR GROUPE TYPE, pas nombre de portes du projet; recouper les groupes aux plans et à l’architecture.",Table groupe 14,6673.4,4405.3
EX-M-DT05-083,Transfert courant — groupe type,Transfert courant par groupe de porte 01,1,DÉTAIL TYPE / RENVOI — quantité de projet non déduite,MODÈLE NON PRÉCISÉ,"Quantité PAR GROUPE TYPE, pas total projet.",Table groupe 01,6045.2,4484.4
EX-M-DT05-084,Transfert courant — groupe type,Transfert courant par groupe de porte 06,1,DÉTAIL TYPE / RENVOI — quantité de projet non déduite,MODÈLE NON PRÉCISÉ,"Quantité PAR GROUPE TYPE, pas total projet.",Table groupe 06,6314.1,4484.4
EX-M-DT05-085,Déverrouillage distant — groupe type,Déverrouillage distant par groupe de porte 05,1,DÉTAIL TYPE / RENVOI — quantité de projet non déduite,MODÈLE NON PRÉCISÉ,"Quantité PAR GROUPE TYPE, pas total projet.",Table groupe 05,6223.8,4563.4
EX-M-DT05-086,MRA — groupe type,MRA par groupe de porte 03,1,DÉTAIL TYPE / RENVOI — quantité de projet non déduite,MODÈLE NON PRÉCISÉ,"Quantité PAR GROUPE TYPE, pas total projet.",Table groupe 03,6136.6,4642.4
EX-M-DT05-087,MRA — groupe type,MRA par groupe de porte 05,1,DÉTAIL TYPE / RENVOI — quantité de projet non déduite,MODÈLE NON PRÉCISÉ,"Quantité PAR GROUPE TYPE, pas total projet.",Table groupe 05,6223.8,4642.4
EX-M-DT05-088,Accès — détail type,"Commande supplémentaire pour opérateur motorisé dans la représentation de porte double; détail type, sans quantité projet",0,DÉTAIL TYPE / RENVOI — quantité de projet non déduite,MODÈLE NON PRÉCISÉ,,Détail 16,3141.2,2768.7
