Repère / source,Matériel,Désignation,Qté,Portée,Modèle,Prescription / réserve,Parent,X source px,Y source px
EX-E-PE01-001,Existant 20 A / 1P,S1 — circuits 1,1,CONSERVER / RÉFÉRENCE EXISTANTE — aucun achat déduit,MODÈLE NON PRÉCISÉ,,S1,795.3,444.8
EX-E-PE01-002,Existant 20 A / 1P,S1 — circuits 2,1,CONSERVER / RÉFÉRENCE EXISTANTE — aucun achat déduit,MODÈLE NON PRÉCISÉ,,S1,910.5,444.8
EX-E-PE01-003,Existant 20 A / 1P,S1 — circuits 5,1,CONSERVER / RÉFÉRENCE EXISTANTE — aucun achat déduit,MODÈLE NON PRÉCISÉ,,S1,795.3,530.3
EX-E-PE01-004,Existant 15 A / 1P,S1 — circuits 7,1,CONSERVER / RÉFÉRENCE EXISTANTE — aucun achat déduit,MODÈLE NON PRÉCISÉ,,S1,795.3,573.1
EX-E-PE01-005,Existant 15 A / 1P,S1 — circuits 8,1,CONSERVER / RÉFÉRENCE EXISTANTE — aucun achat déduit,MODÈLE NON PRÉCISÉ,,S1,910.5,573.1
EX-E-PE01-006,Existant 15 A / 1P,S1 — circuits 9,1,CONSERVER / RÉFÉRENCE EXISTANTE — aucun achat déduit,MODÈLE NON PRÉCISÉ,,S1,795.3,615.9
EX-E-PE01-007,Existant 40 A / 2P,"S1 — circuits 10,12",1,CONSERVER / RÉFÉRENCE EXISTANTE — aucun achat déduit,MODÈLE NON PRÉCISÉ,,S1,910.5,615.9
EX-E-PE01-008,Existant 20 A / 1P,S1 — circuits 11,1,CONSERVER / RÉFÉRENCE EXISTANTE — aucun achat déduit,MODÈLE NON PRÉCISÉ,,S1,795.3,658.7
EX-E-PE01-009,Existant 20 A / 1P,S1 — circuits 16,1,CONSERVER / RÉFÉRENCE EXISTANTE — aucun achat déduit,MODÈLE NON PRÉCISÉ,,S1,910.5,744.3
EX-E-PE01-010,Existant 15 A / 1P,S1 — circuits 17,1,CONSERVER / RÉFÉRENCE EXISTANTE — aucun achat déduit,MODÈLE NON PRÉCISÉ,,S1,795.3,787.0
EX-E-PE01-011,Existant 20 A / 1P,S1 — circuits 18,1,CONSERVER / RÉFÉRENCE EXISTANTE — aucun achat déduit,MODÈLE NON PRÉCISÉ,,S1,910.5,787.0
EX-E-PE01-012,Existant 15 A / 1P,S1 — circuits 19,1,CONSERVER / RÉFÉRENCE EXISTANTE — aucun achat déduit,MODÈLE NON PRÉCISÉ,,S1,795.3,829.8
EX-E-PE01-013,Existant 20 A / 1P,S1 — circuits 20,1,CONSERVER / RÉFÉRENCE EXISTANTE — aucun achat déduit,MODÈLE NON PRÉCISÉ,,S1,910.5,829.8
EX-E-PE01-014,Existant 15 A / 1P,S1 — circuits 21,1,CONSERVER / RÉFÉRENCE EXISTANTE — aucun achat déduit,MODÈLE NON PRÉCISÉ,,S1,795.3,872.6
EX-E-PE01-015,Existant 15 A / 1P,S1 — circuits 23,1,CONSERVER / RÉFÉRENCE EXISTANTE — aucun achat déduit,MODÈLE NON PRÉCISÉ,,S1,795.3,915.4
EX-E-PE01-016,Existant 20 A / 2P,"S1 — circuits 24,26",1,CONSERVER / RÉFÉRENCE EXISTANTE — aucun achat déduit,MODÈLE NON PRÉCISÉ,,S1,910.5,915.4
EX-E-PE01-017,Existant 20 A / 1P,S1 — circuits 25,1,CONSERVER / RÉFÉRENCE EXISTANTE — aucun achat déduit,MODÈLE NON PRÉCISÉ,,S1,795.3,958.2
EX-E-PE01-018,Existant 15 A / 1P,S1 — circuits 27,1,CONSERVER / RÉFÉRENCE EXISTANTE — aucun achat déduit,MODÈLE NON PRÉCISÉ,,S1,795.3,1001.0
EX-E-PE01-019,Existant 15 A / 1P,S1 — circuits 32,1,CONSERVER / RÉFÉRENCE EXISTANTE — aucun achat déduit,MODÈLE NON PRÉCISÉ,,S1,910.5,1086.5
EX-E-PE01-020,Existant 15 A / 1P,S1 — circuits 34,1,CONSERVER / RÉFÉRENCE EXISTANTE — aucun achat déduit,MODÈLE NON PRÉCISÉ,,S1,910.5,1129.3
EX-E-PE01-021,Existant 15 A / 1P,S1 — circuits 35,1,CONSERVER / RÉFÉRENCE EXISTANTE — aucun achat déduit,MODÈLE NON PRÉCISÉ,,S1,795.3,1172.1
EX-E-PE01-022,Existant 20 A / 2P,"S1 — circuits 40,42",1,CONSERVER / RÉFÉRENCE EXISTANTE — aucun achat déduit,MODÈLE NON PRÉCISÉ,,S1,910.5,1257.7
EX-E-PE01-023,Existant 15 A / 1P,S1 — circuits 43,1,CONSERVER / RÉFÉRENCE EXISTANTE — aucun achat déduit,MODÈLE NON PRÉCISÉ,,S1,795.3,1343.3
EX-E-PE01-024,Existant 15 A / 1P,S1 — circuits 45,1,CONSERVER / RÉFÉRENCE EXISTANTE — aucun achat déduit,MODÈLE NON PRÉCISÉ,,S1,795.3,1386.0
EX-E-PE01-025,Existant 15 A / 1P,S1 — circuits 47,1,CONSERVER / RÉFÉRENCE EXISTANTE — aucun achat déduit,MODÈLE NON PRÉCISÉ,,S1,795.3,1428.8
EX-E-PE01-026,Existant 15 A / 1P,S1 — circuits 49,1,CONSERVER / RÉFÉRENCE EXISTANTE — aucun achat déduit,MODÈLE NON PRÉCISÉ,,S1,795.3,1471.6
EX-E-PE01-027,Existant 15 A / 1P,UE-1 — circuits 1,1,CONSERVER / RÉFÉRENCE EXISTANTE — aucun achat déduit,MODÈLE NON PRÉCISÉ,,UE-1,1959.0,501.7
EX-E-PE01-028,Existant 20 A / 1P,UE-1 — circuits 2,1,CONSERVER / RÉFÉRENCE EXISTANTE — aucun achat déduit,MODÈLE NON PRÉCISÉ,,UE-1,2078.9,501.7
EX-E-PE01-029,Existant 20 A / 1P,UE-1 — circuits 3,1,CONSERVER / RÉFÉRENCE EXISTANTE — aucun achat déduit,MODÈLE NON PRÉCISÉ,,UE-1,1959.0,546.7
EX-E-PE01-030,Existant 20 A / 1P,UE-1 — circuits 4,1,CONSERVER / RÉFÉRENCE EXISTANTE — aucun achat déduit,MODÈLE NON PRÉCISÉ,,UE-1,2078.9,546.7
EX-E-PE01-031,Existant 20 A / 1P,UE-1 — circuits 5,1,CONSERVER / RÉFÉRENCE EXISTANTE — aucun achat déduit,MODÈLE NON PRÉCISÉ,,UE-1,1959.0,591.7
EX-E-PE01-032,Existant 15 A / 1P,UE-1 — circuits 6,1,CONSERVER / RÉFÉRENCE EXISTANTE — aucun achat déduit,MODÈLE NON PRÉCISÉ,,UE-1,2078.9,591.7
EX-E-PE01-033,Existant 20 A / 1P,UE-1 — circuits 7,1,CONSERVER / RÉFÉRENCE EXISTANTE — aucun achat déduit,MODÈLE NON PRÉCISÉ,,UE-1,1959.0,636.7
EX-E-PE01-034,Existant 15 A / 1P,UE-1 — circuits 8,1,CONSERVER / RÉFÉRENCE EXISTANTE — aucun achat déduit,MODÈLE NON PRÉCISÉ,,UE-1,2078.9,636.7
EX-E-PE01-035,Existant 20 A / 1P,UE-1 — circuits 9,1,CONSERVER / RÉFÉRENCE EXISTANTE — aucun achat déduit,MODÈLE NON PRÉCISÉ,,UE-1,1959.0,681.7
EX-E-PE01-036,Existant 20 A / 1P,UE-1 — circuits 10,1,CONSERVER / RÉFÉRENCE EXISTANTE — aucun achat déduit,MODÈLE NON PRÉCISÉ,,UE-1,2078.9,681.7
EX-E-PE01-037,Existant 20 A / 1P,UE-1 — circuits 11,1,CONSERVER / RÉFÉRENCE EXISTANTE — aucun achat déduit,MODÈLE NON PRÉCISÉ,,UE-1,1959.0,726.7
EX-E-PE01-038,Existant 15 A / 1P,UE-1 — circuits 12,1,CONSERVER / RÉFÉRENCE EXISTANTE — aucun achat déduit,MODÈLE NON PRÉCISÉ,,UE-1,2078.9,726.7
EX-E-PE01-039,Existant 20 A / 1P,UE-1 — circuits 13,1,CONSERVER / RÉFÉRENCE EXISTANTE — aucun achat déduit,MODÈLE NON PRÉCISÉ,,UE-1,1959.0,771.7
EX-E-PE01-040,Existant 15 A / 1P,UE-1 — circuits 14,1,CONSERVER / RÉFÉRENCE EXISTANTE — aucun achat déduit,MODÈLE NON PRÉCISÉ,,UE-1,2078.9,771.7
EX-E-PE01-041,Existant 20 A / 1P,UE-1 — circuits 15,1,CONSERVER / RÉFÉRENCE EXISTANTE — aucun achat déduit,MODÈLE NON PRÉCISÉ,,UE-1,1959.0,816.7
EX-E-PE01-042,Existant 20 A / 1P,UE-1 — circuits 16,1,CONSERVER / RÉFÉRENCE EXISTANTE — aucun achat déduit,MODÈLE NON PRÉCISÉ,,UE-1,2078.9,816.7
EX-E-PE01-043,Existant 20 A / 1P,UE-1 — circuits 17,1,CONSERVER / RÉFÉRENCE EXISTANTE — aucun achat déduit,MODÈLE NON PRÉCISÉ,,UE-1,1959.0,861.7
EX-E-PE01-044,Existant 20 A / 1P,UE-1 — circuits 18,1,CONSERVER / RÉFÉRENCE EXISTANTE — aucun achat déduit,MODÈLE NON PRÉCISÉ,,UE-1,2078.9,861.7
EX-E-PE01-045,Existant 20 A / 1P,UE-1 — circuits 19,1,CONSERVER / RÉFÉRENCE EXISTANTE — aucun achat déduit,MODÈLE NON PRÉCISÉ,,UE-1,1959.0,906.7
EX-E-PE01-046,Existant 40 A / 2P,"UE-1 — circuits 20,22",1,CONSERVER / RÉFÉRENCE EXISTANTE — aucun achat déduit,MODÈLE NON PRÉCISÉ,,UE-1,2078.9,906.7
EX-E-PE01-047,Existant 20 A / 1P,UE-1 — circuits 21,1,CONSERVER / RÉFÉRENCE EXISTANTE — aucun achat déduit,MODÈLE NON PRÉCISÉ,,UE-1,1959.0,951.7
EX-E-PE01-048,Existant 20 A / 1P,C1-1 — circuits 2,1,CONSERVER / RÉFÉRENCE EXISTANTE — aucun achat déduit,MODÈLE NON PRÉCISÉ,,C1-1,3240.1,501.7
EX-E-PE01-049,Existant 20 A / 1P,C1-1 — circuits 3,1,CONSERVER / RÉFÉRENCE EXISTANTE — aucun achat déduit,MODÈLE NON PRÉCISÉ,,C1-1,3118.6,546.7
EX-E-PE01-050,Existant 15 A / 2P,"C1-1 — circuits 4,6",1,CONSERVER / RÉFÉRENCE EXISTANTE — aucun achat déduit,MODÈLE NON PRÉCISÉ,,C1-1,3240.1,546.7
EX-E-PE01-051,Existant 15 A / 1P,C1-1 — circuits 5,1,CONSERVER / RÉFÉRENCE EXISTANTE — aucun achat déduit,MODÈLE NON PRÉCISÉ,,C1-1,3118.6,591.7
EX-E-PE01-052,Existant 25 A / 2P,"C1-1 — circuits 7,9",1,CONSERVER / RÉFÉRENCE EXISTANTE — aucun achat déduit,MODÈLE NON PRÉCISÉ,,C1-1,3118.6,636.7
EX-E-PE01-053,Existant 20 A / 3P,"C1-1 — circuits 8,10,12",1,CONSERVER / RÉFÉRENCE EXISTANTE — aucun achat déduit,MODÈLE NON PRÉCISÉ,,C1-1,3240.1,636.7
EX-E-PE01-054,Existant 15 A / 1P,C1-1 — circuits 11,1,CONSERVER / RÉFÉRENCE EXISTANTE — aucun achat déduit,MODÈLE NON PRÉCISÉ,,C1-1,3118.6,726.7
EX-E-PE01-055,Existant 80 A / 3P,"C1-1 — circuits 13,15,17",1,CONSERVER / RÉFÉRENCE EXISTANTE — aucun achat déduit,MODÈLE NON PRÉCISÉ,,C1-1,3118.6,771.7
EX-E-PE01-056,Existant 50 A / 3P,"C1-1 — circuits 14,16,18",1,CONSERVER / RÉFÉRENCE EXISTANTE — aucun achat déduit,MODÈLE NON PRÉCISÉ,,C1-1,3240.1,771.7
EX-E-PE01-057,Existant 50 A / 3P,"C1-1 — circuits 19,21,23",1,CONSERVER / RÉFÉRENCE EXISTANTE — aucun achat déduit,MODÈLE NON PRÉCISÉ,,C1-1,3118.6,906.7
EX-E-PE01-058,Existant 15 A / 1P,C1-1 — circuits 20,1,CONSERVER / RÉFÉRENCE EXISTANTE — aucun achat déduit,MODÈLE NON PRÉCISÉ,,C1-1,3240.1,906.7
EX-E-PE01-059,Existant 20 A / 2P,"C1-1 — circuits 22,24",1,CONSERVER / RÉFÉRENCE EXISTANTE — aucun achat déduit,MODÈLE NON PRÉCISÉ,,C1-1,3240.1,951.7
EX-E-PE01-060,Existant 15 A / 1P,C1-1 — circuits 25,1,CONSERVER / RÉFÉRENCE EXISTANTE — aucun achat déduit,MODÈLE NON PRÉCISÉ,,C1-1,3118.6,1041.7
EX-E-PE01-061,Existant 15 A / 2P,"C1-1 — circuits 26,28",1,CONSERVER / RÉFÉRENCE EXISTANTE — aucun achat déduit,MODÈLE NON PRÉCISÉ,,C1-1,3240.1,1041.7
EX-E-PE01-062,Existant 20 A / 2P,"C1-1 — circuits 27,29",1,CONSERVER / RÉFÉRENCE EXISTANTE — aucun achat déduit,MODÈLE NON PRÉCISÉ,,C1-1,3118.6,1086.7
EX-E-PE01-063,Existant 20 A / 1P,C1-1 — circuits 30,1,CONSERVER / RÉFÉRENCE EXISTANTE — aucun achat déduit,MODÈLE NON PRÉCISÉ,,C1-1,3240.1,1131.7
EX-E-PE01-064,Existant 20 A / 1P,C1-1 — circuits 31,1,CONSERVER / RÉFÉRENCE EXISTANTE — aucun achat déduit,MODÈLE NON PRÉCISÉ,,C1-1,3118.6,1176.7
EX-E-PE01-065,Existant 30 A / 2P,"C1-1 — circuits 32,34",1,CONSERVER / RÉFÉRENCE EXISTANTE — aucun achat déduit,MODÈLE NON PRÉCISÉ,,C1-1,3240.1,1176.7
EX-E-PE01-066,Existant 15 A / 1P,C1-1 — circuits 36,1,CONSERVER / RÉFÉRENCE EXISTANTE — aucun achat déduit,MODÈLE NON PRÉCISÉ,,C1-1,3240.1,1266.7
EX-E-PE01-067,Existant 15 A / 1P,C1-1 — circuits 38,1,CONSERVER / RÉFÉRENCE EXISTANTE — aucun achat déduit,MODÈLE NON PRÉCISÉ,,C1-1,3240.1,1311.7
EX-E-PE01-068,Existant 20 A / 1P,C3-1 — circuits 1,1,CONSERVER / RÉFÉRENCE EXISTANTE — aucun achat déduit,MODÈLE NON PRÉCISÉ,,C3-1,4279.8,501.7
EX-E-PE01-069,Existant 20 A / 1P,C3-1 — circuits 2,1,CONSERVER / RÉFÉRENCE EXISTANTE — aucun achat déduit,MODÈLE NON PRÉCISÉ,,C3-1,4400.5,501.7
EX-E-PE01-070,Existant 20 A / 1P,C3-1 — circuits 3,1,CONSERVER / RÉFÉRENCE EXISTANTE — aucun achat déduit,MODÈLE NON PRÉCISÉ,,C3-1,4279.8,546.7
EX-E-PE01-071,Existant 15 A / 2P,"C3-1 — circuits 4,6",1,CONSERVER / RÉFÉRENCE EXISTANTE — aucun achat déduit,MODÈLE NON PRÉCISÉ,,C3-1,4400.5,546.7
EX-E-PE01-072,Existant 20 A / 1P,C3-1 — circuits 5,1,CONSERVER / RÉFÉRENCE EXISTANTE — aucun achat déduit,MODÈLE NON PRÉCISÉ,,C3-1,4279.8,591.7
EX-E-PE01-073,Existant 25 A / 2P,"C3-1 — circuits 7,9",1,CONSERVER / RÉFÉRENCE EXISTANTE — aucun achat déduit,MODÈLE NON PRÉCISÉ,,C3-1,4279.8,636.7
EX-E-PE01-074,Existant 50 A / 3P,"C3-1 — circuits 8,10,12",1,CONSERVER / RÉFÉRENCE EXISTANTE — aucun achat déduit,MODÈLE NON PRÉCISÉ,,C3-1,4400.5,636.7
EX-E-PE01-075,Existant 15 A / 1P,C3-1 — circuits 11,1,CONSERVER / RÉFÉRENCE EXISTANTE — aucun achat déduit,MODÈLE NON PRÉCISÉ,,C3-1,4279.8,726.7
EX-E-PE01-076,Existant 50 A / 3P,"C3-1 — circuits 13,15,17",1,CONSERVER / RÉFÉRENCE EXISTANTE — aucun achat déduit,MODÈLE NON PRÉCISÉ,,C3-1,4279.8,771.7
EX-E-PE01-077,Existant 50 A / 3P,"C3-1 — circuits 14,16,18",1,CONSERVER / RÉFÉRENCE EXISTANTE — aucun achat déduit,MODÈLE NON PRÉCISÉ,,C3-1,4400.5,771.7
EX-E-PE01-078,Existant 50 A / 3P,"C3-1 — circuits 19,21,23",1,CONSERVER / RÉFÉRENCE EXISTANTE — aucun achat déduit,MODÈLE NON PRÉCISÉ,,C3-1,4279.8,906.7
EX-E-PE01-079,Existant 15 A / 1P,C3-1 — circuits 20,1,CONSERVER / RÉFÉRENCE EXISTANTE — aucun achat déduit,MODÈLE NON PRÉCISÉ,,C3-1,4400.5,906.7
EX-E-PE01-080,Existant 20 A / 2P,"C3-1 — circuits 22,24",1,CONSERVER / RÉFÉRENCE EXISTANTE — aucun achat déduit,MODÈLE NON PRÉCISÉ,,C3-1,4400.5,951.7
EX-E-PE01-081,Existant 15 A / 1P,C3-1 — circuits 25,1,CONSERVER / RÉFÉRENCE EXISTANTE — aucun achat déduit,MODÈLE NON PRÉCISÉ,,C3-1,4279.8,1041.7
EX-E-PE01-082,Existant 15 A / 2P,"C3-1 — circuits 26,28",1,CONSERVER / RÉFÉRENCE EXISTANTE — aucun achat déduit,MODÈLE NON PRÉCISÉ,,C3-1,4400.5,1041.7
EX-E-PE01-083,Existant 20 A / 2P,"C3-1 — circuits 27,29",1,CONSERVER / RÉFÉRENCE EXISTANTE — aucun achat déduit,MODÈLE NON PRÉCISÉ,,C3-1,4279.8,1086.7
EX-E-PE01-084,Existant 20 A / 1P,C3-1 — circuits 30,1,CONSERVER / RÉFÉRENCE EXISTANTE — aucun achat déduit,MODÈLE NON PRÉCISÉ,,C3-1,4400.5,1131.7
EX-E-PE01-085,Existant 20 A / 1P,C3-1 — circuits 31,1,CONSERVER / RÉFÉRENCE EXISTANTE — aucun achat déduit,MODÈLE NON PRÉCISÉ,,C3-1,4279.8,1176.7
EX-E-PE01-086,Existant 20 A / 1P,C4-1 — circuits 1,1,CONSERVER / RÉFÉRENCE EXISTANTE — aucun achat déduit,MODÈLE NON PRÉCISÉ,,C4-1,5441.0,501.7
EX-E-PE01-087,Existant 15 A / 1P,C4-1 — circuits 2,1,CONSERVER / RÉFÉRENCE EXISTANTE — aucun achat déduit,MODÈLE NON PRÉCISÉ,,C4-1,5560.5,501.7
EX-E-PE01-088,Existant 20 A / 1P,C4-1 — circuits 3,1,CONSERVER / RÉFÉRENCE EXISTANTE — aucun achat déduit,MODÈLE NON PRÉCISÉ,,C4-1,5441.0,546.7
EX-E-PE01-089,Existant 15 A / 2P,"C4-1 — circuits 4,6",1,CONSERVER / RÉFÉRENCE EXISTANTE — aucun achat déduit,MODÈLE NON PRÉCISÉ,,C4-1,5560.5,546.7
EX-E-PE01-090,Existant 20 A / 1P,C4-1 — circuits 5,1,CONSERVER / RÉFÉRENCE EXISTANTE — aucun achat déduit,MODÈLE NON PRÉCISÉ,,C4-1,5441.0,591.7
EX-E-PE01-091,Existant 25 A / 2P,"C4-1 — circuits 7,9",1,CONSERVER / RÉFÉRENCE EXISTANTE — aucun achat déduit,MODÈLE NON PRÉCISÉ,,C4-1,5441.0,636.7
EX-E-PE01-092,Existant 50 A / 3P,"C4-1 — circuits 8,10,12",1,CONSERVER / RÉFÉRENCE EXISTANTE — aucun achat déduit,MODÈLE NON PRÉCISÉ,,C4-1,5560.5,636.7
EX-E-PE01-093,Existant 15 A / 1P,C4-1 — circuits 11,1,CONSERVER / RÉFÉRENCE EXISTANTE — aucun achat déduit,MODÈLE NON PRÉCISÉ,,C4-1,5441.0,726.7
EX-E-PE01-094,Existant 50 A / 3P,"C4-1 — circuits 13,15,17",1,CONSERVER / RÉFÉRENCE EXISTANTE — aucun achat déduit,MODÈLE NON PRÉCISÉ,,C4-1,5441.0,771.7
EX-E-PE01-095,Existant 50 A / 3P,"C4-1 — circuits 14,16,18",1,CONSERVER / RÉFÉRENCE EXISTANTE — aucun achat déduit,MODÈLE NON PRÉCISÉ,,C4-1,5560.5,771.7
EX-E-PE01-096,Existant 50 A / 3P,"C4-1 — circuits 19,21,23",1,CONSERVER / RÉFÉRENCE EXISTANTE — aucun achat déduit,MODÈLE NON PRÉCISÉ,,C4-1,5441.0,906.7
EX-E-PE01-097,Existant 15 A / 1P,C4-1 — circuits 20,1,CONSERVER / RÉFÉRENCE EXISTANTE — aucun achat déduit,MODÈLE NON PRÉCISÉ,,C4-1,5560.5,906.7
EX-E-PE01-098,Existant 20 A / 2P,"C4-1 — circuits 22,24",1,CONSERVER / RÉFÉRENCE EXISTANTE — aucun achat déduit,MODÈLE NON PRÉCISÉ,,C4-1,5560.5,951.7
EX-E-PE01-099,Existant 15 A / 1P,C4-1 — circuits 25,1,CONSERVER / RÉFÉRENCE EXISTANTE — aucun achat déduit,MODÈLE NON PRÉCISÉ,,C4-1,5441.0,1041.7
EX-E-PE01-100,Existant 15 A / 2P,"C4-1 — circuits 26,28",1,CONSERVER / RÉFÉRENCE EXISTANTE — aucun achat déduit,MODÈLE NON PRÉCISÉ,,C4-1,5560.5,1041.7
EX-E-PE01-101,Existant 20 A / 2P,"C4-1 — circuits 27,29",1,CONSERVER / RÉFÉRENCE EXISTANTE — aucun achat déduit,MODÈLE NON PRÉCISÉ,,C4-1,5441.0,1086.7
EX-E-PE01-102,Existant 20 A / 1P,C4-1 — circuits 30,1,CONSERVER / RÉFÉRENCE EXISTANTE — aucun achat déduit,MODÈLE NON PRÉCISÉ,,C4-1,5560.5,1131.7
EX-E-PE01-103,Existant 20 A / 1P,C4-1 — circuits 31,1,CONSERVER / RÉFÉRENCE EXISTANTE — aucun achat déduit,MODÈLE NON PRÉCISÉ,,C4-1,5441.0,1176.7
