Repère / source,Matériel,Désignation,Qté,Portée,Modèle,Prescription / réserve,Parent,X pixels source,Y pixels source,Pastille,Circuits,Ampères,Pôles,Protection source
1-D-EL-50-P2-3-0-0001,FGG1 normal — à remplacer par DEL,NA-1,1,REMPLACER,SIGNIFY V3W470L835-UNV-DIM-LFA-SSL,,,4100.16,649.2,1,NA-1,,,
1-D-EL-50-P2-3-0-0002,FGG1 normal — à remplacer par DEL,NA-1,1,REMPLACER,SIGNIFY V3W470L835-UNV-DIM-LFA-SSL,,,2945.44,655.2,1,NA-1,,,
1-D-EL-50-P2-3-0-0003,FGG1 normal — à remplacer par DEL,NA-1,1,REMPLACER,SIGNIFY V3W470L835-UNV-DIM-LFA-SSL,,,2736.42,948.53,1,NA-1,,,
1-D-EL-50-P2-3-0-0004,FGG1 normal — à remplacer par DEL,NA-1,1,REMPLACER,SIGNIFY V3W470L835-UNV-DIM-LFA-SSL,,,3841.49,971.77,1,NA-1,,,
1-D-EL-50-P2-3-0-0005,FGG1 normal — à remplacer par DEL,NA-1,1,REMPLACER,SIGNIFY V3W470L835-UNV-DIM-LFA-SSL,,,2945.58,1236.15,1,NA-1,,,
1-D-EL-50-P2-3-0-0006,FGG1 normal — à remplacer par DEL,NA-1,1,REMPLACER,SIGNIFY V3W470L835-UNV-DIM-LFA-SSL,,,4101.51,1260.74,1,NA-1,,,
1-D-EL-50-P2-3-0-0007,FGG1 normal — à remplacer par DEL,NA-1,1,REMPLACER,SIGNIFY V3W470L835-UNV-DIM-LFA-SSL,,,3166.98,1526.76,1,NA-1,,,
1-D-EL-50-P2-3-0-0008,FGG1 normal — à remplacer par DEL,NA-1,1,REMPLACER,SIGNIFY V3W470L835-UNV-DIM-LFA-SSL,,,4359.07,1553.68,1,NA-1,,,
1-D-EL-50-P2-3-0-0009,FGG1 normal — à remplacer par DEL,NA-2,1,REMPLACER,SIGNIFY V3W470L835-UNV-DIM-LFA-SSL,,,2736.42,2108.82,1,NA-2,,,
1-D-EL-50-P2-3-0-0010,FGG1 normal — à remplacer par DEL,NA-2,1,REMPLACER,SIGNIFY V3W470L835-UNV-DIM-LFA-SSL,,,3841.49,2134.63,1,NA-2,,,
1-D-EL-50-P2-3-0-0011,FGG1 normal — à remplacer par DEL,NA-2,1,REMPLACER,SIGNIFY V3W470L835-UNV-DIM-LFA-SSL,,,4102.73,2370.73,1,NA-2,,,
1-D-EL-50-P2-3-0-0012,FGG1 normal — à remplacer par DEL,NA-2,1,REMPLACER,SIGNIFY V3W470L835-UNV-DIM-LFA-SSL,,,2945.58,2396.58,1,NA-2,,,
1-D-EL-50-P2-3-0-0013,FGG1 normal — à remplacer par DEL,NA-2,1,REMPLACER,SIGNIFY V3W470L835-UNV-DIM-LFA-SSL,,,3166.98,2687.05,1,NA-2,,,
1-D-EL-50-P2-3-0-0014,FGG1 normal — à remplacer par DEL,NA-2,1,REMPLACER,SIGNIFY V3W470L835-UNV-DIM-LFA-SSL,,,4359.07,2687.05,1,NA-2,,,
1-D-EL-50-P2-3-0-0015,FGG1 normal — à remplacer par DEL,NA-2,1,REMPLACER,SIGNIFY V3W470L835-UNV-DIM-LFA-SSL,,,4102.05,2943.65,1,NA-2,,,
1-D-EL-50-P2-3-0-0016,FGG1 normal — à remplacer par DEL,NA-2,1,REMPLACER,SIGNIFY V3W470L835-UNV-DIM-LFA-SSL,,,2945.58,2981.35,1,NA-2,,,
1-D-EL-50-P2-3-0-0017,FGG1 normal — à remplacer par DEL,NA-2,1,REMPLACER,SIGNIFY V3W470L835-UNV-DIM-LFA-SSL,,,3841.49,3207.64,1,NA-2,,,
1-D-EL-50-P2-3-0-0018,FGG1 normal — à remplacer par DEL,NA-2,1,REMPLACER,SIGNIFY V3W470L835-UNV-DIM-LFA-SSL,,,2729.89,3285.96,1,NA-2,,,
1-D-EL-50-P2-3-0-0019,FGG1 normal — à remplacer par DEL,NA-2,1,REMPLACER,SIGNIFY V3W470L835-UNV-DIM-LFA-SSL,,,4102.05,3447.24,1,NA-2,,,
1-D-EL-50-P2-3-0-0020,FGG1 normal — à remplacer par DEL,NA-2,1,REMPLACER,SIGNIFY V3W470L835-UNV-DIM-LFA-SSL,,,3516.46,3507.07,1,NA-2,,,
1-D-EL-50-P2-3-0-0021,FGG1 normal — à remplacer par DEL,NA-2,1,REMPLACER,SIGNIFY V3W470L835-UNV-DIM-LFA-SSL,,,2945.58,3560.37,1,NA-2,,,
1-D-EL-50-P2-3-0-0022,FGG1 normal — à remplacer par DEL,NA-2,1,REMPLACER,SIGNIFY V3W470L835-UNV-DIM-LFA-SSL,,,4359.07,3692.84,1,NA-2,,,
1-D-EL-50-P2-3-0-0023,FGG1 normal — à remplacer par DEL,NA-2,1,REMPLACER,SIGNIFY V3W470L835-UNV-DIM-LFA-SSL,,,3161.41,3807.36,1,NA-2,,,
1-D-EL-50-P2-3-0-0024,FGG1 secours — à remplacer par DEL,SA-5,1,REMPLACER,SIGNIFY V3W470L835-UNV-DIM-LFA-SSL,,,3166.9,948.53,1,SA-5,,,
1-D-EL-50-P2-3-0-0025,FGG1 secours — à remplacer par DEL,SA-3,1,REMPLACER,SIGNIFY V3W470L835-UNV-DIM-LFA-SSL,,,4359.14,952.46,1,SA-3,,,
1-D-EL-50-P2-3-0-0026,FGG1 secours — à remplacer par DEL,SA-3,1,REMPLACER,SIGNIFY V3W470L835-UNV-DIM-LFA-SSL,,,2736.5,1526.76,1,SA-3,,,
1-D-EL-50-P2-3-0-0027,FGG1 secours — à remplacer par DEL,SA-5,1,REMPLACER,SIGNIFY V3W470L835-UNV-DIM-LFA-SSL,,,3841.56,1553.68,1,SA-5,,,
1-D-EL-50-P2-3-0-0028,FGG1 secours — à remplacer par DEL,SA-5,1,REMPLACER,SIGNIFY V3W470L835-UNV-DIM-LFA-SSL,,,2945.65,1818.88,1,SA-5,,,
1-D-EL-50-P2-3-0-0029,FGG1 secours — à remplacer par DEL,SA-3,1,REMPLACER,SIGNIFY V3W470L835-UNV-DIM-LFA-SSL,,,4101.83,1849.72,1,SA-3,,,
1-D-EL-50-P2-3-0-0030,FGG1 secours — à remplacer par DEL,SA-5,1,REMPLACER,SIGNIFY V3W470L835-UNV-DIM-LFA-SSL,,,3166.9,2108.82,1,SA-5,,,
1-D-EL-50-P2-3-0-0031,FGG1 secours — à remplacer par DEL,SA-3,1,REMPLACER,SIGNIFY V3W470L835-UNV-DIM-LFA-SSL,,,4356.57,2108.93,1,SA-3,,,
1-D-EL-50-P2-3-0-0032,FGG1 secours — à remplacer par DEL,SA-3,1,REMPLACER,SIGNIFY V3W470L835-UNV-DIM-LFA-SSL,,,2736.5,2687.05,1,SA-3,,,
1-D-EL-50-P2-3-0-0033,FGG1 secours — à remplacer par DEL,SA-5,1,REMPLACER,SIGNIFY V3W470L835-UNV-DIM-LFA-SSL,,,3841.56,2687.05,1,SA-5,,,
1-D-EL-50-P2-3-0-0034,FGG1 secours — à remplacer par DEL,SA-3,1,REMPLACER,SIGNIFY V3W470L835-UNV-DIM-LFA-SSL,,,4359.14,3207.64,1,SA-3,,,
1-D-EL-50-P2-3-0-0035,FGG1 secours — à remplacer par DEL,SA-5,1,REMPLACER,SIGNIFY V3W470L835-UNV-DIM-LFA-SSL,,,3163.37,3285.96,1,SA-5,,,
1-D-EL-50-P2-3-0-0036,FGG1 secours — à remplacer par DEL,SA-3,1,REMPLACER,SIGNIFY V3W470L835-UNV-DIM-LFA-SSL,,,3841.56,3692.84,1,SA-3,,,
1-D-EL-50-P2-3-0-0037,FGG1 secours — à remplacer par DEL,SA-3,1,REMPLACER,SIGNIFY V3W470L835-UNV-DIM-LFA-SSL,,,2729.96,3807.36,1,SA-3,,,
1-D-EL-50-P2-3-0-0038,FR existant,SA-1,1,A PRECISER,EXISTANT - MODELE NON INDIQUE,,,2396.72,3073.66,1,SA-1,,,
1-D-EL-50-P2-3-0-0039,FR existant,SA-1,1,A PRECISER,EXISTANT - MODELE NON INDIQUE,,,2656.32,3079.12,1,SA-1,,,
1-D-EL-50-P2-3-0-0040,X2 existant,SA-2,1,A PRECISER,EXISTANT - MODELE NON INDIQUE,"Symbole adjacent au repère; pastille posée à côté du repère, à revalider.",,3014.3,1833.02,1,SA-2,,,
1-D-EL-50-P2-3-0-0041,X2 existant,SA-2,1,A PRECISER,EXISTANT - MODELE NON INDIQUE,,,3101.97,3010.98,1,SA-2,,,
1-D-EL-50-P2-3-0-0042,X2 existant,SA-2,1,A PRECISER,EXISTANT - MODELE NON INDIQUE,"Symbole adjacent au repère; pastille posée à côté du repère, à revalider.",,2708.04,3113.25,1,SA-2,,,
1-D-EL-50-P2-3-0-0043,X2 existant,SA-2,1,A PRECISER,EXISTANT - MODELE NON INDIQUE,"Symbole adjacent au repère; pastille posée à côté du repère, à revalider.",,4040.22,3919.42,1,SA-2,,,
