family,ee_codes,ne_page,ne_item,ne_material_usd,ne_manhours,ne_unit,neca_page,neca_item,neca_normal_hours,neca_unit,confidence,note
HOTTE,,381,Equipment Hookup: Hook up kitchen equipment - Grill hood fan,33.20,2.00,Ea,,none,,,low,"Dupuis HOTTE = sortie de cablage - hotte de cuisine (variants A/D HOTTE, HOTTE CUISINE). NE raw p381: ""Grill hood fan L1@2.00 Ea 33.20 93.20 126.40"" = commercial kitchen grill hood fan hookup, not a residential range hood outlet; NE 2025 has no range-hood / hood outlet line (grep hood|range|exhaust -> only ""Exhaust fans, small L1@1.50 Ea 49.20 69.90 119.10"" p380). NECA 2022: no hood line at all (PDF grep hood -> 0 hits; exhaust -> only p352 ""2-Lamp Heater & Exhaust Fan"" bathroom fixture, not comparable) -> none. Hood type (residential vs commercial) unknown from label"
SWITCH,,225,"Commercial specification-grade, side wired with ground screw, 15 amp, 120/277 volt, AC quiet Single pole, ivory",2.12,0.20,Ea,320,Switches - General Use Toggle Switches - Keyed Switches: 1-Pole 15 Amp,20.00,C,medium,"Dupuis SWITCH = interrupteur (terme anglais), no pole/amp/voltage on plan (8 projects; variants ""Switch to remove"", ""Switch Maestro #MS-B102-XX"" = occupancy dimmer, priced separately). Assumed 15A single-pole toggle, same assumption as family INT (chunk-0). NE raw p225: ""Single pole, ivory L1@0.20 Ea 2.12 9.32 11.44"". NECA raw p320: ""1-Pole 15 Amp 20.00 25.00 30.00 C"" = 0.20 h each (C = per 100). Device only | VERIF 2026-09-27: NECA p320 table title is ""Switches - General Use Toggle Switches - Keyed Switches"" (only general toggle-switch table in NECA 2022); title completed, numbers/unit confirmed on page"
DETECTEUR MOUVEMENT,,,none,,,,281,Occupancy Sensors: Ceiling Mounted Sensor,0.50,E,medium,"Dupuis: detecteur de mouvement / capteur de presence (controle d eclairage). NECA raw p281 (26 09 23 Lighting Control Devices): ""Ceiling Mounted Sensor 0.50 0.63 0.75 E""; same table ""Passive Infrared Occupancy Sensor 0.50 0.63 0.75 E"", ""Automatic Wall Switch 0.35 0.44 0.53 E"" (use for wall-switch sensor, label DETECTEUR MOUVEMENT MURAL), ""Intelligent Power Pack 0.75 0.94 1.13 E"" (add if line-voltage power pack). Ceiling vs wall unknown from generic label. NE 2025: no occupancy/motion sensor line (PDF grep occupancy|motion -> prose only p367 intrusion detectors, index ""Motion detectors 366"" points to text page) -> none"
DETECTEUR MOUVEMENT,,,none,,,,281,Occupancy Sensors: Automatic Wall Switch,0.35,E,medium,"Companion row for wall-switch type sensor (labels DETECTEUR MOUVEMENT MURAL, INTERRUPTEUR PRESENCE). NECA raw p281: ""Automatic Wall Switch 0.35 0.44 0.53 E"". NE 2025 none (see previous row)"
HP,,,none,,,,390,Sound Systems - Sound Generating Equipment: Speaker - Ceiling - Note: Includes Cutting Hole,0.75,E,medium,"Dupuis HP = haut-parleur (systeme de son), same device as family HAUT PARLEUR (chunk-0). NECA raw p390 (27 51 00): ""Speaker - Ceiling - Note: Includes Cutting Hole 0.75 0.95 1.15 E""; wall variant (label HP MURAL, 457 marks) ""Speaker - Wall - Surface 0.50 0.65 0.75 E"" / ""Speaker - Wall - Flush 0.75 0.95 1.15 E"" same page. If HP is a fire-alarm voice speaker use p410 ""Speaker - 8 Inch Ceiling 1.00 1.25 1.50 E"". NE 2025: no sound-system speaker line (only apartment entry-control speakers p373, not comparable) -> none"
CAMERA,,,none,,,,407,Television Systems - Camera and Enclosure: Camera Indoor on Exterior Mount,0.50,E,medium,"Dupuis CAMERA = camera de surveillance (variants CAM, RELO CAMERA, CAMERA EXT). NECA raw p407 (28 21 00 Surveillance Cameras): ""Camera Indoor on Exterior Mount 0.50 0.65 0.75 E"" = camera body only; add mount ""Mount Indoor Light Duty 0.75 0.95 1.15 E"" or dome ""Enclosure Dome - Surface Mount 1.25 1.60 1.90 E"" / ""Enclosure Dome - Ceiling Drop in 1.50 1.90 2.25 E"" as applicable; outdoor (CAMERA EXT) = ""Camera Outdoor on Exterior Mount 0.75 0.95 1.15 E"" + ""Mount Outdoor Light Duty 1.50 1.90 2.25 E"". Camera type/mount unknown from label. NE 2025: no camera/CCTV price line (PDF grep camera -> prose p366-367 only) -> none"
FIXT TYPE A1,,,none,,,,,none,,,none,Plan legend type code only (Dupuis: luminaire type A1) - no fixture spec (size/lamp/mount) so no book line can be selected; needs fixture schedule of each project
FIXT TYPE L6,,,none,,,,,none,,,none,Plan legend type code only (Dupuis: luminaire type L6) - no fixture spec; needs fixture schedule
PRISE 15A 125V,,240,"Duplex Receptacles: 15 amp, 125 volt, back & side wired, corrosion resistant, commercial grade, NEMA 5-15R Ivory",1.05,0.20,Ea,318,Duplex Receptacle - Straight Blade: 15 Amp 3 Wire,25.00,C,high,"Dupuis: prise duplex 15A/125V standard - exact amperage and voltage. NE raw p240: ""Ivory L1@0.20 Ea 1.05 9.32 10.37"" (commercial grade, same choice as PRISE 15A chunk-0; residential push-in 0.69, spec-grade 2.83 same page, all 0.20 h). NECA raw p318: ""15 Amp 3 Wire 25.00 31.25 37.50 C"" = 0.25 h each. Device only, box/plate not included. Variant PRISE GFI 15A 125V -> NE p247 GFCI 11.70 / NECA p318 ""15 Amp GFCI or AFCI 30.00 C"" (see GFI chunk-0)"
FIXT TYPE L3,,,none,,,,,none,,,none,"Plan legend type code only (Dupuis: luminaire type L3, variants TYPE L3, L3A, L3B) - no fixture spec; needs fixture schedule"
STROB,,,none,,,,410,Fire Alarm - Signaling: Strobe Light,0.75,E,high,"Dupuis STROB = stroboscope d alarme incendie. NECA raw p410 (28 31 00 Fire Detection and Alarm): ""Strobe Light 0.75 1.00 1.25 E"". Combined variants (KLAXON STROB / HORN STROB, separate families): ""Speaker/Strobe 0.75 1.00 1.25 E"", ""Bell/Strobe 0.75"", ""Chime/Strobe 0.75"" same page; no ""Horn/Strobe"" line in NECA. NE 2025: no fire-alarm strobe line (only p370 ""Flashing beacons Red, 120VAC L1@0.50 Ea 179.00 23.30"" = industrial beacon, not a FA strobe) -> none"
INT ENL,,,none,,,,,none,,,none,"Dupuis INT ENL = interrupteur existant a enlever (demolition). NE 2025: no demolition/removal lines (grep remov|demol -> prose only). NECA 2022 26 05 05 Selective Demolition (p123-128) covers utility poles, cross arms, conductors, cutouts, disconnects only - no wiring-device removal line -> none. Price as a demolition allowance"
INTERRUPTEUR,,225,"Commercial specification-grade, side wired with ground screw, 15 amp, 120/277 volt, AC quiet Single pole, ivory",2.12,0.20,Ea,320,Switches - General Use Toggle Switches - Keyed Switches: 1-Pole 15 Amp,20.00,C,medium,"Dupuis INTERRUPTEUR = interrupteur mural standard (unipolaire). Amperage/voltage not on generic label (EE variants: interrupteur 15A 120V ENS9CA9981C195E71150, 15A 347V ENSE9AC3454F2101550C - 347V has no NE line, see INT chunk-0). NE raw p225: ""Single pole, ivory L1@0.20 Ea 2.12 9.32 11.44"". NECA raw p320: ""1-Pole 15 Amp 20.00 25.00 30.00 C"" = 0.20 h each | VERIF 2026-09-27: NECA p320 table title is ""Switches - General Use Toggle Switches - Keyed Switches"" (only general toggle-switch table in NECA 2022); title completed, numbers/unit confirmed on page"
INTERRUPTEUR,,225,"Commercial specification-grade, side wired with ground screw, 15 amp, 120/277 volt, AC quiet Three-way, ivory",3.85,0.25,Ea,320,Switches - General Use Toggle Switches - Keyed Switches: 3-Way 15 Amp,35.00,C,medium,"Variant INT 3 VOIE / 3VOIE / 3 VOIE (normalised to INTERRUPTEUR; 660+123+111 marks) = three-way switch. NE raw p225: ""Three-way, ivory L1@0.25 Ea 3.85 11.60 15.45"". NECA raw p320: ""3-Way 15 Amp 35.00 43.75 52.50 C"" = 0.35 h each. Voltage assumed 120/277V (15A) | VERIF 2026-09-27: NECA p320 table title is ""Switches - General Use Toggle Switches - Keyed Switches"" (only general toggle-switch table in NECA 2022); title completed, numbers/unit confirmed on page"
