cote,page_humaine,feuille_ia,libelle,x_px,y_px,x_norm,y_norm,x_px_ia,y_px_ia,statut,id,id_apparie,libelle_apparie,distance_px_ia
humain,25-0075_E_PERM_SOUM_20260507_Signed - 6,250075EPER-p06,FIXTURE TYPE C,5419,2780,0.5018,0.3862,2854,1464,appariée,H:25-0075_E_PERM_SOUM_20260507_Signed - 6:1,IA:250075EPER-p06:2,Luminaire C applique ext.,3.0
humain,25-0075_E_PERM_SOUM_20260507_Signed - 6,250075EPER-p06,FIXTURE TYPE C,5420,3488,0.5019,0.4845,2855,1836,appariée,H:25-0075_E_PERM_SOUM_20260507_Signed - 6:2,IA:250075EPER-p06:3,Luminaire C applique ext.,0.9
humain,25-0075_E_PERM_SOUM_20260507_Signed - 6,250075EPER-p06,FIXTURE TYPE C,4975,3602,0.4607,0.5003,2623,1896,appariée,H:25-0075_E_PERM_SOUM_20260507_Signed - 6:3,IA:250075EPER-p06:1,Luminaire C applique ext.,2.5
humain,25-0075_E_PERM_SOUM_20260507_Signed - 6,250075EPER-p06,FIXTURE TYPE D,5228,2600,0.4841,0.3612,2755,1369,appariée,H:25-0075_E_PERM_SOUM_20260507_Signed - 6:4,IA:250075EPER-p06:4,Luminaire D applique ext.,0.4
humain,25-0075_E_PERM_SOUM_20260507_Signed - 6,250075EPER-p06,FIXTURE TYPE E,4813,2617,0.4457,0.3635,2539,1378,appariée,H:25-0075_E_PERM_SOUM_20260507_Signed - 6:5,IA:250075EPER-p06:5,Luminaire E encastré ext. 4po,1.8
humain,25-0075_E_PERM_SOUM_20260507_Signed - 6,250075EPER-p06,FIXTURE TYPE E,4908,2619,0.4545,0.3638,2589,1379,appariée,H:25-0075_E_PERM_SOUM_20260507_Signed - 6:6,IA:250075EPER-p06:6,Luminaire E encastré ext. 4po,1.0
humain,25-0075_E_PERM_SOUM_20260507_Signed - 6,250075EPER-p06,FIXTURE TYPE E,4997,2621,0.4627,0.3641,2635,1380,appariée,H:25-0075_E_PERM_SOUM_20260507_Signed - 6:7,IA:250075EPER-p06:7,Luminaire E encastré ext. 4po,1.2
humain,25-0075_E_PERM_SOUM_20260507_Signed - 6,250075EPER-p06,FIXTURE TYPE E,5094,2619,0.4717,0.3638,2685,1379,appariée,H:25-0075_E_PERM_SOUM_20260507_Signed - 6:8,IA:250075EPER-p06:8,Luminaire E encastré ext. 4po,1.9
humain,25-0075_E_PERM_SOUM_20260507_Signed - 7,E004,FIXTURE TYPE A,2720,1425,0.2519,0.1979,1434,753,appariée,H:25-0075_E_PERM_SOUM_20260507_Signed - 7:1,IA:E004:38,Luminaire A 2x2 30W,8.2
humain,25-0075_E_PERM_SOUM_20260507_Signed - 7,E004,FIXTURE TYPE A,3025,1419,0.2801,0.1971,1595,750,appariée,H:25-0075_E_PERM_SOUM_20260507_Signed - 7:2,IA:E004:39,Luminaire A 2x2 30W,9.0
humain,25-0075_E_PERM_SOUM_20260507_Signed - 7,E004,FIXTURE TYPE A,3027,1648,0.2803,0.2289,1596,870,appariée,H:25-0075_E_PERM_SOUM_20260507_Signed - 7:3,IA:E004:41,Luminaire A 2x2 30W,7.4
humain,25-0075_E_PERM_SOUM_20260507_Signed - 7,E004,FIXTURE TYPE A,2725,1648,0.2523,0.2289,1437,870,appariée,H:25-0075_E_PERM_SOUM_20260507_Signed - 7:4,IA:E004:40,Luminaire A 2x2 30W,7.9
humain,25-0075_E_PERM_SOUM_20260507_Signed - 7,E004,FIXTURE TYPE A,2720,1873,0.2519,0.2602,1434,988,appariée,H:25-0075_E_PERM_SOUM_20260507_Signed - 7:5,IA:E004:42,Luminaire A 2x2 30W,9.3
humain,25-0075_E_PERM_SOUM_20260507_Signed - 7,E004,FIXTURE TYPE A,3028,1873,0.2804,0.2602,1597,988,appariée,H:25-0075_E_PERM_SOUM_20260507_Signed - 7:6,IA:E004:43,Luminaire A 2x2 30W,7.0
humain,25-0075_E_PERM_SOUM_20260507_Signed - 7,E004,FIXTURE TYPE A,3250,1875,0.3010,0.2605,1714,989,appariée,H:25-0075_E_PERM_SOUM_20260507_Signed - 7:7,IA:E004:44,Luminaire A 2x2 30W,7.1
humain,25-0075_E_PERM_SOUM_20260507_Signed - 7,E004,FIXTURE TYPE A,3327,2098,0.3081,0.2914,1754,1107,appariée,H:25-0075_E_PERM_SOUM_20260507_Signed - 7:8,IA:E004:47,Luminaire A 2x2 30W,8.4
humain,25-0075_E_PERM_SOUM_20260507_Signed - 7,E004,FIXTURE TYPE A,3028,2099,0.2804,0.2916,1597,1107,appariée,H:25-0075_E_PERM_SOUM_20260507_Signed - 7:9,IA:E004:46,Luminaire A 2x2 30W,7.3
humain,25-0075_E_PERM_SOUM_20260507_Signed - 7,E004,FIXTURE TYPE A,2725,2096,0.2523,0.2912,1437,1106,appariée,H:25-0075_E_PERM_SOUM_20260507_Signed - 7:10,IA:E004:45,Luminaire A 2x2 30W,9.3
humain,25-0075_E_PERM_SOUM_20260507_Signed - 7,E004,FIXTURE TYPE A,3025,2321,0.2801,0.3224,1595,1224,appariée,H:25-0075_E_PERM_SOUM_20260507_Signed - 7:11,IA:E004:48,Luminaire A 2x2 30W,10.1
humain,25-0075_E_PERM_SOUM_20260507_Signed - 7,E004,FIXTURE TYPE A,3325,2326,0.3079,0.3231,1753,1226,appariée,H:25-0075_E_PERM_SOUM_20260507_Signed - 7:12,IA:E004:49,Luminaire A 2x2 30W,8.3
humain,25-0075_E_PERM_SOUM_20260507_Signed - 7,E004,FIXTURE TYPE A,3022,2581,0.2798,0.3585,1593,1360,appariée,H:25-0075_E_PERM_SOUM_20260507_Signed - 7:13,IA:E004:51,Luminaire A 2x2 30W,8.7
humain,25-0075_E_PERM_SOUM_20260507_Signed - 7,E004,FIXTURE TYPE A,2725,2581,0.2523,0.3585,1437,1360,appariée,H:25-0075_E_PERM_SOUM_20260507_Signed - 7:14,IA:E004:50,Luminaire A 2x2 30W,7.8
humain,25-0075_E_PERM_SOUM_20260507_Signed - 7,E004,FIXTURE TYPE A,2421,2578,0.2242,0.3581,1277,1359,appariée,H:25-0075_E_PERM_SOUM_20260507_Signed - 7:15,IA:E004:54,Luminaire A 2x2 30W,10.2
humain,25-0075_E_PERM_SOUM_20260507_Signed - 7,E004,FIXTURE TYPE A,2422,2802,0.2243,0.3892,1278,1476,appariée,H:25-0075_E_PERM_SOUM_20260507_Signed - 7:16,IA:E004:55,Luminaire A 2x2 30W,10.2
humain,25-0075_E_PERM_SOUM_20260507_Signed - 7,E004,FIXTURE TYPE A,2722,2801,0.2521,0.3891,1435,1476,appariée,H:25-0075_E_PERM_SOUM_20260507_Signed - 7:17,IA:E004:52,Luminaire A 2x2 30W,10.7
humain,25-0075_E_PERM_SOUM_20260507_Signed - 7,E004,FIXTURE TYPE A,3022,2805,0.2798,0.3896,1593,1478,appariée,H:25-0075_E_PERM_SOUM_20260507_Signed - 7:18,IA:E004:53,Luminaire A 2x2 30W,8.9
humain,25-0075_E_PERM_SOUM_20260507_Signed - 7,E004,FIXTURE TYPE A1,3288,2541,0.3045,0.3530,1734,1339,appariée,H:25-0075_E_PERM_SOUM_20260507_Signed - 7:19,IA:E004:58,Luminaire A1 2x2 40W,8.9
humain,25-0075_E_PERM_SOUM_20260507_Signed - 7,E004,FIXTURE TYPE A1,3285,2841,0.3042,0.3946,1732,1497,appariée,H:25-0075_E_PERM_SOUM_20260507_Signed - 7:20,IA:E004:59,Luminaire A1 2x2 40W,10.1
humain,25-0075_E_PERM_SOUM_20260507_Signed - 7,E004,FIXTURE TYPE A1,3285,1422,0.3042,0.1975,1732,751,appariée,H:25-0075_E_PERM_SOUM_20260507_Signed - 7:21,IA:E004:56,Luminaire A1 2x2 40W,8.9
humain,25-0075_E_PERM_SOUM_20260507_Signed - 7,E004,FIXTURE TYPE A1,3280,1645,0.3037,0.2285,1729,869,appariée,H:25-0075_E_PERM_SOUM_20260507_Signed - 7:22,IA:E004:57,Luminaire A1 2x2 40W,12.0
humain,25-0075_E_PERM_SOUM_20260507_Signed - 7,E004,FIXTURE TYPE B,3299,1594,0.3055,0.2214,1739,842,appariée,H:25-0075_E_PERM_SOUM_20260507_Signed - 7:23,IA:E004:66,Luminaire B encastré 6po 18W,5.0
humain,25-0075_E_PERM_SOUM_20260507_Signed - 7,E004,FIXTURE TYPE B,3308,2720,0.3063,0.3778,1744,1433,appariée,H:25-0075_E_PERM_SOUM_20260507_Signed - 7:24,IA:E004:67,Luminaire B encastré 6po 18W,4.3
humain,25-0075_E_PERM_SOUM_20260507_Signed - 7,E004,FIXTURE TYPE B,2430,1791,0.2250,0.2488,1282,945,appariée,H:25-0075_E_PERM_SOUM_20260507_Signed - 7:25,IA:E004:60,Luminaire B encastré 6po 18W,7.8
humain,25-0075_E_PERM_SOUM_20260507_Signed - 7,E004,FIXTURE TYPE B,2430,2077,0.2250,0.2885,1282,1096,appariée,H:25-0075_E_PERM_SOUM_20260507_Signed - 7:26,IA:E004:63,Luminaire B encastré 6po 18W,3.1
humain,25-0075_E_PERM_SOUM_20260507_Signed - 7,E004,FIXTURE TYPE B,2580,1852,0.2389,0.2573,1361,977,appariée,H:25-0075_E_PERM_SOUM_20260507_Signed - 7:27,IA:E004:61,Luminaire B encastré 6po 18W,3.0
humain,25-0075_E_PERM_SOUM_20260507_Signed - 7,E004,FIXTURE TYPE B,2432,2364,0.2252,0.3284,1283,1246,appariée,H:25-0075_E_PERM_SOUM_20260507_Signed - 7:28,IA:E004:65,Luminaire B encastré 6po 18W,5.6
humain,25-0075_E_PERM_SOUM_20260507_Signed - 7,E004,FIXTURE TYPE B,2497,2274,0.2312,0.3159,1317,1199,appariée,H:25-0075_E_PERM_SOUM_20260507_Signed - 7:29,IA:E004:64,Luminaire B encastré 6po 18W,5.0
humain,25-0075_E_PERM_SOUM_20260507_Signed - 7,E004,FIXTURE TYPE B,2430,1929,0.2250,0.2680,1282,1018,appariée,H:25-0075_E_PERM_SOUM_20260507_Signed - 7:30,IA:E004:62,Luminaire B encastré 6po 18W,3.9
humain,25-0075_E_PERM_SOUM_20260507_Signed - 7,E004,FIXTURE TYPE B1,2412,1493,0.2234,0.2074,1272,789,appariée,H:25-0075_E_PERM_SOUM_20260507_Signed - 7:31,IA:E004:68,Luminaire B1 encastré 6po 12W,7.8
humain,25-0075_E_PERM_SOUM_20260507_Signed - 7,E004,FIXTURE TYPE B1,2543,1497,0.2355,0.2079,1341,791,appariée,H:25-0075_E_PERM_SOUM_20260507_Signed - 7:32,IA:E004:69,Luminaire B1 encastré 6po 12W,7.6
humain,25-0075_E_PERM_SOUM_20260507_Signed - 7,E004,FIXTURE TYPE B1,2530,1667,0.2343,0.2316,1334,880,appariée,H:25-0075_E_PERM_SOUM_20260507_Signed - 7:33,IA:E004:70,Luminaire B1 encastré 6po 12W,8.0
humain,25-0075_E_PERM_SOUM_20260507_Signed - 7,E004,FIXTURE TYPE G,2659,2281,0.2462,0.3168,1402,1203,appariée,H:25-0075_E_PERM_SOUM_20260507_Signed - 7:34,IA:E004:74,Luminaire G applique toilette,9.7
humain,25-0075_E_PERM_SOUM_20260507_Signed - 7,E004,TETE DOUBLE,3092,1796,0.2863,0.2495,1630,948,appariée,H:25-0075_E_PERM_SOUM_20260507_Signed - 7:35,IA:E004:122,Unité urgence UA plafond,6.3
humain,25-0075_E_PERM_SOUM_20260507_Signed - 7,E004,TETE DOUBLE,2583,1469,0.2392,0.2041,1362,776,appariée,H:25-0075_E_PERM_SOUM_20260507_Signed - 7:36,IA:E004:119,Unité urgence UA mur tête double,2.9
humain,25-0075_E_PERM_SOUM_20260507_Signed - 7,E004,TETE DOUBLE,3000,2482,0.2778,0.3448,1582,1308,appariée,H:25-0075_E_PERM_SOUM_20260507_Signed - 7:37,IA:E004:123,Unité urgence UA plafond,9.1
humain,25-0075_E_PERM_SOUM_20260507_Signed - 7,E004,TETE SIMPLE,3320,2936,0.3074,0.4078,1750,1547,appariée,H:25-0075_E_PERM_SOUM_20260507_Signed - 7:38,IA:E004:121,Unité urgence UA mur tête simple,4.2
humain,25-0075_E_PERM_SOUM_20260507_Signed - 7,E004,TETE SIMPLE,3281,1354,0.3038,0.1881,1730,716,appariée,H:25-0075_E_PERM_SOUM_20260507_Signed - 7:39,IA:E004:120,Unité urgence UA mur tête simple,9.3
humain,25-0075_E_PERM_SOUM_20260507_Signed - 7,E004,ENSEIGNE SORTIE COMBO,2393,1648,0.2216,0.2289,1262,870,appariée,H:25-0075_E_PERM_SOUM_20260507_Signed - 7:40,IA:E004:31,Enseigne sortie mur tête double,6.2
humain,25-0075_E_PERM_SOUM_20260507_Signed - 7,E004,FIXTURE TYPE F,2659,1670,0.2462,0.2320,1402,882,appariée,H:25-0075_E_PERM_SOUM_20260507_Signed - 7:41,IA:E004:72,Luminaire F sous armoire,10.5
humain,25-0075_E_PERM_SOUM_20260507_Signed - 7,E004,FIXTURE TYPE F1,2415,2973,0.2236,0.4130,1274,1566,appariée,H:25-0075_E_PERM_SOUM_20260507_Signed - 7:42,IA:E004:73,Luminaire F1 sous armoire,21.7
humain,25-0075_E_PERM_SOUM_20260507_Signed - 7,E004,GRADATEUR,3264,2475,0.3023,0.3438,1721,1305,appariée,H:25-0075_E_PERM_SOUM_20260507_Signed - 7:43,IA:E004:34,Gradateur à glissière,7.8
humain,25-0075_E_PERM_SOUM_20260507_Signed - 7,E004,GRADATEUR,3302,2473,0.3058,0.3435,1741,1304,appariée,H:25-0075_E_PERM_SOUM_20260507_Signed - 7:44,IA:E004:35,Gradateur à glissière,8.4
humain,25-0075_E_PERM_SOUM_20260507_Signed - 7,E004,GRADATEUR,3312,1748,0.3067,0.2428,1746,923,appariée,H:25-0075_E_PERM_SOUM_20260507_Signed - 7:45,IA:E004:32,Gradateur à glissière,12.4
humain,25-0075_E_PERM_SOUM_20260507_Signed - 7,E004,GRADATEUR,3352,1748,0.3104,0.2428,1767,923,appariée,H:25-0075_E_PERM_SOUM_20260507_Signed - 7:46,IA:E004:33,Gradateur à glissière,11.9
humain,25-0075_E_PERM_SOUM_20260507_Signed - 7,E004,INT 1 VOIE,2491,2467,0.2307,0.3427,1314,1300,appariée,H:25-0075_E_PERM_SOUM_20260507_Signed - 7:47,IA:E004:16,Commande éclairage ($),4.5
humain,25-0075_E_PERM_SOUM_20260507_Signed - 7,E004,INT 1 VOIE,2682,1888,0.2484,0.2623,1414,996,appariée,H:25-0075_E_PERM_SOUM_20260507_Signed - 7:48,IA:E004:13,Commande éclairage ($),4.9
humain,25-0075_E_PERM_SOUM_20260507_Signed - 7,E004,INT 1 VOIE,2628,2269,0.2434,0.3152,1386,1196,appariée,H:25-0075_E_PERM_SOUM_20260507_Signed - 7:49,IA:E004:15,Commande éclairage ($),6.2
humain,25-0075_E_PERM_SOUM_20260507_Signed - 7,E004,INT 1 VOIE,2361,1840,0.2186,0.2556,1245,971,appariée,H:25-0075_E_PERM_SOUM_20260507_Signed - 7:50,IA:E004:14,Commande éclairage ($),6.7
humain,25-0075_E_PERM_SOUM_20260507_Signed - 7,E004,KLAXON,2359,2059,0.2184,0.2860,1244,1086,appariée,H:25-0075_E_PERM_SOUM_20260507_Signed - 7:51,IA:E004:36,Klaxon alarme-incendie,7.9
humain,25-0075_E_PERM_SOUM_20260507_Signed - 7,E004,KLAXON,2680,1926,0.2482,0.2675,1413,1016,manquante IA,H:25-0075_E_PERM_SOUM_20260507_Signed - 7:52,,,
humain,25-0075_E_PERM_SOUM_20260507_Signed - 7,E004,KLAXON,2357,2714,0.2183,0.3770,1243,1430,appariée,H:25-0075_E_PERM_SOUM_20260507_Signed - 7:53,IA:E004:37,Klaxon alarme-incendie,6.3
humain,25-0075_E_PERM_SOUM_20260507_Signed - 7,E004,RELO STATION MANUEL,2358,1711,0.2184,0.2377,1244,903,appariée,H:25-0075_E_PERM_SOUM_20260507_Signed - 7:54,IA:E004:2,Boîtier protection station manuelle,1.7
humain,25-0075_E_PERM_SOUM_20260507_Signed - 7,E004,DÉTECTEUR FUMÉE,3306,1507,0.3061,0.2093,1743,796,appariée,H:25-0075_E_PERM_SOUM_20260507_Signed - 7:55,IA:E004:26,Détecteur de fumée,8.7
humain,25-0075_E_PERM_SOUM_20260507_Signed - 7,E004,DÉTECTEUR FUMÉE,2887,1712,0.2673,0.2378,1522,904,appariée,H:25-0075_E_PERM_SOUM_20260507_Signed - 7:56,IA:E004:27,Détecteur de fumée,10.1
humain,25-0075_E_PERM_SOUM_20260507_Signed - 7,E004,DÉTECTEUR FUMÉE,3188,2181,0.2952,0.3030,1681,1150,appariée,H:25-0075_E_PERM_SOUM_20260507_Signed - 7:57,IA:E004:28,Détecteur de fumée,8.6
humain,25-0075_E_PERM_SOUM_20260507_Signed - 7,E004,DÉTECTEUR FUMÉE,3313,2655,0.3068,0.3688,1747,1399,appariée,H:25-0075_E_PERM_SOUM_20260507_Signed - 7:58,IA:E004:30,Détecteur de fumée,6.3
humain,25-0075_E_PERM_SOUM_20260507_Signed - 7,E004,DÉTECTEUR FUMÉE,2771,2685,0.2566,0.3730,1461,1415,appariée,H:25-0075_E_PERM_SOUM_20260507_Signed - 7:59,IA:E004:29,Détecteur de fumée,7.3
humain,25-0075_E_PERM_SOUM_20260507_Signed - 7,E004,PLINTHE A 1500W,5608,1386,0.5193,0.1925,2955,733,appariée,H:25-0075_E_PERM_SOUM_20260507_Signed - 7:60,IA:E004:5,Chauffage type A 1500W,72.5
humain,25-0075_E_PERM_SOUM_20260507_Signed - 7,E004,PLINTHE A 1500W,6007,1396,0.5563,0.1939,3166,738,appariée,H:25-0075_E_PERM_SOUM_20260507_Signed - 7:61,IA:E004:6,Chauffage type A 1500W,73.7
humain,25-0075_E_PERM_SOUM_20260507_Signed - 7,E004,PLINTHE A 1500W,6324,1388,0.5856,0.1928,3332,734,appariée,H:25-0075_E_PERM_SOUM_20260507_Signed - 7:62,IA:E004:7,Chauffage type A 1500W,79.7
humain,25-0075_E_PERM_SOUM_20260507_Signed - 7,E004,PLINTHE A 1500W,6315,1983,0.5848,0.2755,3328,1046,appariée,H:25-0075_E_PERM_SOUM_20260507_Signed - 7:63,IA:E004:8,Chauffage type A 1500W,81.0
humain,25-0075_E_PERM_SOUM_20260507_Signed - 7,E004,PLINTHE A 1500W,6317,2599,0.5850,0.3610,3329,1370,appariée,H:25-0075_E_PERM_SOUM_20260507_Signed - 7:64,IA:E004:10,Chauffage type A 1500W,71.6
humain,25-0075_E_PERM_SOUM_20260507_Signed - 7,E004,PLINTHE A 1500W,5228,2539,0.4841,0.3527,2755,1338,appariée,H:25-0075_E_PERM_SOUM_20260507_Signed - 7:65,IA:E004:9,Chauffage type A 1500W,81.3
humain,25-0075_E_PERM_SOUM_20260507_Signed - 7,E004,PLINTHE A 1500W,5229,1834,0.4842,0.2548,2756,968,appariée,H:25-0075_E_PERM_SOUM_20260507_Signed - 7:66,IA:E004:4,Chauffage type A 1500W,73.8
humain,25-0075_E_PERM_SOUM_20260507_Signed - 7,E004,PLINTHE A 900W,5527,2976,0.5118,0.4134,2913,1568,appariée,H:25-0075_E_PERM_SOUM_20260507_Signed - 7:67,IA:E004:11,Chauffage type A 900W,45.0
humain,25-0075_E_PERM_SOUM_20260507_Signed - 7,E004,PLINTHE A 900W,5781,2978,0.5353,0.4137,3046,1569,appariée,H:25-0075_E_PERM_SOUM_20260507_Signed - 7:68,IA:E004:12,Chauffage type A 900W,49.3
humain,25-0075_E_PERM_SOUM_20260507_Signed - 7,E004,TRIAC,5628,1452,0.5212,0.2017,2966,767,appariée,H:25-0075_E_PERM_SOUM_20260507_Signed - 7:69,IA:E004:104,Relais bas voltage RT,5.6
humain,25-0075_E_PERM_SOUM_20260507_Signed - 7,E004,TRIAC,5295,1844,0.4903,0.2561,2791,973,appariée,H:25-0075_E_PERM_SOUM_20260507_Signed - 7:70,IA:E004:105,Relais bas voltage RT,4.9
humain,25-0075_E_PERM_SOUM_20260507_Signed - 7,E004,TRIAC,6228,1973,0.5767,0.2741,3282,1041,appariée,H:25-0075_E_PERM_SOUM_20260507_Signed - 7:71,IA:E004:103,Relais bas voltage RT,4.4
humain,25-0075_E_PERM_SOUM_20260507_Signed - 7,E004,TRIAC,5293,2551,0.4901,0.3544,2789,1345,appariée,H:25-0075_E_PERM_SOUM_20260507_Signed - 7:72,IA:E004:102,Relais bas voltage RT,3.0
humain,25-0075_E_PERM_SOUM_20260507_Signed - 7,E004,THERMOSTAT,6161,1728,0.5705,0.2400,3247,912,appariée,H:25-0075_E_PERM_SOUM_20260507_Signed - 7:73,IA:E004:117,Thermostat unipolaire,2.7
humain,25-0075_E_PERM_SOUM_20260507_Signed - 7,E004,THERMOSTAT,6169,2476,0.5713,0.3439,3251,1305,appariée,H:25-0075_E_PERM_SOUM_20260507_Signed - 7:74,IA:E004:118,Thermostat unipolaire,0.2
humain,25-0075_E_PERM_SOUM_20260507_Signed - 7,E004,SERPENTIN,5242,2438,0.4854,0.3387,2763,1285,appariée,H:25-0075_E_PERM_SOUM_20260507_Signed - 7:75,IA:E004:111,Serpentin électrique SE,2.3
humain,25-0075_E_PERM_SOUM_20260507_Signed - 7,E004,SERPENTIN,5746,2197,0.5321,0.3052,3028,1159,appariée,H:25-0075_E_PERM_SOUM_20260507_Signed - 7:76,IA:E004:109,Serpentin électrique SE,2.8
humain,25-0075_E_PERM_SOUM_20260507_Signed - 7,E004,SERPENTIN,6138,2012,0.5684,0.2795,3235,1061,appariée,H:25-0075_E_PERM_SOUM_20260507_Signed - 7:77,IA:E004:108,Serpentin électrique SE,2.5
humain,25-0075_E_PERM_SOUM_20260507_Signed - 7,E004,SERPENTIN,6201,2001,0.5742,0.2780,3268,1056,appariée,H:25-0075_E_PERM_SOUM_20260507_Signed - 7:78,IA:E004:110,Serpentin électrique SE,6.3
humain,25-0075_E_PERM_SOUM_20260507_Signed - 7,E004,EVAPORATEUR,5999,2602,0.5555,0.3614,3161,1371,appariée,H:25-0075_E_PERM_SOUM_20260507_Signed - 7:79,IA:E004:99,Raccordement unité AC,18.2
humain,25-0075_E_PERM_SOUM_20260507_Signed - 7,E004,EVAPORATEUR,5954,2419,0.5513,0.3360,3138,1275,appariée,H:25-0075_E_PERM_SOUM_20260507_Signed - 7:80,IA:E004:98,Raccordement unité AC,12.8
humain,25-0075_E_PERM_SOUM_20260507_Signed - 7,E004,CONDENSEUR,6384,2772,0.5912,0.3851,3364,1461,appariée,H:25-0075_E_PERM_SOUM_20260507_Signed - 7:81,IA:E004:95,Raccordement condenseur CD,14.3
humain,25-0075_E_PERM_SOUM_20260507_Signed - 7,E004,CONDENSEUR,6387,2880,0.5914,0.4001,3366,1517,appariée,H:25-0075_E_PERM_SOUM_20260507_Signed - 7:82,IA:E004:96,Raccordement condenseur CD,15.2
humain,25-0075_E_PERM_SOUM_20260507_Signed - 7,E004,CHAUFFE-EAU,5962,2493,0.5521,0.3463,3142,1314,appariée,H:25-0075_E_PERM_SOUM_20260507_Signed - 7:83,IA:E004:94,Raccordement chauffe-eau CE-1,2.2
humain,25-0075_E_PERM_SOUM_20260507_Signed - 7,E004,PRISE 15/20A GFI,5314,2954,0.4921,0.4103,2801,1556,appariée,H:25-0075_E_PERM_SOUM_20260507_Signed - 7:84,IA:E004:79,Prise 15-20A DDFT @48po,4.8
humain,25-0075_E_PERM_SOUM_20260507_Signed - 7,E004,PRISE 15/20A GFI,5696,2217,0.5275,0.3080,3002,1169,appariée,H:25-0075_E_PERM_SOUM_20260507_Signed - 7:85,IA:E004:78,Prise 15-20A DDFT @48po,10.2
humain,25-0075_E_PERM_SOUM_20260507_Signed - 7,E004,PRISE 15/20A GFI,5506,1323,0.5099,0.1838,2902,699,appariée,H:25-0075_E_PERM_SOUM_20260507_Signed - 7:86,IA:E004:91,Prise extérieure DDFT EI,11.0
humain,25-0075_E_PERM_SOUM_20260507_Signed - 7,E004,PRISE 15/20A,5511,1531,0.5103,0.2127,2904,809,appariée,H:25-0075_E_PERM_SOUM_20260507_Signed - 7:87,IA:E004:92,Prise micro-onde 5-20R,4.7
humain,25-0075_E_PERM_SOUM_20260507_Signed - 7,E004,PRISE,5471,2465,0.5066,0.3424,2883,1299,appariée,H:25-0075_E_PERM_SOUM_20260507_Signed - 7:88,IA:E004:87,Prise double 15A @48po,5.4
humain,25-0075_E_PERM_SOUM_20260507_Signed - 7,E004,PRISE,5460,2955,0.5056,0.4105,2877,1557,appariée,H:25-0075_E_PERM_SOUM_20260507_Signed - 7:89,IA:E004:90,Prise double 15A @48po,1.9
humain,25-0075_E_PERM_SOUM_20260507_Signed - 7,E004,PRISE,6129,2477,0.5676,0.3441,3230,1306,appariée,H:25-0075_E_PERM_SOUM_20260507_Signed - 7:90,IA:E004:88,Prise double 15A @48po,5.4
humain,25-0075_E_PERM_SOUM_20260507_Signed - 7,E004,PRISE,6115,2420,0.5663,0.3362,3222,1276,appariée,H:25-0075_E_PERM_SOUM_20260507_Signed - 7:91,IA:E004:86,Prise double 15A @48po,9.8
humain,25-0075_E_PERM_SOUM_20260507_Signed - 7,E004,PRISE,5744,2326,0.5319,0.3231,3027,1226,appariée,H:25-0075_E_PERM_SOUM_20260507_Signed - 7:92,IA:E004:85,Prise double 15A @48po,2.4
humain,25-0075_E_PERM_SOUM_20260507_Signed - 7,E004,PRISE,6207,1740,0.5748,0.2417,3271,919,appariée,H:25-0075_E_PERM_SOUM_20260507_Signed - 7:93,IA:E004:83,Prise double 15A @48po,6.8
humain,25-0075_E_PERM_SOUM_20260507_Signed - 7,E004,PRISE,6298,1905,0.5832,0.2646,3319,1005,appariée,H:25-0075_E_PERM_SOUM_20260507_Signed - 7:94,IA:E004:84,Prise double 15A @48po,4.9
humain,25-0075_E_PERM_SOUM_20260507_Signed - 7,E004,PRISE,5934,1384,0.5495,0.1922,3127,731,appariée,H:25-0075_E_PERM_SOUM_20260507_Signed - 7:95,IA:E004:82,Prise double 15A @48po,7.2
humain,25-0075_E_PERM_SOUM_20260507_Signed - 7,E004,PRISE,5516,1402,0.5108,0.1947,2907,741,appariée,H:25-0075_E_PERM_SOUM_20260507_Signed - 7:96,IA:E004:93,Prise réfrigérateur,5.8
humain,25-0075_E_PERM_SOUM_20260507_Signed - 7,E004,PRISE,5240,2062,0.4852,0.2864,2762,1088,appariée,H:25-0075_E_PERM_SOUM_20260507_Signed - 7:97,IA:E004:80,Prise double 15A,8.1
humain,25-0075_E_PERM_SOUM_20260507_Signed - 7,E004,PRISE,5959,2602,0.5518,0.3614,3140,1371,appariée,H:25-0075_E_PERM_SOUM_20260507_Signed - 7:98,IA:E004:89,Prise double 15A @48po,2.9
humain,25-0075_E_PERM_SOUM_20260507_Signed - 7,E004,SORTIE TEL,5424,2468,0.5023,0.3428,2858,1301,appariée,H:25-0075_E_PERM_SOUM_20260507_Signed - 7:99,IA:E004:101,Raccordement échangeur d'air ECH,69.2
humain,25-0075_E_PERM_SOUM_20260507_Signed - 7,E004,SORTIE TEL,5551,1895,0.5140,0.2632,2925,1000,appariée,H:25-0075_E_PERM_SOUM_20260507_Signed - 7:100,IA:E004:113,Sortie data murale,3.9
humain,25-0075_E_PERM_SOUM_20260507_Signed - 7,E004,PRISE GFI,5510,1586,0.5102,0.2203,2904,838,appariée,H:25-0075_E_PERM_SOUM_20260507_Signed - 7:101,IA:E004:81,Prise double 15A @48po,6.6
humain,25-0075_E_PERM_SOUM_20260507_Signed - 7,E004,ECHANGEUR AIR,5318,2243,0.4925,0.3116,2803,1183,manquante IA,H:25-0075_E_PERM_SOUM_20260507_Signed - 7:102,,,
humain,25-0075_E_PERM_SOUM_20260507_Signed - 7,E004,ECHANGEUR AIR,5625,2291,0.5209,0.3182,2964,1208,manquante IA,H:25-0075_E_PERM_SOUM_20260507_Signed - 7:103,,,
humain,25-0075_E_PERM_SOUM_20260507_Signed - 7,E004,RELO FORCE FLOW,5196,1410,0.4812,0.1959,2738,745,appariée,H:25-0075_E_PERM_SOUM_20260507_Signed - 7:104,IA:E004:1,Aéroconvecteur existant relocalisé,7.7
humain,25-0075_E_PERM_SOUM_20260507_Signed - 7,E004,30A NF WP,6367,2999,0.5896,0.4166,3355,1580,appariée,H:25-0075_E_PERM_SOUM_20260507_Signed - 7:105,IA:E004:107,Sectionneur 30A sans fusible,5.8
humain,25-0075_E_PERM_SOUM_20260507_Signed - 7,E004,30A NF WP,6365,2736,0.5894,0.3801,3354,1442,appariée,H:25-0075_E_PERM_SOUM_20260507_Signed - 7:106,IA:E004:106,Sectionneur 30A sans fusible,3.4
humain,25-0075_E_PERM_SOUM_20260507_Signed - 7,E004,THERMOSTAT PLANCHER CHAUFFANT,5981,1689,0.5538,0.2346,3152,892,appariée,H:25-0075_E_PERM_SOUM_20260507_Signed - 7:107,IA:E004:116,Thermostat maître plancher,3.2
humain,25-0075_E_PERM_SOUM_20260507_Signed - 7,E004,THERMOSTAT PLANCHER CHAUFFANT,5792,2399,0.5363,0.3332,3052,1265,appariée,H:25-0075_E_PERM_SOUM_20260507_Signed - 7:108,IA:E004:115,Thermostat esclave plancher — à confirmer,4.1
ia,25-0075_E_PERM_SOUM_20260507_Signed - 6,250075EPER-p06,Luminaire C applique ext.,2621,1896,0.4603,0.4995,2621,1896,appariée,IA:250075EPER-p06:1,H:25-0075_E_PERM_SOUM_20260507_Signed - 6:3,FIXTURE TYPE C,2.5
ia,25-0075_E_PERM_SOUM_20260507_Signed - 6,250075EPER-p06,Luminaire C applique ext.,2854,1461,0.5012,0.3849,2854,1461,appariée,IA:250075EPER-p06:2,H:25-0075_E_PERM_SOUM_20260507_Signed - 6:1,FIXTURE TYPE C,3.0
ia,25-0075_E_PERM_SOUM_20260507_Signed - 6,250075EPER-p06,Luminaire C applique ext.,2854,1837,0.5012,0.4839,2854,1837,appariée,IA:250075EPER-p06:3,H:25-0075_E_PERM_SOUM_20260507_Signed - 6:2,FIXTURE TYPE C,0.9
ia,25-0075_E_PERM_SOUM_20260507_Signed - 6,250075EPER-p06,Luminaire D applique ext.,2755,1369,0.4838,0.3606,2755,1369,appariée,IA:250075EPER-p06:4,H:25-0075_E_PERM_SOUM_20260507_Signed - 6:4,FIXTURE TYPE D,0.4
ia,25-0075_E_PERM_SOUM_20260507_Signed - 6,250075EPER-p06,Luminaire E encastré ext. 4po,2540,1380,0.4461,0.3635,2540,1380,appariée,IA:250075EPER-p06:5,H:25-0075_E_PERM_SOUM_20260507_Signed - 6:5,FIXTURE TYPE E,1.8
ia,25-0075_E_PERM_SOUM_20260507_Signed - 6,250075EPER-p06,Luminaire E encastré ext. 4po,2588,1380,0.4545,0.3635,2588,1380,appariée,IA:250075EPER-p06:6,H:25-0075_E_PERM_SOUM_20260507_Signed - 6:6,FIXTURE TYPE E,1.0
ia,25-0075_E_PERM_SOUM_20260507_Signed - 6,250075EPER-p06,Luminaire E encastré ext. 4po,2636,1380,0.4629,0.3635,2636,1380,appariée,IA:250075EPER-p06:7,H:25-0075_E_PERM_SOUM_20260507_Signed - 6:7,FIXTURE TYPE E,1.2
ia,25-0075_E_PERM_SOUM_20260507_Signed - 6,250075EPER-p06,Luminaire E encastré ext. 4po,2687,1380,0.4719,0.3635,2687,1380,appariée,IA:250075EPER-p06:8,H:25-0075_E_PERM_SOUM_20260507_Signed - 6:8,FIXTURE TYPE E,1.9
ia,25-0075_E_PERM_SOUM_20260507_Signed - 7,E004,Aéroconvecteur existant relocalisé,2731,743,0.4796,0.1957,2731,743,appariée,IA:E004:1,H:25-0075_E_PERM_SOUM_20260507_Signed - 7:104,RELO FORCE FLOW,7.7
ia,25-0075_E_PERM_SOUM_20260507_Signed - 7,E004,Boîtier protection station manuelle,1244,905,0.2185,0.2384,1244,905,appariée,IA:E004:2,H:25-0075_E_PERM_SOUM_20260507_Signed - 7:54,RELO STATION MANUEL,1.7
ia,25-0075_E_PERM_SOUM_20260507_Signed - 7,E004,Cercle gras — à classer,2720,1566,0.4777,0.4125,2720,1566,en trop IA,IA:E004:3,,,
ia,25-0075_E_PERM_SOUM_20260507_Signed - 7,E004,Chauffage type A 1500W,2746,1041,0.4823,0.2742,2746,1041,appariée,IA:E004:4,H:25-0075_E_PERM_SOUM_20260507_Signed - 7:66,PLINTHE A 1500W,73.8
ia,25-0075_E_PERM_SOUM_20260507_Signed - 7,E004,Chauffage type A 1500W,3027,721,0.5316,0.1899,3027,721,appariée,IA:E004:5,H:25-0075_E_PERM_SOUM_20260507_Signed - 7:60,PLINTHE A 1500W,72.5
ia,25-0075_E_PERM_SOUM_20260507_Signed - 7,E004,Chauffage type A 1500W,3157,811,0.5544,0.2136,3157,811,appariée,IA:E004:6,H:25-0075_E_PERM_SOUM_20260507_Signed - 7:61,PLINTHE A 1500W,73.7
ia,25-0075_E_PERM_SOUM_20260507_Signed - 7,E004,Chauffage type A 1500W,3326,813,0.5841,0.2142,3326,813,appariée,IA:E004:7,H:25-0075_E_PERM_SOUM_20260507_Signed - 7:62,PLINTHE A 1500W,79.7
ia,25-0075_E_PERM_SOUM_20260507_Signed - 7,E004,Chauffage type A 1500W,3322,1127,0.5834,0.2969,3322,1127,appariée,IA:E004:8,H:25-0075_E_PERM_SOUM_20260507_Signed - 7:63,PLINTHE A 1500W,81.0
ia,25-0075_E_PERM_SOUM_20260507_Signed - 7,E004,Chauffage type A 1500W,2746,1419,0.4823,0.3738,2746,1419,appariée,IA:E004:9,H:25-0075_E_PERM_SOUM_20260507_Signed - 7:65,PLINTHE A 1500W,81.3
ia,25-0075_E_PERM_SOUM_20260507_Signed - 7,E004,Chauffage type A 1500W,3322,1441,0.5834,0.3796,3322,1441,appariée,IA:E004:10,H:25-0075_E_PERM_SOUM_20260507_Signed - 7:64,PLINTHE A 1500W,71.6
ia,25-0075_E_PERM_SOUM_20260507_Signed - 7,E004,Chauffage type A 900W,2957,1560,0.5193,0.4110,2957,1560,appariée,IA:E004:11,H:25-0075_E_PERM_SOUM_20260507_Signed - 7:67,PLINTHE A 900W,45.0
ia,25-0075_E_PERM_SOUM_20260507_Signed - 7,E004,Chauffage type A 900W,3095,1560,0.5436,0.4110,3095,1560,appariée,IA:E004:12,H:25-0075_E_PERM_SOUM_20260507_Signed - 7:68,PLINTHE A 900W,49.3
ia,25-0075_E_PERM_SOUM_20260507_Signed - 7,E004,Commande éclairage ($),1412,992,0.2480,0.2613,1412,992,appariée,IA:E004:13,H:25-0075_E_PERM_SOUM_20260507_Signed - 7:48,INT 1 VOIE,4.9
ia,25-0075_E_PERM_SOUM_20260507_Signed - 7,E004,Commande éclairage ($),1240,967,0.2178,0.2547,1240,967,appariée,IA:E004:14,H:25-0075_E_PERM_SOUM_20260507_Signed - 7:50,INT 1 VOIE,6.7
ia,25-0075_E_PERM_SOUM_20260507_Signed - 7,E004,Commande éclairage ($),1383,1191,0.2429,0.3138,1383,1191,appariée,IA:E004:15,H:25-0075_E_PERM_SOUM_20260507_Signed - 7:49,INT 1 VOIE,6.2
ia,25-0075_E_PERM_SOUM_20260507_Signed - 7,E004,Commande éclairage ($),1310,1298,0.2301,0.3419,1310,1298,appariée,IA:E004:16,H:25-0075_E_PERM_SOUM_20260507_Signed - 7:47,INT 1 VOIE,4.5
ia,25-0075_E_PERM_SOUM_20260507_Signed - 7,E004,Démol. applique,1257,2478,0.2208,0.6528,1257,2478,en trop IA,IA:E004:17,,,
ia,25-0075_E_PERM_SOUM_20260507_Signed - 7,E004,Démol. chauffage — à confirmer,2682,2450,0.4710,0.6454,2682,2450,en trop IA,IA:E004:18,,,
ia,25-0075_E_PERM_SOUM_20260507_Signed - 7,E004,Démol. luminaire encastré,1257,2155,0.2208,0.5677,1257,2155,en trop IA,IA:E004:19,,,
ia,25-0075_E_PERM_SOUM_20260507_Signed - 7,E004,Démol. luminaire encastré,1274,2368,0.2237,0.6238,1274,2368,en trop IA,IA:E004:20,,,
ia,25-0075_E_PERM_SOUM_20260507_Signed - 7,E004,Démol. luminaire encastré,1274,2529,0.2237,0.6662,1274,2529,en trop IA,IA:E004:21,,,
ia,25-0075_E_PERM_SOUM_20260507_Signed - 7,E004,Démol. luminaire encastré,1268,2689,0.2227,0.7084,1268,2689,en trop IA,IA:E004:22,,,
ia,25-0075_E_PERM_SOUM_20260507_Signed - 7,E004,Démol. luminaire encastré,1257,2931,0.2208,0.7721,1257,2931,en trop IA,IA:E004:23,,,
ia,25-0075_E_PERM_SOUM_20260507_Signed - 7,E004,Démol. prise,2766,2485,0.4858,0.6546,2766,2485,en trop IA,IA:E004:24,,,
ia,25-0075_E_PERM_SOUM_20260507_Signed - 7,E004,Démol. station manuelle,1184,2597,0.2079,0.6841,1184,2597,en trop IA,IA:E004:25,,,
ia,25-0075_E_PERM_SOUM_20260507_Signed - 7,E004,Détecteur de fumée,1738,789,0.3052,0.2079,1738,789,appariée,IA:E004:26,H:25-0075_E_PERM_SOUM_20260507_Signed - 7:55,DÉTECTEUR FUMÉE,8.7
ia,25-0075_E_PERM_SOUM_20260507_Signed - 7,E004,Détecteur de fumée,1516,896,0.2662,0.2360,1516,896,appariée,IA:E004:27,H:25-0075_E_PERM_SOUM_20260507_Signed - 7:56,DÉTECTEUR FUMÉE,10.1
ia,25-0075_E_PERM_SOUM_20260507_Signed - 7,E004,Détecteur de fumée,1674,1145,0.2940,0.3016,1674,1145,appariée,IA:E004:28,H:25-0075_E_PERM_SOUM_20260507_Signed - 7:57,DÉTECTEUR FUMÉE,8.6
ia,25-0075_E_PERM_SOUM_20260507_Signed - 7,E004,Détecteur de fumée,1459,1408,0.2562,0.3709,1459,1408,appariée,IA:E004:29,H:25-0075_E_PERM_SOUM_20260507_Signed - 7:59,DÉTECTEUR FUMÉE,7.3
ia,25-0075_E_PERM_SOUM_20260507_Signed - 7,E004,Détecteur de fumée,1742,1395,0.3059,0.3675,1742,1395,appariée,IA:E004:30,H:25-0075_E_PERM_SOUM_20260507_Signed - 7:58,DÉTECTEUR FUMÉE,6.3
ia,25-0075_E_PERM_SOUM_20260507_Signed - 7,E004,Enseigne sortie mur tête double,1268,868,0.2227,0.2287,1268,868,appariée,IA:E004:31,H:25-0075_E_PERM_SOUM_20260507_Signed - 7:40,ENSEIGNE SORTIE COMBO,6.2
ia,25-0075_E_PERM_SOUM_20260507_Signed - 7,E004,Gradateur à glissière,1740,912,0.3056,0.2403,1740,912,appariée,IA:E004:32,H:25-0075_E_PERM_SOUM_20260507_Signed - 7:45,GRADATEUR,12.4
ia,25-0075_E_PERM_SOUM_20260507_Signed - 7,E004,Gradateur à glissière,1762,912,0.3094,0.2403,1762,912,appariée,IA:E004:33,H:25-0075_E_PERM_SOUM_20260507_Signed - 7:46,GRADATEUR,11.9
ia,25-0075_E_PERM_SOUM_20260507_Signed - 7,E004,Gradateur à glissière,1714,1301,0.3010,0.3427,1714,1301,appariée,IA:E004:34,H:25-0075_E_PERM_SOUM_20260507_Signed - 7:43,GRADATEUR,7.8
ia,25-0075_E_PERM_SOUM_20260507_Signed - 7,E004,Gradateur à glissière,1733,1301,0.3044,0.3427,1733,1301,appariée,IA:E004:35,H:25-0075_E_PERM_SOUM_20260507_Signed - 7:44,GRADATEUR,8.4
ia,25-0075_E_PERM_SOUM_20260507_Signed - 7,E004,Klaxon alarme-incendie,1237,1083,0.2172,0.2853,1237,1083,appariée,IA:E004:36,H:25-0075_E_PERM_SOUM_20260507_Signed - 7:51,KLAXON,7.9
ia,25-0075_E_PERM_SOUM_20260507_Signed - 7,E004,Klaxon alarme-incendie,1237,1430,0.2172,0.3767,1237,1430,appariée,IA:E004:37,H:25-0075_E_PERM_SOUM_20260507_Signed - 7:53,KLAXON,6.3
ia,25-0075_E_PERM_SOUM_20260507_Signed - 7,E004,Luminaire A 2x2 30W,1441,758,0.2531,0.1997,1441,758,appariée,IA:E004:38,H:25-0075_E_PERM_SOUM_20260507_Signed - 7:1,FIXTURE TYPE A,8.2
ia,25-0075_E_PERM_SOUM_20260507_Signed - 7,E004,Luminaire A 2x2 30W,1599,758,0.2808,0.1997,1599,758,appariée,IA:E004:39,H:25-0075_E_PERM_SOUM_20260507_Signed - 7:2,FIXTURE TYPE A,9.0
ia,25-0075_E_PERM_SOUM_20260507_Signed - 7,E004,Luminaire A 2x2 30W,1441,877,0.2531,0.2310,1441,877,appariée,IA:E004:40,H:25-0075_E_PERM_SOUM_20260507_Signed - 7:4,FIXTURE TYPE A,7.9
ia,25-0075_E_PERM_SOUM_20260507_Signed - 7,E004,Luminaire A 2x2 30W,1599,877,0.2808,0.2310,1599,877,appariée,IA:E004:41,H:25-0075_E_PERM_SOUM_20260507_Signed - 7:3,FIXTURE TYPE A,7.4
ia,25-0075_E_PERM_SOUM_20260507_Signed - 7,E004,Luminaire A 2x2 30W,1441,995,0.2531,0.2621,1441,995,appariée,IA:E004:42,H:25-0075_E_PERM_SOUM_20260507_Signed - 7:5,FIXTURE TYPE A,9.3
ia,25-0075_E_PERM_SOUM_20260507_Signed - 7,E004,Luminaire A 2x2 30W,1599,995,0.2808,0.2621,1599,995,appariée,IA:E004:43,H:25-0075_E_PERM_SOUM_20260507_Signed - 7:6,FIXTURE TYPE A,7.0
ia,25-0075_E_PERM_SOUM_20260507_Signed - 7,E004,Luminaire A 2x2 30W,1718,995,0.3017,0.2621,1718,995,appariée,IA:E004:44,H:25-0075_E_PERM_SOUM_20260507_Signed - 7:7,FIXTURE TYPE A,7.1
ia,25-0075_E_PERM_SOUM_20260507_Signed - 7,E004,Luminaire A 2x2 30W,1441,1114,0.2531,0.2935,1441,1114,appariée,IA:E004:45,H:25-0075_E_PERM_SOUM_20260507_Signed - 7:10,FIXTURE TYPE A,9.3
ia,25-0075_E_PERM_SOUM_20260507_Signed - 7,E004,Luminaire A 2x2 30W,1599,1114,0.2808,0.2935,1599,1114,appariée,IA:E004:46,H:25-0075_E_PERM_SOUM_20260507_Signed - 7:9,FIXTURE TYPE A,7.3
ia,25-0075_E_PERM_SOUM_20260507_Signed - 7,E004,Luminaire A 2x2 30W,1758,1114,0.3087,0.2935,1758,1114,appariée,IA:E004:47,H:25-0075_E_PERM_SOUM_20260507_Signed - 7:8,FIXTURE TYPE A,8.4
ia,25-0075_E_PERM_SOUM_20260507_Signed - 7,E004,Luminaire A 2x2 30W,1599,1233,0.2808,0.3248,1599,1233,appariée,IA:E004:48,H:25-0075_E_PERM_SOUM_20260507_Signed - 7:11,FIXTURE TYPE A,10.1
ia,25-0075_E_PERM_SOUM_20260507_Signed - 7,E004,Luminaire A 2x2 30W,1758,1233,0.3087,0.3248,1758,1233,appariée,IA:E004:49,H:25-0075_E_PERM_SOUM_20260507_Signed - 7:12,FIXTURE TYPE A,8.3
ia,25-0075_E_PERM_SOUM_20260507_Signed - 7,E004,Luminaire A 2x2 30W,1441,1367,0.2531,0.3601,1441,1367,appariée,IA:E004:50,H:25-0075_E_PERM_SOUM_20260507_Signed - 7:14,FIXTURE TYPE A,7.8
ia,25-0075_E_PERM_SOUM_20260507_Signed - 7,E004,Luminaire A 2x2 30W,1599,1367,0.2808,0.3601,1599,1367,appariée,IA:E004:51,H:25-0075_E_PERM_SOUM_20260507_Signed - 7:13,FIXTURE TYPE A,8.7
ia,25-0075_E_PERM_SOUM_20260507_Signed - 7,E004,Luminaire A 2x2 30W,1441,1485,0.2531,0.3912,1441,1485,appariée,IA:E004:52,H:25-0075_E_PERM_SOUM_20260507_Signed - 7:17,FIXTURE TYPE A,10.7
ia,25-0075_E_PERM_SOUM_20260507_Signed - 7,E004,Luminaire A 2x2 30W,1599,1485,0.2808,0.3912,1599,1485,appariée,IA:E004:53,H:25-0075_E_PERM_SOUM_20260507_Signed - 7:18,FIXTURE TYPE A,8.9
ia,25-0075_E_PERM_SOUM_20260507_Signed - 7,E004,Luminaire A 2x2 30W,1283,1367,0.2253,0.3601,1283,1367,appariée,IA:E004:54,H:25-0075_E_PERM_SOUM_20260507_Signed - 7:15,FIXTURE TYPE A,10.2
ia,25-0075_E_PERM_SOUM_20260507_Signed - 7,E004,Luminaire A 2x2 30W,1283,1485,0.2253,0.3912,1283,1485,appariée,IA:E004:55,H:25-0075_E_PERM_SOUM_20260507_Signed - 7:16,FIXTURE TYPE A,10.2
ia,25-0075_E_PERM_SOUM_20260507_Signed - 7,E004,Luminaire A1 2x2 40W,1738,758,0.3052,0.1997,1738,758,appariée,IA:E004:56,H:25-0075_E_PERM_SOUM_20260507_Signed - 7:21,FIXTURE TYPE A1,8.9
ia,25-0075_E_PERM_SOUM_20260507_Signed - 7,E004,Luminaire A1 2x2 40W,1738,877,0.3052,0.2310,1738,877,appariée,IA:E004:57,H:25-0075_E_PERM_SOUM_20260507_Signed - 7:22,FIXTURE TYPE A1,12.0
ia,25-0075_E_PERM_SOUM_20260507_Signed - 7,E004,Luminaire A1 2x2 40W,1738,1347,0.3052,0.3548,1738,1347,appariée,IA:E004:58,H:25-0075_E_PERM_SOUM_20260507_Signed - 7:19,FIXTURE TYPE A1,8.9
ia,25-0075_E_PERM_SOUM_20260507_Signed - 7,E004,Luminaire A1 2x2 40W,1738,1505,0.3052,0.3965,1738,1505,appariée,IA:E004:59,H:25-0075_E_PERM_SOUM_20260507_Signed - 7:20,FIXTURE TYPE A1,10.1
ia,25-0075_E_PERM_SOUM_20260507_Signed - 7,E004,Luminaire B encastré 6po 18W,1279,938,0.2246,0.2471,1279,938,appariée,IA:E004:60,H:25-0075_E_PERM_SOUM_20260507_Signed - 7:25,FIXTURE TYPE B,7.8
ia,25-0075_E_PERM_SOUM_20260507_Signed - 7,E004,Luminaire B encastré 6po 18W,1358,976,0.2385,0.2571,1358,976,appariée,IA:E004:61,H:25-0075_E_PERM_SOUM_20260507_Signed - 7:27,FIXTURE TYPE B,3.0
ia,25-0075_E_PERM_SOUM_20260507_Signed - 7,E004,Luminaire B encastré 6po 18W,1279,1015,0.2246,0.2674,1279,1015,appariée,IA:E004:62,H:25-0075_E_PERM_SOUM_20260507_Signed - 7:30,FIXTURE TYPE B,3.9
ia,25-0075_E_PERM_SOUM_20260507_Signed - 7,E004,Luminaire B encastré 6po 18W,1279,1094,0.2246,0.2882,1279,1094,appariée,IA:E004:63,H:25-0075_E_PERM_SOUM_20260507_Signed - 7:26,FIXTURE TYPE B,3.1
ia,25-0075_E_PERM_SOUM_20260507_Signed - 7,E004,Luminaire B encastré 6po 18W,1314,1195,0.2308,0.3148,1314,1195,appariée,IA:E004:64,H:25-0075_E_PERM_SOUM_20260507_Signed - 7:29,FIXTURE TYPE B,5.0
ia,25-0075_E_PERM_SOUM_20260507_Signed - 7,E004,Luminaire B encastré 6po 18W,1281,1241,0.2250,0.3269,1281,1241,appariée,IA:E004:65,H:25-0075_E_PERM_SOUM_20260507_Signed - 7:28,FIXTURE TYPE B,5.6
ia,25-0075_E_PERM_SOUM_20260507_Signed - 7,E004,Luminaire B encastré 6po 18W,1738,837,0.3052,0.2205,1738,837,appariée,IA:E004:66,H:25-0075_E_PERM_SOUM_20260507_Signed - 7:23,FIXTURE TYPE B,5.0
ia,25-0075_E_PERM_SOUM_20260507_Signed - 7,E004,Luminaire B encastré 6po 18W,1740,1432,0.3056,0.3772,1740,1432,appariée,IA:E004:67,H:25-0075_E_PERM_SOUM_20260507_Signed - 7:24,FIXTURE TYPE B,4.3
ia,25-0075_E_PERM_SOUM_20260507_Signed - 7,E004,Luminaire B1 encastré 6po 12W,1266,784,0.2223,0.2065,1266,784,appariée,IA:E004:68,H:25-0075_E_PERM_SOUM_20260507_Signed - 7:31,FIXTURE TYPE B1,7.8
ia,25-0075_E_PERM_SOUM_20260507_Signed - 7,E004,Luminaire B1 encastré 6po 12W,1338,784,0.2350,0.2065,1338,784,appariée,IA:E004:69,H:25-0075_E_PERM_SOUM_20260507_Signed - 7:32,FIXTURE TYPE B1,7.6
ia,25-0075_E_PERM_SOUM_20260507_Signed - 7,E004,Luminaire B1 encastré 6po 12W,1327,877,0.2331,0.2310,1327,877,appariée,IA:E004:70,H:25-0075_E_PERM_SOUM_20260507_Signed - 7:33,FIXTURE TYPE B1,8.0
ia,25-0075_E_PERM_SOUM_20260507_Signed - 7,E004,Luminaire D applique ext.,870,1175,0.1528,0.3095,870,1175,en trop IA,IA:E004:71,,,
ia,25-0075_E_PERM_SOUM_20260507_Signed - 7,E004,Luminaire F sous armoire,1393,877,0.2446,0.2310,1393,877,appariée,IA:E004:72,H:25-0075_E_PERM_SOUM_20260507_Signed - 7:41,FIXTURE TYPE F,10.5
ia,25-0075_E_PERM_SOUM_20260507_Signed - 7,E004,Luminaire F1 sous armoire,1287,1549,0.2260,0.4081,1287,1549,appariée,IA:E004:73,H:25-0075_E_PERM_SOUM_20260507_Signed - 7:42,FIXTURE TYPE F1,21.7
ia,25-0075_E_PERM_SOUM_20260507_Signed - 7,E004,Luminaire G applique toilette,1393,1200,0.2446,0.3161,1393,1200,appariée,IA:E004:74,H:25-0075_E_PERM_SOUM_20260507_Signed - 7:34,FIXTURE TYPE G,9.7
ia,25-0075_E_PERM_SOUM_20260507_Signed - 7,E004,Panneau C 225A,2737,1085,0.4807,0.2858,2737,1085,en trop IA,IA:E004:75,,,
ia,25-0075_E_PERM_SOUM_20260507_Signed - 7,E004,Plancher chauffant zone,3537,1283,0.6212,0.3380,3537,1283,en trop IA,IA:E004:76,,,
ia,25-0075_E_PERM_SOUM_20260507_Signed - 7,E004,Plancher chauffant zone,3559,1296,0.6250,0.3414,3559,1296,en trop IA,IA:E004:77,,,
ia,25-0075_E_PERM_SOUM_20260507_Signed - 7,E004,Prise 15-20A DDFT @48po,2997,1160,0.5263,0.3056,2997,1160,appariée,IA:E004:78,H:25-0075_E_PERM_SOUM_20260507_Signed - 7:85,PRISE 15/20A GFI,10.2
ia,25-0075_E_PERM_SOUM_20260507_Signed - 7,E004,Prise 15-20A DDFT @48po,2797,1553,0.4912,0.4091,2797,1553,appariée,IA:E004:79,H:25-0075_E_PERM_SOUM_20260507_Signed - 7:84,PRISE 15/20A GFI,4.8
ia,25-0075_E_PERM_SOUM_20260507_Signed - 7,E004,Prise double 15A,2755,1083,0.4838,0.2853,2755,1083,appariée,IA:E004:80,H:25-0075_E_PERM_SOUM_20260507_Signed - 7:97,PRISE,8.1
ia,25-0075_E_PERM_SOUM_20260507_Signed - 7,E004,Prise double 15A @48po,2904,831,0.5100,0.2189,2904,831,appariée,IA:E004:81,H:25-0075_E_PERM_SOUM_20260507_Signed - 7:101,PRISE GFI,6.6
ia,25-0075_E_PERM_SOUM_20260507_Signed - 7,E004,Prise double 15A @48po,3124,725,0.5486,0.1910,3124,725,appariée,IA:E004:82,H:25-0075_E_PERM_SOUM_20260507_Signed - 7:95,PRISE,7.2
ia,25-0075_E_PERM_SOUM_20260507_Signed - 7,E004,Prise double 15A @48po,3269,912,0.5741,0.2403,3269,912,appariée,IA:E004:83,H:25-0075_E_PERM_SOUM_20260507_Signed - 7:93,PRISE,6.8
ia,25-0075_E_PERM_SOUM_20260507_Signed - 7,E004,Prise double 15A @48po,3315,1002,0.5822,0.2640,3315,1002,appariée,IA:E004:84,H:25-0075_E_PERM_SOUM_20260507_Signed - 7:94,PRISE,4.9
ia,25-0075_E_PERM_SOUM_20260507_Signed - 7,E004,Prise double 15A @48po,3027,1224,0.5316,0.3224,3027,1224,appariée,IA:E004:85,H:25-0075_E_PERM_SOUM_20260507_Signed - 7:92,PRISE,2.4
ia,25-0075_E_PERM_SOUM_20260507_Signed - 7,E004,Prise double 15A @48po,3221,1266,0.5657,0.3335,3221,1266,appariée,IA:E004:86,H:25-0075_E_PERM_SOUM_20260507_Signed - 7:91,PRISE,9.8
ia,25-0075_E_PERM_SOUM_20260507_Signed - 7,E004,Prise double 15A @48po,2878,1298,0.5054,0.3419,2878,1298,appariée,IA:E004:87,H:25-0075_E_PERM_SOUM_20260507_Signed - 7:88,PRISE,5.4
ia,25-0075_E_PERM_SOUM_20260507_Signed - 7,E004,Prise double 15A @48po,3227,1301,0.5667,0.3427,3227,1301,appariée,IA:E004:88,H:25-0075_E_PERM_SOUM_20260507_Signed - 7:90,PRISE,5.4
ia,25-0075_E_PERM_SOUM_20260507_Signed - 7,E004,Prise double 15A @48po,3142,1369,0.5518,0.3606,3142,1369,appariée,IA:E004:89,H:25-0075_E_PERM_SOUM_20260507_Signed - 7:98,PRISE,2.9
ia,25-0075_E_PERM_SOUM_20260507_Signed - 7,E004,Prise double 15A @48po,2878,1555,0.5054,0.4096,2878,1555,appariée,IA:E004:90,H:25-0075_E_PERM_SOUM_20260507_Signed - 7:89,PRISE,1.9
ia,25-0075_E_PERM_SOUM_20260507_Signed - 7,E004,Prise extérieure DDFT EI,2896,690,0.5086,0.1818,2896,690,appariée,IA:E004:91,H:25-0075_E_PERM_SOUM_20260507_Signed - 7:86,PRISE 15/20A GFI,11.0
ia,25-0075_E_PERM_SOUM_20260507_Signed - 7,E004,Prise micro-onde 5-20R,2904,804,0.5100,0.2118,2904,804,appariée,IA:E004:92,H:25-0075_E_PERM_SOUM_20260507_Signed - 7:87,PRISE 15/20A,4.7
ia,25-0075_E_PERM_SOUM_20260507_Signed - 7,E004,Prise réfrigérateur,2904,736,0.5100,0.1939,2904,736,appariée,IA:E004:93,H:25-0075_E_PERM_SOUM_20260507_Signed - 7:96,PRISE,5.8
ia,25-0075_E_PERM_SOUM_20260507_Signed - 7,E004,Raccordement chauffe-eau CE-1,3144,1314,0.5522,0.3462,3144,1314,appariée,IA:E004:94,H:25-0075_E_PERM_SOUM_20260507_Signed - 7:83,CHAUFFE-EAU,2.2
ia,25-0075_E_PERM_SOUM_20260507_Signed - 7,E004,Raccordement condenseur CD,3359,1474,0.5899,0.3883,3359,1474,appariée,IA:E004:95,H:25-0075_E_PERM_SOUM_20260507_Signed - 7:81,CONDENSEUR,14.3
ia,25-0075_E_PERM_SOUM_20260507_Signed - 7,E004,Raccordement condenseur CD,3359,1531,0.5899,0.4033,3359,1531,appariée,IA:E004:96,H:25-0075_E_PERM_SOUM_20260507_Signed - 7:82,CONDENSEUR,15.2
ia,25-0075_E_PERM_SOUM_20260507_Signed - 7,E004,Raccordement porte électrifiée,2786,839,0.4893,0.2210,2786,839,en trop IA,IA:E004:97,,,
ia,25-0075_E_PERM_SOUM_20260507_Signed - 7,E004,Raccordement unité AC,3150,1272,0.5532,0.3351,3150,1272,appariée,IA:E004:98,H:25-0075_E_PERM_SOUM_20260507_Signed - 7:80,EVAPORATEUR,12.8
ia,25-0075_E_PERM_SOUM_20260507_Signed - 7,E004,Raccordement unité AC,3157,1389,0.5544,0.3659,3157,1389,appariée,IA:E004:99,H:25-0075_E_PERM_SOUM_20260507_Signed - 7:79,EVAPORATEUR,18.2
ia,25-0075_E_PERM_SOUM_20260507_Signed - 7,E004,Raccordement échangeur d'air ECH,2863,1002,0.5028,0.2640,2863,1002,en trop IA,IA:E004:100,,,
ia,25-0075_E_PERM_SOUM_20260507_Signed - 7,E004,Raccordement échangeur d'air ECH,2893,1241,0.5081,0.3269,2893,1241,appariée,IA:E004:101,H:25-0075_E_PERM_SOUM_20260507_Signed - 7:99,SORTIE TEL,69.2
ia,25-0075_E_PERM_SOUM_20260507_Signed - 7,E004,Relais bas voltage RT,2788,1342,0.4896,0.3535,2788,1342,appariée,IA:E004:102,H:25-0075_E_PERM_SOUM_20260507_Signed - 7:72,TRIAC,3.0
ia,25-0075_E_PERM_SOUM_20260507_Signed - 7,E004,Relais bas voltage RT,3280,1037,0.5760,0.2732,3280,1037,appariée,IA:E004:103,H:25-0075_E_PERM_SOUM_20260507_Signed - 7:71,TRIAC,4.4
ia,25-0075_E_PERM_SOUM_20260507_Signed - 7,E004,Relais bas voltage RT,2964,762,0.5205,0.2007,2964,762,appariée,IA:E004:104,H:25-0075_E_PERM_SOUM_20260507_Signed - 7:69,TRIAC,5.6
ia,25-0075_E_PERM_SOUM_20260507_Signed - 7,E004,Relais bas voltage RT,2788,969,0.4896,0.2553,2788,969,appariée,IA:E004:105,H:25-0075_E_PERM_SOUM_20260507_Signed - 7:70,TRIAC,4.9
ia,25-0075_E_PERM_SOUM_20260507_Signed - 7,E004,Sectionneur 30A sans fusible,3352,1439,0.5887,0.3791,3352,1439,appariée,IA:E004:106,H:25-0075_E_PERM_SOUM_20260507_Signed - 7:106,30A NF WP,3.4
ia,25-0075_E_PERM_SOUM_20260507_Signed - 7,E004,Sectionneur 30A sans fusible,3352,1575,0.5887,0.4149,3352,1575,appariée,IA:E004:107,H:25-0075_E_PERM_SOUM_20260507_Signed - 7:105,30A NF WP,5.8
ia,25-0075_E_PERM_SOUM_20260507_Signed - 7,E004,Serpentin électrique SE,3234,1059,0.5680,0.2790,3234,1059,appariée,IA:E004:108,H:25-0075_E_PERM_SOUM_20260507_Signed - 7:77,SERPENTIN,2.5
ia,25-0075_E_PERM_SOUM_20260507_Signed - 7,E004,Serpentin électrique SE,3027,1156,0.5316,0.3045,3027,1156,appariée,IA:E004:109,H:25-0075_E_PERM_SOUM_20260507_Signed - 7:76,SERPENTIN,2.8
ia,25-0075_E_PERM_SOUM_20260507_Signed - 7,E004,Serpentin électrique SE,3273,1059,0.5748,0.2790,3273,1059,appariée,IA:E004:110,H:25-0075_E_PERM_SOUM_20260507_Signed - 7:78,SERPENTIN,6.3
ia,25-0075_E_PERM_SOUM_20260507_Signed - 7,E004,Serpentin électrique SE,2762,1283,0.4851,0.3380,2762,1283,appariée,IA:E004:111,H:25-0075_E_PERM_SOUM_20260507_Signed - 7:75,SERPENTIN,2.3
ia,25-0075_E_PERM_SOUM_20260507_Signed - 7,E004,Sonde plancher chauffant,3115,892,0.5471,0.2350,3115,892,en trop IA,IA:E004:112,,,
ia,25-0075_E_PERM_SOUM_20260507_Signed - 7,E004,Sortie data murale,2922,998,0.5132,0.2629,2922,998,appariée,IA:E004:113,H:25-0075_E_PERM_SOUM_20260507_Signed - 7:100,SORTIE TEL,3.9
ia,25-0075_E_PERM_SOUM_20260507_Signed - 7,E004,Station manuelle existante relocalisée,1237,896,0.2172,0.2360,1237,896,en trop IA,IA:E004:114,,,
ia,25-0075_E_PERM_SOUM_20260507_Signed - 7,E004,Thermostat esclave plancher — à confirmer,3056,1263,0.5367,0.3327,3056,1263,appariée,IA:E004:115,H:25-0075_E_PERM_SOUM_20260507_Signed - 7:108,THERMOSTAT PLANCHER CHAUFFANT,4.1
ia,25-0075_E_PERM_SOUM_20260507_Signed - 7,E004,Thermostat maître plancher,3155,892,0.5541,0.2350,3155,892,appariée,IA:E004:116,H:25-0075_E_PERM_SOUM_20260507_Signed - 7:107,THERMOSTAT PLANCHER CHAUFFANT,3.2
ia,25-0075_E_PERM_SOUM_20260507_Signed - 7,E004,Thermostat unipolaire,3245,910,0.5699,0.2397,3245,910,appariée,IA:E004:117,H:25-0075_E_PERM_SOUM_20260507_Signed - 7:73,THERMOSTAT,2.7
ia,25-0075_E_PERM_SOUM_20260507_Signed - 7,E004,Thermostat unipolaire,3251,1305,0.5710,0.3438,3251,1305,appariée,IA:E004:118,H:25-0075_E_PERM_SOUM_20260507_Signed - 7:74,THERMOSTAT,0.2
ia,25-0075_E_PERM_SOUM_20260507_Signed - 7,E004,Unité urgence UA mur tête double,1360,778,0.2388,0.2050,1360,778,appariée,IA:E004:119,H:25-0075_E_PERM_SOUM_20260507_Signed - 7:36,TETE DOUBLE,2.9
ia,25-0075_E_PERM_SOUM_20260507_Signed - 7,E004,Unité urgence UA mur tête simple,1731,725,0.3040,0.1910,1731,725,appariée,IA:E004:120,H:25-0075_E_PERM_SOUM_20260507_Signed - 7:39,TETE SIMPLE,9.3
ia,25-0075_E_PERM_SOUM_20260507_Signed - 7,E004,Unité urgence UA mur tête simple,1751,1551,0.3075,0.4086,1751,1551,appariée,IA:E004:121,H:25-0075_E_PERM_SOUM_20260507_Signed - 7:38,TETE SIMPLE,4.2
ia,25-0075_E_PERM_SOUM_20260507_Signed - 7,E004,Unité urgence UA plafond,1632,954,0.2866,0.2513,1632,954,appariée,IA:E004:122,H:25-0075_E_PERM_SOUM_20260507_Signed - 7:35,TETE DOUBLE,6.3
ia,25-0075_E_PERM_SOUM_20260507_Signed - 7,E004,Unité urgence UA plafond,1577,1316,0.2770,0.3467,1577,1316,appariée,IA:E004:123,H:25-0075_E_PERM_SOUM_20260507_Signed - 7:37,TETE DOUBLE,9.1
ia,,250075EPER-p03,Détecteur de présence — à confirmer,1525,809,0.2678,0.2131,1525,809,en trop IA (feuille sans page humaine),IA:250075EPER-p03:1,,,
ia,,250075EPER-p03,Détecteur de présence — à confirmer,1569,1215,0.2756,0.3201,1569,1215,en trop IA (feuille sans page humaine),IA:250075EPER-p03:2,,,
ia,,250075EPER-p03,Minuterie astronomique,1687,943,0.2963,0.2484,1687,943,en trop IA (feuille sans page humaine),IA:250075EPER-p03:3,,,
ia,,250075EPER-p04,Boîte alimentation porte (BA),2557,1659,0.4491,0.4370,2557,1659,en trop IA (feuille sans page humaine),IA:250075EPER-p04:1,,,
ia,,250075EPER-p04,Boîte de jonction porte (BJ),2557,1744,0.4491,0.4594,2557,1744,en trop IA (feuille sans page humaine),IA:250075EPER-p04:2,,,
ia,,250075EPER-p04,Relais adressable porte (RA),2634,1595,0.4626,0.4202,2634,1595,en trop IA (feuille sans page humaine),IA:250075EPER-p04:3,,,
ia,,250075EPER-p05,Artère panneau C — à métrer,4365,2553,0.7666,0.6726,4365,2553,en trop IA (feuille sans page humaine),IA:250075EPER-p05:1,,,
ia,,250075EPER-p05,Interrupteur 200A F200A,4253,2649,0.7469,0.6978,4253,2649,en trop IA (feuille sans page humaine),IA:250075EPER-p05:2,,,
ia,,250075EPER-p05,Raccordement mécanique circ. 22 — à confirmer,1964,998,0.3449,0.2629,1964,998,en trop IA (feuille sans page humaine),IA:250075EPER-p05:3,,,
ia,,250075EPER-p05,Remplacement borniers,3344,806,0.5873,0.2123,3344,806,en trop IA (feuille sans page humaine),IA:250075EPER-p05:4,,,
