feuille,id,famille,portee,lieux,afournir,modele,prescription,source
EU01,BD,BLOC ALIMENTATION EXISTANT A ENLEVER,ENLEVER,2,0,EXISTANT - MODELE NON INDIQUE,"Note 4: enlever bloc et prise 120V, abandonner alimentation120V au boitier, couvercle aveugle, maintenir continuite basse tension et raccorder au nouveau bloc.",EU01 Nouveaux composants et notes en plan
EU01,BN,BLOC ALIMENTATION BASSE TENSION NEUF,INSTALLER,1,1,EMERGY LITE 24LC400_LL,Acier blanc; batterie plomb-calcium; montage mural; alimentation directe120V sans fiche; sortie24V DC; capacite600Wh. Note6 nouveau circuit15A au panneau service PS.,"EU01 Nouveaux composants et notes en plan Nouveau circuit120V15A ECLAIRAGE D URGENCE / SORTIE au panneauPS; numero non indique. Reference du devis conservee litteralement avec underscores; suffixes/configuration complete a confirmer, aucune substitution inventee."
EU01,IS,INDICATEUR DE SORTIE,REMPLACER,10,10,EMERGY LITE EA_WU,Aluminium extrude blanc; simple face; pictogramme Running Man vert; 120V <2.5W et 24V DC <1.5W. Fleche et tetes selon conditions existantes et indications en plan.,"EU01 Nouveaux composants et notes en plan Reference du devis conservee litteralement avec underscores; suffixes/configuration complete a confirmer, aucune substitution inventee. Nombre de projecteurs et fleche non deduits du simple symbole indicateur; verifier conditions existantes. Reference du devis conservee litteralement avec underscores; suffixes/configuration complete a confirmer, aucune substitution inventee. Nombre de projecteurs et fleche non deduits du simple symbole indicateur; verifier conditions existantes. Note5: indicateur autonome120V existant a remplacer; abandon alimentation, couvercle aveugle, nouvelle alimentation120V et basse tension depuis indicateur proche."
EU01,PS,PHARE SIMPLE BASSE TENSION,INSTALLER,2,2,EMERGY LITE EF10_LL,Thermoplastique blanc; un projecteur orientable; MR16LED 24V DC 4W; montage selon conditions existantes.,"EU01 Nouveaux composants et notes en plan Reference du devis conservee litteralement avec underscores; suffixes/configuration complete a confirmer, aucune substitution inventee."
EU01,PS,PHARE SIMPLE BASSE TENSION,REMPLACER,16,16,EMERGY LITE EF10_LL,Thermoplastique blanc; un projecteur orientable; MR16LED 24V DC 4W; montage selon conditions existantes.,"EU01 Nouveaux composants et notes en plan Reference du devis conservee litteralement avec underscores; suffixes/configuration complete a confirmer, aucune substitution inventee."
EU02,BD,BLOC ALIMENTATION EXISTANT A ENLEVER,ENLEVER,4,0,EXISTANT A ENLEVER - MODELE NON INDIQUE,Note 4 EU02: bloc d'alimentation existant a enlever; maintien continuite bas voltage; ne pas compter comme fourniture neuve.,Bloc d'alimentation existant a enlever cote gauche sous-sol. Bloc d'alimentation existant a enlever; conserver continuite bas voltage et abandonner la prise 120V dans la boite avec plaque aveugle. Bloc d'alimentation existant a enlever dans salle electrique sous-sol. Bloc d'alimentation existant a enlever; conserver continuite bas voltage et abandonner la prise 120V dans la boite avec plaque aveugle. Bloc d'alimentation existant a enlever pres escalier gauche RDC. Bloc d'alimentation existant a enlever; conserver continuite bas voltage et abandonner la prise 120V dans la boite avec plaque aveugle. Bloc d'alimentation existant a enlever salle communautaire sous-sol. Bloc d'alimentation existant a enlever; conserver continuite bas voltage et abandonner la prise 120V dans la boite avec plaque aveugle.
EU02,BN,BLOC ALIMENTATION BASSE TENSION NEUF,INSTALLER,1,1,EMERGY LITE 24LC400_LL,"Nouveaux composants EU02: bloc d'alimentation bas voltage 24V DC 600 Wh, coffret acier blanc mural, raccord 120V direct; configuration exacte preservee avec blancs de modele source.","EU02 nouveaux composants Note 6: nouveau circuit 120V 15A eclairage d'urgence/sortie au panneau de service (PS), sans numero visible. Nouveau bloc d'alimentation bas voltage dans salle electrique sous-sol. Nouveau bloc d'alimentation bas voltage; nouveau circuit 120V 15A eclairage d'urgence/sortie au panneau de service. source_visible"
EU02,IS,INDICATEUR DE SORTIE,REMPLACER,10,10,EMERGY LITE EA_WU,"Nouveaux composants EU02: indicateur de sortie aluminium blanc, pictogramme coureur vert, fleches selon conditions existantes, 120V et 24V DC; configuration exacte preservee avec blancs de modele source.",EU02 nouveaux composants Indicateur de sortie existant au corridor central droit RDC. Appareil existant a remplacer; raccorder 120V et/ou bas voltage au nouvel appareil avec les cables existants. Indicateur de sortie existant au corridor central gauche RDC. Appareil existant a remplacer; raccorder 120V et/ou bas voltage au nouvel appareil avec les cables existants. Indicateur de sortie existant corridor droit sous-sol. Appareil existant a remplacer; raccorder 120V et/ou bas voltage au nouvel appareil avec les cables existants.
EU02,PD,PHARE DOUBLE BASSE TENSION,INSTALLER,1,1,EMERGY LITE EF10_LL,"Nouveaux composants EU02: appareil d'eclairage d'urgence DEL, thermoplastique blanc, tete simple/double selon plan, MR16LED 24V DC 4W; configuration exacte preservee avec blancs de modele source.",EU02 nouveaux composants Nouvel eclairage d'urgence double tete; note 3. Nouvel appareil; raccorder 120V et/ou bas voltage depuis alimentations a proximite. source_visible
EU02,PS,PHARE SIMPLE BASSE TENSION,REMPLACER,12,12,EMERGY LITE EF10_LL,"Nouveaux composants EU02: appareil d'eclairage d'urgence DEL, thermoplastique blanc, tete simple/double selon plan, MR16LED 24V DC 4W; configuration exacte preservee avec blancs de modele source.",EU02 nouveaux composants Eclairage d'urgence existant au corridor central droit RDC. Appareil existant a remplacer; raccorder 120V et/ou bas voltage au nouvel appareil avec les cables existants. Eclairage d'urgence existant corridor gauche sous-sol. Appareil existant a remplacer; raccorder 120V et/ou bas voltage au nouvel appareil avec les cables existants. Eclairage d'urgence existant cote droit corridor 2e. Appareil existant a remplacer; raccorder 120V et/ou bas voltage au nouvel appareil avec les cables existants.
EU03,AC,APPAREIL AUTONOME EXISTANT A CONVERTIR,CONVERTIR,3,0,EXISTANT - MODELE NON INDIQUE,Note 2: abandon alimentation 120V; couvercle aveugle; nouvelle alimentation basse tension independante vers le nouveau phare double indique par trait de renvoi.,"2E origine note 2 reliee au nouvel appareil note 3; trait de renvoi source relie origine note2 et phare double destination note3; deux lieux de travail, un seul appareil neuf achete Buanderie origine note 2 reliee au nouvel appareil note 3; trait de renvoi source relie origine note2 et phare double destination note3; deux lieux de travail, un seul appareil neuf achete EU03 Nouveaux composants et notes en plan; E15 fait partie integrante selon notes generales EU03 EU03-CONVERSION-ETAGE"
EU03,BD,BLOC ALIMENTATION EXISTANT A ENLEVER,ENLEVER,2,0,EXISTANT - MODELE NON INDIQUE,"Note 4: enlever bloc et prise 120V, abandonner alimentation120V au boitier, couvercle aveugle, maintenir continuite basse tension et raccorder au nouveau bloc.",Depot/lockers ancien bloc a enlever note 4 EU03 Nouveaux composants et notes en plan; E15 fait partie integrante selon notes generales EU03 Salle electrique ancien bloc a enlever note 4
EU03,BN,BLOC ALIMENTATION BASSE TENSION NEUF,INSTALLER,1,1,EMERGY LITE 24LC400_LL,Acier blanc; batterie plomb-calcium; montage mural; alimentation directe120V sans fiche; sortie24V DC; capacite600Wh. Note6 nouveau circuit15A au panneau service PS.,"EU03 Nouveaux composants et notes en plan; E15 fait partie integrante selon notes generales EU03 Nouveau bloc d'alimentation bas voltage PS15A; capacite_Wh=600 selon source, non renseignee comme charge_W; reference devis conservee litteralement avec underscores; configuration complete a confirmer Nouveau circuit120V15A ECLAIRAGE D URGENCE / SORTIE au panneauPS; numero non indique."
EU03,IS,INDICATEUR DE SORTIE,REMPLACER,10,10,EMERGY LITE EA_WU,Aluminium extrude blanc; simple face; pictogramme Running Man vert; 120V <2.5W et 24V DC <1.5W. Fleche et tetes selon conditions existantes et indications en plan.,2E escalier droit sortie; reference devis conservee litteralement avec underscores; configuration complete a confirmer; nombre de fleches/tetes non deduit du symbole seul 2E escalier gauche sortie; reference devis conservee litteralement avec underscores; configuration complete a confirmer; nombre de fleches/tetes non deduit du symbole seul Cuisine sortie autonome a remplacer; conversion cablage selon note 5; reference devis conservee litteralement avec underscores; configuration complete a confirmer; nombre de fleches/tetes non deduit du symbole seul Depot/lockers sortie corridor; reference devis conservee litteralement avec underscores; configuration complete a confirmer; nombre de fleches/tetes non deduit du symbole seul
EU03,PD,PHARE DOUBLE BASSE TENSION,INSTALLER,3,3,EMERGY LITE EF10_LL,Thermoplastique blanc; deux projecteurs orientables; lampes MR16LED 24V DC 4W; montage selon conditions existantes.,"2E destination note 3 reliee a origine note 2; trait de renvoi source relie origine note2 et phare double destination note3; deux lieux de travail, un seul appareil neuf achete; reference devis conservee litteralement avec underscores; configuration complete a confirmer Buanderie destination note 3 reliee a origine note 2; trait de renvoi source relie origine note2 et phare double destination note3; deux lieux de travail, un seul appareil neuf achete; reference devis conservee litteralement avec underscores; configuration complete a confirmer DESTINATION EU03 Nouveaux composants et notes en plan; E15 fait partie integrante selon notes generales EU03"
EU03,PD,PHARE DOUBLE BASSE TENSION,REMPLACER,1,1,EMERGY LITE EF10_LL,Thermoplastique blanc; deux projecteurs orientables; lampes MR16LED 24V DC 4W; montage selon conditions existantes.,"EU03 Nouveaux composants et notes en plan; E15 fait partie integrante selon notes generales EU03 Salle communautaire phare double corridor, gauche de la sortie note 5; reference devis conservee litteralement avec underscores; configuration complete a confirmer"
EU03,PS,PHARE SIMPLE BASSE TENSION,INSTALLER,1,1,EMERGY LITE EF10_LL,Thermoplastique blanc; un projecteur orientable; MR16LED 24V DC 4W; montage selon conditions existantes.,Depot/lockers nouvel appareil note 3; reference devis conservee litteralement avec underscores; configuration complete a confirmer EU03 Nouveaux composants et notes en plan; E15 fait partie integrante selon notes generales EU03
EU03,PS,PHARE SIMPLE BASSE TENSION,REMPLACER,11,11,EMERGY LITE EF10_LL,Thermoplastique blanc; un projecteur orientable; MR16LED 24V DC 4W; montage selon conditions existantes.,2E corridor gauche tete bas voltage; reference devis conservee litteralement avec underscores; configuration complete a confirmer 2E escalier droit tete droite; reference devis conservee litteralement avec underscores; configuration complete a confirmer 2E escalier droit tete gauche; reference devis conservee litteralement avec underscores; configuration complete a confirmer 2E escalier gauche tete bas voltage; reference devis conservee litteralement avec underscores; configuration complete a confirmer
EU04,AC,APPAREIL AUTONOME EXISTANT A CONVERTIR,CONVERTIR,3,0,EXISTANT - MODELE NON INDIQUE,Note 2: abandon alimentation 120V; couvercle aveugle; nouvelle alimentation basse tension independante vers le nouveau phare double indique par trait de renvoi.,EU04 Nouveaux composants et notes en plan EU04-CONVERSION-ETAGE EU04-CONVERSION-RDC EU04-CONVERSION-SS
EU04,BD,BLOC ALIMENTATION EXISTANT A ENLEVER,ENLEVER,3,0,EXISTANT - MODELE NON INDIQUE,"Note 4: enlever bloc et prise 120V, abandonner alimentation120V au boitier, couvercle aveugle, maintenir continuite basse tension et raccorder au nouveau bloc.",EU04 Nouveaux composants et notes en plan
EU04,BN,BLOC ALIMENTATION BASSE TENSION NEUF,INSTALLER,1,1,EMERGY LITE 24LC400_LL,Acier blanc; batterie plomb-calcium; montage mural; alimentation directe120V sans fiche; sortie24V DC; capacite600Wh. Note6 nouveau circuit15A au panneau service PS.,"EU04 Nouveaux composants et notes en plan Nouveau circuit120V15A ECLAIRAGE D URGENCE / SORTIE au panneauPS; numero non indique. Reference du devis conservee litteralement avec underscores; suffixes/configuration complete a confirmer, aucune substitution inventee."
EU04,IS,INDICATEUR DE SORTIE,INSTALLER,1,1,EMERGY LITE EA_WU,Aluminium extrude blanc; simple face; pictogramme Running Man vert; 120V <2.5W et 24V DC <1.5W. Fleche et tetes selon conditions existantes et indications en plan.,"EU04 Nouveaux composants et notes en plan Reference du devis conservee litteralement avec underscores; suffixes/configuration complete a confirmer, aucune substitution inventee. Nombre de projecteurs et fleche non deduits du simple symbole indicateur; verifier conditions existantes."
EU04,IS,INDICATEUR DE SORTIE,REMPLACER,7,7,EMERGY LITE EA_WU,Aluminium extrude blanc; simple face; pictogramme Running Man vert; 120V <2.5W et 24V DC <1.5W. Fleche et tetes selon conditions existantes et indications en plan.,"EU04 Nouveaux composants et notes en plan Reference du devis conservee litteralement avec underscores; suffixes/configuration complete a confirmer, aucune substitution inventee. Nombre de projecteurs et fleche non deduits du simple symbole indicateur; verifier conditions existantes."
EU04,PD,PHARE DOUBLE BASSE TENSION,INSTALLER,3,3,EMERGY LITE EF10_LL,Thermoplastique blanc; deux projecteurs orientables; lampes MR16LED 24V DC 4W; montage selon conditions existantes.,DESTINATION EU04 Nouveaux composants et notes en plan EU04-CONVERSION-ETAGE EU04-CONVERSION-RDC
EU04,PS,PHARE SIMPLE BASSE TENSION,INSTALLER,1,1,EMERGY LITE EF10_LL,Thermoplastique blanc; un projecteur orientable; MR16LED 24V DC 4W; montage selon conditions existantes.,"EU04 Nouveaux composants et notes en plan Reference du devis conservee litteralement avec underscores; suffixes/configuration complete a confirmer, aucune substitution inventee."
EU04,PS,PHARE SIMPLE BASSE TENSION,REMPLACER,11,11,EMERGY LITE EF10_LL,Thermoplastique blanc; un projecteur orientable; MR16LED 24V DC 4W; montage selon conditions existantes.,"EU04 Nouveaux composants et notes en plan Reference du devis conservee litteralement avec underscores; suffixes/configuration complete a confirmer, aucune substitution inventee."
