s_number,dossier_plans_drive,n_qpl,marks,qpl_files
16,,1,0,S-016 (1-Février-2022)\S-016 (1-Février-2022) - Copie.qpl
30,,2,3836,S-0030 (11-Août-2021)\S-0030 (11-Août-2021) - Copie.qpl ; S-0030 ADD2 (14-Septembre-2021)\S-0030 ADD2 (14-Septembre-2021) - Copie.qpl
42,,1,203,S-0042 (3-Septembre-2021)\S-0042 (3-Septembre-2021) - Copie.qpl
46,,1,555,S-0046 (31-Août-2021)\S-0046 (31-Août-2021) - Copie.qpl
49,,1,244,S-0049 (2-Septembre-2021)\S-0049 (2-Septembre-2021) - Copie.qpl
53,,1,1011,S-0053 (9-Septembre-2021)\S-0053 (9-Septembre-2021) - Copie.qpl
54,,1,52,S-0054 (9-Septembre-2021)\S-0054 (9-Septembre-2021) - Copie.qpl
61,,3,73,S-0061 (14-Septembre-2021) (1)\S-0061 (14-Septembre-2021) - Copie.qpl ; S-0061 (14-Septembre-2021) (2)\S-0061 (14-Septembre-2021) - Copie.qpl ; S-0061 (14-Septembre-2021)\S-0061 (14-Septembre-2021) - Copie.qpl
69,,1,978,S-0069 (21-Septembre-2021)\S-0069 (21-Septembre-2021) - Copie.qpl
73,,1,1248,S-0073 (24-Septembre-2021)\S-0073 (24-Septembre-2021) - Copie.qpl
79,,2,172,S-0079 (4-Octobre-2021)\S-0079 (4-Octobre-2021) - Copie.qpl ; S0079 (4-Octobre-2021)\S0079 (4-Octobre-2021) - Copie.qpl
80,,1,2094,S-0080 (4-Octobre-2021)\S-0080 (4-Octobre-2021) - Copie.qpl
81,,1,275,S-0081 (5-Octobre-2021)\S-0081 (5-Octobre-2021) - Copie.qpl
92,,1,3862,S-0092 (18-Octobre-2021)\S-0092 (18-Octobre-2021) - Copie.qpl
93,,1,871,S-0093 (19-Octobre-2021)\S-0093 (19-Octobre-2021) - Copie.qpl
99,,1,538,S-0099 (25-Octobre-2021)\S-0099 (25-Octobre-2021) - Copie.qpl
100,,1,1135,S-00100 (26-Octobre-2021)\S-00100 (26-Octobre-2021) - Copie.qpl
107,,1,96,S-00107 (2-Novembre-2021)\S-00107 (2-Novembre-2021) - Copie.qpl
108,,1,390,S-00108 (3-Novembre-2021)\S-00108 (3-Novembre-2021) - Copie.qpl
109,,1,0,S-00109 (11-Novembre-2021)\S-00109 (11-Novembre-2021) - Copie.qpl
120,,2,1110,S-00120 (11-Novembre-2021)\S-00120 (11-Novembre-2021) - Copie.qpl ; S-0120-1 (3-Janvier-2022)\S-0120-1 (3-Janvier-2022) - Copie.qpl
121,,1,107,S-0121 (19-Novembre-2021)\S-0121 (19-Novembre-2021) - Copie.qpl
122,,1,310,S-0122 (22-Novembre-2021)\S-0122 (22-Novembre-2021) - Copie.qpl
123,,1,415,S-0123 (23-Novembre-2021)\S-0123 (23-Novembre-2021) - Copie.qpl
128,,1,261,S-0128 (29-Novembre-2021)\S-0128 (29-Novembre-2021) - Copie.qpl
130,,1,1921,S-0130 (2-Décembre-2021)\S-0130 (2-Décembre-2021) - Copie.qpl
133,,1,4330,S-0133 (9-Décembre-2021)\S-0133 (9-Décembre-2021) - Copie.qpl
136,,1,259,S-0136 (16-Décembre-2021)\S-0136 (16-Décembre-2021) - Copie.qpl
139,,2,39614,S-0139 (5-Janvier-2022)\S-0139 (5-Janvier-2022) - Copie.qpl ; S-0139 (5-Janvier-2022)\S-0139 (5-Janvier-2022).qpl
150,,1,502,S-0150 (14-Janvier-2022)\S-0150 (14-Janvier-2022) - Copie.qpl
154,,1,250,S-0154 (20-Janvier-2022)\S-0154 (20-Janvier-2022) - Copie.qpl
157,,1,873,S-0157 (24-Janvier-2022)\S-0157 (24-Janvier-2022) - Copie.qpl
167,,1,0,S-0167 (31-Janvier-2022)\S-0167 (31-Janvier-2022) - Copie.qpl
169,,2,3676,S-0169 (1-Février-2022)\S-0169 (1-Février-2022) - Copie.qpl ; S-0169 (1-Février-2022)\S-0169 (1-Février-2022).qpl
170,,1,0,S-0170 (26-Avril-2023)\S-0170 (26-Avril-2023) - Copie.qpl
185,,1,2853,S-0185 (11-Février-2022)\S-0185 (11-Février-2022) - Copie.qpl
199,,1,288,S-0199 (23-Février-2022)\S-0199 (23-Février-2022) - Copie.qpl
200,,1,0,S-0200 (25-Février-2022)\S-0200 (25-Février-2022) - Copie.qpl
201,,1,17,S-0201 (25-Février-2022)\S-0201 (25-Février-2022) - Copie.qpl
202,,1,108,S-0202 (28-Février-2022)\S-0202 (28-Février-2022) - Copie.qpl
204,,1,0,S-0204 (1-Mars-2022)\S-0204 (1-Mars-2022) - Copie.qpl
205,,1,0,S-0205 (1-Mars-2022)\S-0205 (1-Mars-2022) - Copie.qpl
206,,1,0,S-0206 (1-Mars-2022)\S-0206 (1-Mars-2022) - Copie.qpl
213,,1,1109,S-0213 (3-Mars-2022)\S-0213 (3-Mars-2022) - Copie.qpl
214,,1,264,S-0214 (4-Mars-2022)\S-0214 (4-Mars-2022) - Copie.qpl
215,,1,719,S-0215 (8-Mars-2022)\S-0215 (8-Mars-2022) - Copie.qpl
221,,1,4,S-0221 (11-Mars-2022)\S-0221 (11-Mars-2022) - Copie.qpl
222,,1,0,S-0222 (11-Mars-2022)\S-0222 (11-Mars-2022) - Copie.qpl
225,,1,506,S-0225 (17-Mars-2022)\S-0225 (17-Mars-2022) - Copie.qpl
226,,1,60,S-0226 (18-Mars-2022)\S-0226 (18-Mars-2022) - Copie.qpl
230,,1,154,S-0230 (22-Mars-2022)\S-0230 (22-Mars-2022) - Copie.qpl
233,,1,1055,S-0233 (23-Mars-2022)\S-0233 (23-Mars-2022) - Copie.qpl
238,,2,48,S-0238 (21-Novembre-2022)\S-0238 (21-Novembre-2022) - Copie.qpl ; S-0238R (10-Février-2023)\S-0238R (10-Février-2023) - Copie.qpl
239,,1,33,S-0239 (30-Mars-2022)\S-0239 (30-Mars-2022) - Copie.qpl
240,,1,1809,S-0240 (1-Avril-2022)\S-0240 (1-Avril-2022) - Copie.qpl
243,,1,193,S-0243 (6-Avril-2022)\S-0243 (6-Avril-2022) - Copie.qpl
244,,1,58,S-0244 (7-Avril-2022)\S-0244 (7-Avril-2022) - Copie.qpl
248,,1,222,S-0248 (11-Avril-2022)\S-0248 (11-Avril-2022) - Copie.qpl
250,,1,178,S-0250 (13-Avril-2022)\S-0250 (13-Avril-2022) - Copie.qpl
255,,1,0,S-0255 (14-Avril-2022)\S-0255 (14-Avril-2022) - Copie.qpl
256,,1,995,S-0256 (19-Avril-2022)\S-0256 (19-Avril-2022) - Copie.qpl
259,,1,12,S-0259 (19-Avril-2022)\S-0259 (19-Avril-2022) - Copie.qpl
260,,1,9,S-0260 (20-Avril-2022)\S-0260 (20-Avril-2022) - Copie.qpl
262,,1,3,S-0262 (20-Avril-2022)\S-0262 (20-Avril-2022) - Copie.qpl
266,,1,133,S-0266 (21-Avril-2022)\S-0266 (21-Avril-2022) - Copie.qpl
269,,1,0,S-0269 (25-Avril-2022)\S-0269 (25-Avril-2022) - Copie.qpl
272,,1,220,S-0272 (28-Avril-2022)\S-0272 (28-Avril-2022) - Copie.qpl
273,,1,963,S-0273 (28-Avril-2022)\S-0273 (28-Avril-2022) - Copie.qpl
275,,1,109,S-0275 (2-Mai-2022)\S-0275 (2-Mai-2022) - Copie.qpl
277,,1,1476,S-0277 (3-Mai-2022)\S-0277 (3-Mai-2022) - Copie.qpl
280,,1,953,S-0280 (5-Mai-2022)\S-0280 (5-Mai-2022) - Copie.qpl
281,,1,26,S-0281 (6-Mai-2022)\S-0281 (6-Mai-2022) - Copie.qpl
286,,1,15,S-0286 (6-Mai-2022)\S-0286 (6-Mai-2022) - Copie.qpl
288,,1,0,S-0288 (10-Mai-2022)\S-0288 (10-Mai-2022) - Copie.qpl
289,,1,193,S-0289 (11-Mai-2022)\S-0289 (11-Mai-2022) - Copie.qpl
290,,1,318,S-0290 (11-Mai-2022)\S-0290 (11-Mai-2022) - Copie.qpl
292,,1,81,S-0292 (12-Mai-2022)\S-0292 (12-Mai-2022) - Copie.qpl
295,,1,519,S-0295 (17-Mai-2022)\S-0295 (17-Mai-2022) - Copie.qpl
296,,1,2254,S-0296 (18-Mai-2022)\S-0296 (18-Mai-2022) - Copie.qpl
302,,1,181,S-0302 (20-Mai-2022)\S-0302 (20-Mai-2022) - Copie.qpl
307,,1,0,S-0307 (26-Mai-2022)\S-0307 (26-Mai-2022) - Copie.qpl
309,,1,1528,S-0309 (27-Mai-2022)\S-0309 (27-Mai-2022) - Copie.qpl
310,,1,18,S-0310 (26-Mai-2022)\S-0310 (26-Mai-2022) - Copie.qpl
312,,1,116,S-0312 (30-Mai-2022)\S-0312 (30-Mai-2022) - Copie.qpl
314,,1,9,S-0314 (31-Mai-2022)\S-0314 (31-Mai-2022) - Copie.qpl
317,,1,44,S-0317 (1-Juin-2022)\S-0317 (1-Juin-2022) - Copie.qpl
321,,1,911,S-0321 (2-Juin-2022)\S-0321 (2-Juin-2022) - Copie.qpl
323,,1,71,S-0323 (7-Juin-2022)\S-0323 (7-Juin-2022) - Copie.qpl
324,,2,0,S-0324 (7-Juin-2022) (1)\S-0324 (7-Juin-2022) - Copie.qpl ; S-0324 (7-Juin-2022)\S-0324 (7-Juin-2022) - Copie.qpl
325,,1,40,S-0325 (7-Juin-2022)\S-0325 (7-Juin-2022) - Copie.qpl
330,,1,7033,S-0330 (14-Juin-2022)\S-0330 (14-Juin-2022) - Copie.qpl
334,,1,372,S-0334 (20-Juin-2022)\S-0334 (20-Juin-2022) - Copie.qpl
336,,1,122,S-0336 (21-Juin-2022)\S-0336 (21-Juin-2022) - Copie.qpl
339,,1,139,S-0339 (28-Juin-2022)\S-0339 (28-Juin-2022) - Copie.qpl
340,,1,218,S-0340 (29-Juin-2022)\S-0340 (29-Juin-2022) - Copie.qpl
345,,1,6,S-0345 (7-Juillet-2022)\S-0345 (7-Juillet-2022) - Copie.qpl
351,,1,68,S-0351 (11-Juillet-2022)\S-0351 (11-Juillet-2022) - Copie.qpl
356,,1,1297,S-0356 (13-Juillet-2022)\S-0356 (13-Juillet-2022) - Copie.qpl
357,,2,3,S-0357 (14-Juillet-2022)\S-0357 (14-Juillet-2022) - Copie.qpl ; S-0357 (20-Juillet-2022)\S-0357 (20-Juillet-2022) - Copie.qpl
358,,1,1432,S-0358 - GBI 255 Crémazie (13-Juillet-2022)\S-0358 - GBI 255 Crémazie (13-Juillet-2022) - Copie.qpl
361,,1,36,S-0361 (15-Juillet-2022)\S-0361 (15-Juillet-2022) - Copie.qpl
367,,1,849,S-0367 (8-Août-2022)\S-0367 (8-Août-2022) - Copie.qpl
374,,1,43,S-0374 (12-Août-2022)\S-0374 (12-Août-2022) - Copie.qpl
377,,1,639,S-0377 (17-Août-2022)\S-0377 (17-Août-2022) - Copie.qpl
381,,1,8,S-0381 (23-Août-2022)\S-0381 (23-Août-2022) - Copie.qpl
384,,1,239,S-0384 (23-Août-2022)\S-0384 (23-Août-2022) - Copie.qpl
388,,2,438,S-0388 (26-Août-2022) (1)\S-0388 (26-Août-2022) - Copie.qpl ; S-0388 (26-Août-2022)\S-0388 (26-Août-2022) - Copie.qpl
391,,1,373,S-0391 (29-Août-2022)\S-0391 (29-Août-2022) - Copie.qpl
400,,2,1608,S-0400 (30-Août-2022)\S-0400 (30-Août-2022) - Copie.qpl ; S-0400-1 (2-Septembre-2022)\S-0400-1 (2-Septembre-2022) - Copie.qpl
401,,1,114,S-0401 (31-Août-2022)\S-0401 (31-Août-2022) - Copie.qpl
407,,1,94,S-0407 (6-Septembre-2022)\S-0407 (6-Septembre-2022) - Copie.qpl
410,,1,546,S-0410 (6-Septembre-2022)\S-0410 (6-Septembre-2022) - Copie.qpl
415,,1,329,S-0415 (19-Septembre-2022)\S-0415 (19-Septembre-2022) - Copie.qpl
416,,1,225,S-0416 (15-Septembre-2022)\S-0416 (15-Septembre-2022) - Copie.qpl
417,,1,0,S-0417 (19-Septembre-2022)\S-0417 (19-Septembre-2022) - Copie.qpl
418,,1,371,S-0418 (21-Septembre-2022)\S-0418 (21-Septembre-2022) - Copie.qpl
420,,1,78,S-0420 (23-Septembre-2022)\S-0420 (23-Septembre-2022) - Copie.qpl
421,,2,0,S-00421 (5-Octobre-2022)\S-00421 (5-Octobre-2022) - Copie.qpl ; S-0421 (27-Septembre-2022)\S-0421 (27-Septembre-2022) - Copie.qpl
423,,1,3310,S-0423 (28-Septembre-2022)\S-0423 (28-Septembre-2022) - Copie.qpl
427,,1,163,S-427 (2-Décembre-2022)\S-427 (2-Décembre-2022) - Copie.qpl
428,,1,367,S-0428 (3-Octobre-2022)\S-0428 (3-Octobre-2022) - Copie.qpl
433,,1,284,S-0433 (12-Octobre-2022)\S-0433 (12-Octobre-2022) - Copie.qpl
436,,2,1912,S-0436 (13-Octobre-2022) (1)\S-0436 (13-Octobre-2022) - Copie.qpl ; S-0436 (13-Octobre-2022)\S-0436 (13-Octobre-2022) - Copie.qpl
437,,1,131,S-0437 (14-Octobre-2022)\S-0437 (14-Octobre-2022) - Copie.qpl
439,,1,1613,S-0439 (17-Octobre-2022)\S-0439 (17-Octobre-2022) - Copie.qpl
444,,1,0,S-0444 (24-Octobre-2024)\S-0444 (24-Octobre-2024) - Copie.qpl
447,,1,0,S-0447-D (28-Octobre-2022)\S-0447-D (28-Octobre-2022) - Copie.qpl
449,,1,36,S-0449 (27-Octobre-2022)\S-0449 (27-Octobre-2022) - Copie.qpl
452,,2,28,S-0452 (1-Novembre-2022) (1)\S-0452 (1-Novembre-2022) - Copie.qpl ; S-0452 (1-Novembre-2022)\S-0452 (1-Novembre-2022) - Copie.qpl
455,,1,0,S-0455 (21-Octobre-2022)\S-0455 (21-Octobre-2022) - Copie.qpl
460,,1,20,S-0460 (7-Novembre-2022)\S-0460 (7-Novembre-2022) - Copie.qpl
463,,1,239,S-0463 (8-Novembre-2022)\S-0463 (8-Novembre-2022) - Copie.qpl
464,,1,741,S-0464 (8-Novembre-2022)\S-0464 (8-Novembre-2022) - Copie.qpl
476,,2,88,S-0476 (21-Novembre-2022)\S-0476 (21-Novembre-2022) - Copie.qpl ; S-0476 (21-Novembre-2022)\S-0476 (21-Novembre-2022).qpl
481,,1,564,S-0481 (29-Novembre-2022)\S-0481 (29-Novembre-2022) - Copie.qpl
484,,1,24,S-0484 (1-Décembre-2022)\S-0484 (1-Décembre-2022) - Copie.qpl
486,,1,226,S-0486 (1-Décembre-2022)\S-0486 (1-Décembre-2022) - Copie.qpl
496,,1,152,S-0496 (14-Décembre-2022)\S-0496 (14-Décembre-2022) - Copie.qpl
497,,1,18,S-0497 (14-Décembre-2022)\S-0497 (14-Décembre-2022) - Copie.qpl
498,,1,526,S-0498 (14-Décembre-2022)\S-0498 (14-Décembre-2022) - Copie.qpl
500,,1,24,S-0500 (15-Décembre-2022)\S-0500 (15-Décembre-2022) - Copie.qpl
504,,2,173,S-0504 (22-Décembre-2022) (1)\S-0504 (22-Décembre-2022) - Copie.qpl ; S-0504 (22-Décembre-2022)\S-0504 (22-Décembre-2022) - Copie.qpl
509,,1,24,S-0509 (10-Janvier-2023)\S-0509 (10-Janvier-2023) - Copie.qpl
513,,1,589,S-0513 (11-Janvier-2023)\S-0513 (11-Janvier-2023) - Copie.qpl
517,,1,12,S-0517 (12-Janvier-2023)\S-0517 (12-Janvier-2023) - Copie.qpl
521,,1,12,S-0521 (16-Janvier-2023)\S-0521 (16-Janvier-2023) - Copie.qpl
527,,1,250,S-0527 (20-Janvier-2023)\S-0527 (20-Janvier-2023) - Copie.qpl
528,,1,784,S-0528 (20-Janvier-2023)\S-0528 (20-Janvier-2023) - Copie.qpl
530,,1,11,S-0530 (26-Janvier-2023)\S-0530 (26-Janvier-2023) - Copie.qpl
533,,1,0,S-0533 (19-Mai-2023)\S-0533 (19-Mai-2023) - Copie.qpl
543,,1,26,S-0543 (6-Février-2023)\S-0543 (6-Février-2023) - Copie.qpl
549,,1,16,S-0549 (9-Février-2023)\S-0549 (9-Février-2023) - Copie.qpl
550,,1,0,S-0550 (14-Février-2023)\S-0550 (14-Février-2023) - Copie.qpl
551,,1,0,S-0551 (14-Février-2023)\S-0551 (14-Février-2023) - Copie.qpl
552,,1,0,S-0552 (15-Février-2023)\S-0552 (15-Février-2023) - Copie.qpl
553,,1,132,S-0553 (15-Février-2023)\S-0553 (15-Février-2023) - Copie.qpl
554,,1,32,S-0554 (15-Février-2023)\S-0554 (15-Février-2023) - Copie.qpl
557,,1,0,S-0557 (17-Février-2023)\S-0557 (17-Février-2023) - Copie.qpl
558,,1,882,S-0558 (17-Février-2023)\S-0558 (17-Février-2023) - Copie.qpl
560,,1,60,S-0560 (21-Février-2023)\S-0560 (21-Février-2023) - Copie.qpl
572,,1,1410,S-0572 (1-Mars-2023)\S-0572 (1-Mars-2023) - Copie.qpl
575,,1,0,S-0575 (2-Mars-2023)\S-0575 (2-Mars-2023) - Copie.qpl
580,,1,8,S-0580 (3-Mars-2023)\S-0580 (3-Mars-2023) - Copie.qpl
581,,1,1154,S-0581 (6-Mars-2023)\S-0581 (6-Mars-2023) - Copie.qpl
583,,1,38,S-0583 (8-Mars-2023)\S-0583 (8-Mars-2023) - Copie.qpl
593,,1,2091,S-0593 (20-Mars-2023)\S-0593 (20-Mars-2023) - Copie.qpl
594,,1,38,S-0594 (20-Mars-2023)\S-0594 (20-Mars-2023) - Copie.qpl
595,,1,148,S-0595 (20-Mars-2023)\S-0595 (20-Mars-2023) - Copie.qpl
600,,1,110,S-0600 (23-Mars-2023)\S-0600 (23-Mars-2023) - Copie.qpl
610,,1,0,S-0610 (29-Mars-2023)\S-0610 (29-Mars-2023) - Copie.qpl
613,,1,254,S-0613 (30-Mars-2023)\S-0613 (30-Mars-2023) - Copie.qpl
621,,1,65,S-0621 (17-Mai-2023)\S-0621 (17-Mai-2023) - Copie.qpl
627,,1,20,S-0627 (14-Avril-2023)\S-0627 (14-Avril-2023) - Copie.qpl
630,,1,0,S-0630 (26-Avril-2023)\S-0630 (26-Avril-2023) - Copie.qpl
644,,1,0,S-0644 (27-Avril-2023)\S-0644 (27-Avril-2023) - Copie.qpl
645,,1,683,S-0645 (27-Avril-2023)\S-0645 (27-Avril-2023) - Copie.qpl
646,,1,828,S-0646 (27-Avril-2023)\S-0646 (27-Avril-2023) - Copie.qpl
650,,1,538,S-0650 (1-Mai-2023)\S-0650 (1-Mai-2023) - Copie.qpl
652,,1,46,S-0652 (3-Mai-2023)\S-0652 (3-Mai-2023) - Copie.qpl
653,,1,948,S-0653 (8-Mai-2023)\S-0653 (8-Mai-2023) - Copie.qpl
657,,1,3058,S-0657 (11-Mai-2023)\S-0657 (11-Mai-2023) - Copie.qpl
659,,1,0,S-0659 (12-Mai-2023)\S-0659 (12-Mai-2023) - Copie.qpl
660,,1,18,S-0660 (15-Mai-2023)\S-0660 (15-Mai-2023) - Copie.qpl
665,,1,179,S-0665 (17-Mai-2023)\S-0665 (17-Mai-2023) - Copie.qpl
666,,1,0,S-0666 (17-Mai-2023)\S-0666 (17-Mai-2023) - Copie.qpl
669,,2,1165,S-0669 (24-Mai-2023) (1)\S-0669 (24-Mai-2023) - Copie.qpl ; S-0669 (24-Mai-2023)\S-0669 (24-Mai-2023) - Copie.qpl
670,,1,731,S-0670 (24-Mai-2023)\S-0670 (24-Mai-2023) - Copie.qpl
672,,1,74,S-0672 (29-Mai-2023)\S-0672 (29-Mai-2023) - Copie.qpl
675,,1,875,S-0675 (31-Mai-2023)\S-0675 (31-Mai-2023) - Copie.qpl
680,,1,379,S-0680 (2-Juin-2023)\S-0680 (2-Juin-2023) - Copie.qpl
682,,1,592,S-0682 (5-Juin-2023)\S-0682 (5-Juin-2023) - Copie.qpl
684,,2,645,S-0684 (6-Juin-2023) (1)\S-0684 (6-Juin-2023) - Copie.qpl ; S-0684 (6-Juin-2023)\S-0684 (6-Juin-2023) - Copie.qpl
692,,1,131,S-0692 (9-Juin-2023)\S-0692 (9-Juin-2023) - Copie.qpl
696,,1,0,S-0696 (14-Juin-2023)\S-0696 (14-Juin-2023) - Copie.qpl
697,,1,636,S-0697 (15-Juin-2023)\S-0697 (15-Juin-2023) - Copie.qpl
702,,1,675,S-0702 (19-Juin-2023)\S-0702 (19-Juin-2023) - Copie.qpl
705,,1,7044,S-0705 (21-Juin-2023)\S-0705 (21-Juin-2023) - Copie.qpl
716,,1,98,S-0716 (28-Juin-2023)\S-0716 (28-Juin-2023) - Copie.qpl
719,,1,0,S-0719 (28-Juin-2023)\S-0719 (28-Juin-2023) - Copie.qpl
720,,1,357,S-0720 (28-Juin-2023)\S-0720 (28-Juin-2023) - Copie.qpl
722,,2,13275,S-0722 (14-Juillet-2023)\S-0722 (14-Juillet-2023) - Copie.qpl ; S-0722 TQC (7-Janvier-2026)\S-0722 TQC (7-Janvier-2026).qpl
723,,1,23895,S-0723 (6-Juillet-2023)\S-0723 (6-Juillet-2023) - Copie.qpl
726,,1,95,S-0726 (5-Juillet-2023)\S-0726 (5-Juillet-2023) - Copie.qpl
728,,1,563,S-0728 (12-Juillet-2023)\S-0728 (12-Juillet-2023) - Copie.qpl
733,,1,44,S-0733 (14-Juillet-2023)\S-0733 (14-Juillet-2023) - Copie.qpl
742,,1,455,S-0742 (20-Juillet-2023)\S-0742 (20-Juillet-2023) - Copie.qpl
743,,1,232,S-0743 (7-Août-2023)\S-0743 (7-Août-2023) - Copie.qpl
746,,1,32,S-0746 (8-Août-2023)\S-0746 (8-Août-2023) - Copie.qpl
758,,1,1117,S-0758 (25-Août-2023)\S-0758 (25-Août-2023) - Copie.qpl
763,,1,629,S-0763 (24-Août-2023)\S-0763 (24-Août-2023) - Copie.qpl
772,,1,3821,S-0772 (5-Septembre-2023)\S-0772 (5-Septembre-2023) - Copie.qpl
781,,1,638,S-0781 (14-Septembre-2023)\S-0781 (14-Septembre-2023) - Copie.qpl
783,,1,2558,S-0783 (14-Septembre-2023)\S-0783 (14-Septembre-2023) - Copie.qpl
804,,1,856,S-0804 (29-Septembre-2023)\S-0804 (29-Septembre-2023) - Copie.qpl
830,,1,494,S-0830 David Yurman (24-Octobre-2023)\S-0830 David Yurman (24-Octobre-2023) - Copie.qpl
835,,1,1035,S-0835 (30-Octobre-2023)\S-0835 (30-Octobre-2023) - Copie.qpl
838,,1,0,S-0838 (30-Octobre-2023)\S-0838 (30-Octobre-2023) - Copie.qpl
844,,1,193,s-0844 (13-Novembre-2023)\s-0844 (13-Novembre-2023) - Copie.qpl
869,,1,1625,S-0869 (28-Novembre-2023)\S-0869 (28-Novembre-2023) - Copie.qpl
871,,1,386,S-0871 (1-Décembre-2023)\S-0871 (1-Décembre-2023) - Copie.qpl
894,,2,722,S-0894 (8-Janvier-2024) (1)\S-0894 (8-Janvier-2024) - Copie.qpl ; S-0894 (8-Janvier-2024)\S-0894 (8-Janvier-2024) - Copie.qpl
896,,1,44,S-0896 (9-Janvier-2024)\S-0896 (9-Janvier-2024) - Copie.qpl
898,,1,154,S-0898 (9-Janvier-2024)\S-0898 (9-Janvier-2024) - Copie.qpl
918,,1,1861,S-0918 (26-Janvier-2024)\S-0918 (26-Janvier-2024) - Copie.qpl
920,,1,115,S-0920 (30-Janvier-2024)\S-0920 (30-Janvier-2024) - Copie.qpl
922,,2,1336,S-0922 (31-Janvier-2024)\S-0922 (31-Janvier-2024) - Copie.qpl ; S-0922 (31-Janvier-2024)\S-0922 (31-Janvier-2024).qpl
933,,1,961,S-0933 (6-Février-2024)\S-0933 (6-Février-2024) - Copie.qpl
934,,1,16,S-0934 (8-Février-2024)\S-0934 (8-Février-2024) - Copie.qpl
943,,1,1961,S-0943 (9-Février-2024)\S-0943 (9-Février-2024) - Copie.qpl
948,,1,22,S-0948 (14-Février-2024)\S-0948 (14-Février-2024) - Copie.qpl
954,,1,4223,S-0954 (20-Février-2024)\S-0954 (20-Février-2024) - Copie.qpl
955,,1,1050,S-0955 (21-Février-2024)\S-0955 (21-Février-2024) - Copie.qpl
957,,1,1689,S-0957 (22-Février-2024)\S-0957 (22-Février-2024) - Copie.qpl
977,,1,693,S-0977 (5-Mars-2024)\S-0977 (5-Mars-2024) - Copie.qpl
979,,1,99,S-0979 (6-Mars-2024)\S-0979 (6-Mars-2024) - Copie.qpl
982,,1,825,S-0982 (11-Mars-2024)\S-0982 (11-Mars-2024) - Copie.qpl
989,,1,371,S-0989 (14-Mars-2024)\S-0989 (14-Mars-2024) - Copie.qpl
990,,1,188,S-0990 (15-Mars-2024)\S-0990 (15-Mars-2024) - Copie.qpl
1008,,1,17,S-1008 (22-Mars-2024)\S-1008 (22-Mars-2024) - Copie.qpl
1012,,1,0,S-1012 (6-Septembre-2024)\S-1012 (6-Septembre-2024) - Copie.qpl
1017,,1,1143,S-1017 (27-Mars-2024)\S-1017 (27-Mars-2024) - Copie.qpl
1035,,1,69,S-1035 (10-Avril-2024)\S-1035 (10-Avril-2024) - Copie.qpl
1049,,1,0,S-1049 (9-Juillet-2025)\S-1049 (9-Juillet-2025) - Copie.qpl
1053,,1,28,S-1053 (16-Avril-2024)\S-1053 (16-Avril-2024) - Copie.qpl
1077,,1,6,S-1077 (24-Avril-2024)\S-1077 (24-Avril-2024) - Copie.qpl
1085,,1,0,S-1085 (30-Avril-2024)\S-1085 (30-Avril-2024) - Copie.qpl
1086,,1,9047,S-1086 (1-Mai-2024)\S-1086 (1-Mai-2024) - Copie.qpl
1123,,1,111,S-1123 (21-Mai-2024)\S-1123 (21-Mai-2024) - Copie.qpl
1124,,2,7052,S-1124 (4-Septembre-2024)\S-1124 (4-Septembre-2024) - Copie.qpl ; S-1124 - Lokalia Ste-Julie DJ1 et DJ4\S-1124 Lokalia Ste-Julie DJ1 et DJ4 (21-Mai-2024).qpl
1126,,1,392,S-1126 (28-Mai-2024)\S-1126 (28-Mai-2024) - Copie.qpl
1131,,1,1569,S-1131 (24-Mai-2024)\S-1131 (24-Mai-2024) - Copie.qpl
1137,,1,15,S-1137 (29-Mai-2024)\S-1137 (29-Mai-2024) - Copie.qpl
1164,,1,323,S-1164 (25-Juin-2024)\S-1164 (25-Juin-2024) - Copie.qpl
1166,,1,116,S-1166 (27-Juin-2024)\S-1166 (27-Juin-2024) - Copie.qpl
1178,,1,0,S-1178 (17-Juillet-2024)\S-1178 (17-Juillet-2024) - Copie.qpl
1185,,1,104,S-1185 (7-Août-2024)\S-1185 (7-Août-2024) - Copie.qpl
1192,,1,0,S-1192 (13-Août-2024)\S-1192 (13-Août-2024) - Copie.qpl
1197,,1,266,S-1197 (15-Août-2024)\S-1197 (15-Août-2024) - Copie.qpl
1204,,2,105,S-01204 (26-Août-2024)\S-01204 (26-Août-2024) - Copie.qpl ; S-1204 (26-Août-2024)\S-1204 (26-Août-2024) - Copie.qpl
1205,,1,0,S-1205 (26-Août-2024)\S-1205 (26-Août-2024) - Copie.qpl
1206,,1,52,S-1206 (3-Septembre-2024)\S-1206 (3-Septembre-2024) - Copie.qpl
1207,,1,0,S-1207 (3-Septembre-2024)\S-1207 (3-Septembre-2024) - Copie.qpl
1214,,1,160,S-1214 (11-Septembre-2024)\S-1214 (11-Septembre-2024) - Copie.qpl
1216,,1,0,S-1216 (16-Septembre-2024)\S-1216 (16-Septembre-2024) - Copie.qpl
1262,,1,255,S-1262 (24-Octobre-2024)\S-1262 (24-Octobre-2024) - Copie.qpl
1265,,1,100,S-1265 (4-Novembre-2024)\S-1265 (4-Novembre-2024) - Copie.qpl
1279,,1,585,S-1279 (19-Novembre-2024)\S-1279 (19-Novembre-2024) - Copie.qpl
1286,,1,569,S-1286 (27-Novembre-2024)\S-1286 (27-Novembre-2024) - Copie.qpl
1292,,1,73,S-1292 (2-Décembre-2024)\S-1292 (2-Décembre-2024) - Copie.qpl
1294,,1,2105,S-1294 (10-Décembre-2024)\S-1294 (10-Décembre-2024) - Copie.qpl
1305,,1,494,Projet Soumission 2025\S-1305 - Litostroj Hydro Brossard\S-1305 Litostroj Hydro Brossard (7-Janvier-2025)\S-1305 Litostroj Hydro Brossard (7-Janvier-2025).qpl
1310,,1,132,Projet Soumission 2025\S-1310 - Clinique Cigogne\S-1310 Clinique la Cigogne (14-Janvier-2025)\S-1310 Clinique la Cigogne (14-Janvier-2025).qpl
1311,,1,1049,Projet Soumission 2025\S-1311 - IGWM Boisbriand\S-1311 IGWM Boisbriand (15-Janvier-2025)\S-1311 IGWM Boisbriand (15-Janvier-2025).qpl
1317,,2,9834,S-1317 (16-Janvier-2025)\S-1317 (16-Janvier-2025) - Copie.qpl ; S-1317 REV1 (2-Mai-2025)\S-1317 REV1 (2-Mai-2025) - Copie.qpl
1325,,1,177,Projet Soumission 2025\S-1325 - Loft Impérial Montréal\S-1325 Loft Impérial Térasse (22-Janvier-2025)\S-1325 Loft Impérial Térasse (22-Janvier-2025).qpl
1330,,1,37,Projet Soumission 2025\S-1330 - Bâtiment Sanitaire Boucherville\S-1330 Bâtiment Sanitaire Boucherville (27-Janvier-2025)\S-1330 Bâtiment Sanitaire Boucherville (27-Janvier-2025).qpl
1336,,1,64,Projet Soumission 2025\S-1336 - Éclairage Ext 2000 McGill College\S-1336 Éclairage Extérieur 2000 McGill (29-Janvier-2025)\S-1336 Éclairage Extérieur 2000 McGill (29-Janvier-2025).qpl
1337,,1,12,S-1337 (29-Janvier-2025)\S-1337 (29-Janvier-2025) - Copie.qpl
1338,,2,4076,S-1338 (29-Janvier-2025)\S-1338 (29-Janvier-2025) - Copie.qpl ; S-1338 (29-Janvier-2025)\S-1338 (29-Janvier-2025).qpl
1341,,1,657,Projet Soumission 2025\S-1341 - Koh Tao Boucherville\S-1341 Koh Tao Boucherville (31-Janvier-2025)\S-1341 Koh Tao Boucherville (31-Janvier-2025).qpl
1342,,1,2244,Projet Soumission 2025\S-1342 - Foire Alimentaire Centre Eaton\S-1342 Foire Alimentaire Centre Eaton (31-Janvier-2025)\S-1342 Foire Alimentaire Centre Eaton (31-Janvier-2025).qpl
1347,,1,1385,S-01347 (6-Février-2025)\S-01347 (6-Février-2025) - Copie.qpl
1353,,1,197,Projet Soumission 2025\S-1353 - Matrec St-Hubert\S-1353 Matrec St-Hubert (24-Février-2025)\S-1353 Matrec St-Hubert (24-Février-2025).qpl
1354,,1,1532,S-1354 (26-Février-2025)\S-1354 (26-Février-2025) - Copie.qpl
1355,,1,3,S-1355 (12-Février-2025)\S-1355 (12-Février-2025) - Copie.qpl
1359,,1,594,Projet Soumission 2025\S-1359 - Maison de répis l'intermède\S-1359 Maison de Répit l'intermède (17-Février-2025)\S-1359 Maison de Répit l'intermède (17-Février-2025).qpl
1364,,1,7,Projet Soumission 2025\S-1364 - Énergir Du Havre Abris a remblais\S-1364 Énergir Du Havre Abris a remblais (20-Février-2025)\S-1364 Énergir Du Havre Abris a remblais (20-Février-2025).qpl
1371,,1,1028,Projet Soumission 2025\S-1371 - Desjardins CDS Carfour\S-1371 Desjardins CDS Carfour (27-Février-2025)\S-1371 Desjardins CDS Carfour (27-Février-2025).qpl
1373,,1,1300,Projet Soumission 2025\S-1373 - Allied 87 Prince\S-1373 Allied 87 Prince (6-Mars-2025)\S-1373 Allied 87 Prince (6-Mars-2025).qpl
1375,,1,177,Projet Soumission 2025\S-1375 - Tower Research Capital 2001RB\S-1375 Tower Research Capital 2001 RB (7-Mars-2025)\S-1375 Tower Research Capital 2001 RB (7-Mars-2025).qpl
1381,,1,15,Projet Soumission 2025\S-1381 - Salle de Bain Bistro Modavie\S-1381 Salle de bain Bistro Modavie (13-Mars-2025)\S-1381 Salle de bain Bistro Modavie (13-Mars-2025).qpl
1384,,1,1610,Projet Soumission 2025\S-1384 - Complexe Multisport St-Bruno\S-1384 Complexe Multisport St-Bruno (17-Mars-2025)\S-1384 Complexe Multisport St-Bruno (17-Mars-2025).qpl
1386,,1,6467,S-1386 (18-Mars-2025)\S-1386 (18-Mars-2025) - Copie.qpl
1387,,2,1017,Projet Soumission 2025\S-1387 - L'Oréal Budget SIP\S-1387 L'Oréal Budget SIP (18-Mars-2025)\S-1387 L'Oréal Budget SIP (18-Mars-2025).qpl ; S-1387 - L'Oréal Budget SIP\S-1387 L'Oréal Budget SIP (18-Mars-2025)\S-1387 L'Oréal Budget SIP (18-Mars-2025).qpl
1390,,3,3228,Projet Soumission 2025\S-1390 - BDC Boucherville\S-1390 BDC Boucherville (21-Mars-2025)\S-1390 BDC Boucherville (21-Mars-2025).qpl ; S-1390 (6-Mai-2025)\S-1390 (6-Mai-2025) - Copie.qpl ; S-1390 (6-Mai-2025)\S-1390 (6-Mai-2025).qpl
1396,,1,339,S-1396 (25-Mars-2025)\S-1396 (25-Mars-2025) - Copie.qpl
1398,,1,778,Projet Soumission 2025\S-1398 - BNC Beloeil\S-1398 BNC Beloeil (27-Mars-2025)\S-1398 BNC Beloeil (27-Mars-2025).qpl
1401,,1,625,S-1401 (2-Avril-2025)\S-1401 (2-Avril-2025) - Copie.qpl
1405,,2,1347,S-1405 (4-Avril-2025)\S-1405 (4-Avril-2025) - Copie.qpl ; S-1405 (4-Avril-2025)\S-1405 (4-Avril-2025).qpl
1406,,1,1107,S-1406 (4-Avril-2025)\S-1406 (4-Avril-2025) - Copie.qpl
1416,,1,30,S-1416 (15-Avril-2025)\S-1416 (15-Avril-2025) - Copie.qpl
1421,,1,0,S-1421 (22-Avril-2025)\S-1421 (22-Avril-2025) - Copie.qpl
1422,,1,102,S-1422 (22-Avril-2025)\S-1422 (22-Avril-2025) - Copie.qpl
1427,,1,221,S-1427 (28-Avril-2025)\S-1427 (28-Avril-2025) - Copie.qpl
1429,,1,2186,S-1429 (29-Avril-2025)\S-1429 (29-Avril-2025) - Copie.qpl
1433,,1,166,S-1433 (1-Mai-2025)\S-1433 (1-Mai-2025) - Copie.qpl
1438,,1,0,S-1438 (6-Mai-2025)\S-1438 (6-Mai-2025) - Copie.qpl
1445,,1,841,S-1445 (12-Mai-2025)\S-1445 (12-Mai-2025) - Copie.qpl
1448,,1,12,S-1448 (16-Mai-2025)\S-1448 (16-Mai-2025) - Copie.qpl
1449,,1,1403,S-1449 (20-Mai-2025)\S-1449 (20-Mai-2025) - Copie.qpl
1451,,1,528,S-1451 (23-Mai-2025)\S-1451 (23-Mai-2025) - Copie.qpl
1454,,1,109,S-1454 (27-Mai-2025)\S-1454 (27-Mai-2025) - Copie.qpl
1457,,1,0,S-1457 (28-Mai-2025)\S-1457 (28-Mai-2025) - Copie.qpl
1458,,1,0,S-01458 (3-Juin-2025)\S-01458 (3-Juin-2025) - Copie.qpl
1466,,1,161,S-1466 (10-Juin-2025)\S-1466 (10-Juin-2025) - Copie.qpl
1469,,1,1244,S-1469 (12-Juin-2025)\S-1469 (12-Juin-2025) - Copie.qpl
1470,,1,40,S-1470 (16-Juin-2025)\S-1470 (16-Juin-2025) - Copie.qpl
1471,,1,1769,S-1471 (16-Juin-2025)\S-1471 (16-Juin-2025) - Copie.qpl
1472,,1,0,S-1472 (16-Juin-2025)\S-1472 (16-Juin-2025) - Copie.qpl
1474,,1,343,S-1474 (18-Juin-2025)\S-1474 (18-Juin-2025).qpl
1475,,1,2404,S-1475 (18-Juin-2025)\S-1475 (18-Juin-2025) - Copie.qpl
1476,,1,807,S-1476 (18-Juin-2025)\S-1476 (18-Juin-2025) - Copie.qpl
1477,,1,581,S-1477 (23-Juin-2025)\S-1477 (23-Juin-2025) - Copie.qpl
1479,,1,0,S-1479 (27-Juin-2025)\S-1479 (27-Juin-2025) - Copie.qpl
1480,,1,0,S-1480 (1-Juillet-2025)\S-1480 (1-Juillet-2025) - Copie.qpl
1481,,1,28,S-1481 (4-Juillet-2025)\S-1481 (4-Juillet-2025) - Copie.qpl
1482,,2,353,S-1482 (8-Juillet-2025)\S-1482 (8-Juillet-2025) - Copie.qpl ; S-1482 (8-Juillet-2025)\S-1482 (8-Juillet-2025).qpl
1484,,2,10980,S-1484 (11-Juillet-2025)\Nouveau dossier\S-1484 (11-Juillet-2025) - Copie.qpl ; S-1484 (11-Juillet-2025)\S-1484 (11-Juillet-2025).qpl
1493,,1,0,S-1493 (17-Juillet-2025)\S-1493 (17-Juillet-2025) - Copie.qpl
1495,,1,74,S-1495 (18-Juillet-2025)\S-1495 (18-Juillet-2025) - Copie.qpl
1499,,1,38,S-1499 (4-Août-2025)\S-1499 (4-Août-2025) - Copie.qpl
1500,,2,695,S-1500 (4-Août-2025)\S-1500 (4-Août-2025) - Copie.qpl ; S-1500 BR CPE (7-Août-2025)\S-1500 BR CPE (7-Août-2025) - Copie.qpl
1509,,1,199,S-SIP-1509 (8-Août-2025)\S-SIP-1509 (8-Août-2025) - Copie.qpl
1510,,1,72,S-1510 (8-Août-2025)\S-1510 (8-Août-2025) - Copie.qpl
1511,,1,0,S-BR1511 (8-Août-2025)\S-BR1511 (8-Août-2025) - Copie.qpl
1512,,1,18,S-1512 (8-Août-2025)\S-1512 (8-Août-2025) - Copie.qpl
1523,,1,630,S-1523 (19-Août-2025)\S-1523 (19-Août-2025) - Copie.qpl
1524,,1,0,S-1524 (19-Août-2025)\S-1524 (19-Août-2025) - Copie.qpl
1525,,1,8,S-1525 (20-Août-2025)\S-1525 (20-Août-2025) - Copie.qpl
1541,,1,161,S-1541 Square Dix 30 (28-Janvier-2026)\S-1541 Square Dix 30 (28-Janvier-2026).qpl
1558,,1,414,S-1558-1BR (17-Octobre-2025)\S-1558-1BR (17-Octobre-2025).qpl
1559,,1,607,S-1559-1BR (17-Octobre-2025)\S-1559-1BR (17-Octobre-2025).qpl
1568,,1,86,S-1568-1 BR (17-Octobre-2025)\S-1568-1 BR (17-Octobre-2025).qpl
1572,,1,1242,s-1572-1 (21-Octobre-2025)\s-1572-1 (21-Octobre-2025).qpl
1575,,1,202,s-1575A (15-Octobre-2025)\s-1575A (15-Octobre-2025).qpl
1580,,2,0,S-1580 (16-Octobre-2025)\S-1580 (16-Octobre-2025).qpl ; S-1580BR (17-Octobre-2025)\S-1580BR (17-Octobre-2025).qpl
1587,,1,26,S-1587 (27-Octobre-2025)\S-1587 (27-Octobre-2025).qpl
1588,,1,30,S-1588 (27-Octobre-2025)\S-1588 (27-Octobre-2025).qpl
1593,,1,623,S-1593 (29-Octobre-2025)\S-1593 (29-Octobre-2025).qpl
1595,,1,1834,S-1595 (30-Octobre-2025) (1)\S-1595 (30-Octobre-2025).qpl
1600,,2,0,S-1600 (11-Novembre-2025)\S-1600 (11-Novembre-2025).qpl ; S-1600 (5-Novembre-2025)\S-1600 (5-Novembre-2025).qpl
1605,,1,0,S-1605 (17-Novembre-2025)\S-1605 (17-Novembre-2025).qpl
1606,,1,1872,s-1606 (6-Novembre-2025) (1)\s-1606 (6-Novembre-2025).qpl
1607,,2,698,S-1607 L'OREAL (18-Novembre-2025)\S-1607 L'OREAL (18-Novembre-2025).qpl ; _gsdata_\_saved_\S-1607 L'OREAL (18-Novembre-2025)\S-1607 L'OREAL (18-Novembre-2025).qpl
1608,,1,100,S-1608 (13-Novembre-2025)\S-1608 (13-Novembre-2025).qpl
1610,,1,459,S-1610 (9-Novembre-2025)\S-1610 (9-Novembre-2025).qpl
1612,,1,1465,S-1612 saaq(13-Novembre-2025)\S-1612 (13-Novembre-2025).qpl
1613,,1,998,S-1613 (19-Novembre-2025)\S-1613 (19-Novembre-2025).qpl
1614,,2,176,S-1614 (24-Novembre-2025)\S-1614 (24-Novembre-2025).qpl ; S-1614 PCL CROCS (19-Novembre-2025)\S-1614 PCL CROCS (19-Novembre-2025).qpl
1618,,1,981,S-1618 (25-Novembre-2025)\S-1618 (25-Novembre-2025).qpl
1620,,1,0,S-1620 (2-Décembre-2025)\S-1620 (2-Décembre-2025).qpl
1627,,1,431,S-1627 SIP (3-Décembre-2025)\S-1627 SIP (3-Décembre-2025).qpl
1628,,1,2343,S-1628BR (3-Décembre-2025)\S-1628BR (3-Décembre-2025).qpl
1629,,1,0,S-1629BR (3-Décembre-2025)\S-1629BR (3-Décembre-2025).qpl
1630,,2,1028,S-1630BR (3-Décembre-2025)\S-1630BR (3-Décembre-2025) (Conflicted copy from DUPUIS on 2025-12-18.qpl ; S-1630BR (3-Décembre-2025)\S-1630BR (3-Décembre-2025).qpl
1631,,2,696,Projet Soumission 2025\S-1631 CISSS\S-1631 (3-Décembre-2025).qpl ; S-1631 (3-Décembre-2025)\S-1631 (3-Décembre-2025).qpl
1632,,1,33,S-1632 (4-Décembre-2025)\S-1632 (4-Décembre-2025).qpl
1636,,1,0,S-1636 (15-Décembre-2025)\S-1636 (15-Décembre-2025).qpl
1638,,1,51,S-1638 BR (18-Décembre-2025)\S-1638 BR (18-Décembre-2025).qpl
1639,,1,0,S-1639 (18-Décembre-2025)\S-1639 (18-Décembre-2025).qpl
1640,,1,1759,S-1640 BR (18-Décembre-2025)\S-1640 BR (18-Décembre-2025).qpl
1643,S-1643 MIRCO POSTE TRAVAIL,0,0,
1644,S-1644 SUN LIFE PORTE,1,0,S-1644 (6-Janvier-2026)\S-1644 (6-Janvier-2026).qpl
1645,S-1645 ANNEXE-BOURASSA,2,1989,S-1645 (9-Janvier-2026) (1)\S-1645 (9-Janvier-2026).qpl ; S-1645 (9-Janvier-2026)\S-1645 (9-Janvier-2026).qpl
1646,s-1646_Ville St-Basile_Patinoire_Volleyball ; S-1646SIP LABOMAR,1,0,S-1646SIP (12-Janvier-2026)\S-1646SIP (12-Janvier-2026).qpl
1647,S-1647-Brasswater_lampadaire - RECU,0,0,
1648,s-1648 nike st bruno,1,731,S-1648 (14-Janvier-2026)\S-1648 (14-Janvier-2026).qpl
1649,S-1649 25KV BASE MILITAIRE ST JEAN,0,0,
1650,s-1650 entré électrique 8 rue principal dom fillion,0,0,
1651,S-1651 AXXYS DIX-30 BASE BULDY UNIGLO,1,0,S-1651 uniglo base building 10-30 (19-Janvier-2026)\S-1651 uniglo base building 10-30 (19-Janvier-2026).qpl
1652,s-1652 omhm remplacement et mise au norme,2,4,S-1652 (19-Janvier-2026)\S-1652 (19-Janvier-2026).qpl ; S-1652 DR - SIP - BR (20-Janvier-2026)\S-1652 DR - SIP - BR (20-Janvier-2026).qpl
1653,s-1653 pompe hr port royal,2,0,S-1653 (19-Janvier-2026)\S-1653 (19-Janvier-2026).qpl ; S-1653 (27-Janvier-2026)\S-1653 (27-Janvier-2026).qpl
1654,s-1654 clininique mo,0,0,
1655,s-1655 clinique 5 demeurs,0,0,
1656,s-1656 restaurant fffuoco chauffage,0,0,
1657,s-1657 finer panneau nema 4x,0,0,
1658,s-1658 ville de st hilaire poteau 60 pieds,0,0,
1659,s1659 ecole arc en ciel ste julie,1,125,S-1659 (26-Janvier-2026)\S-1659 (26-Janvier-2026).qpl
1660,S-1660 DR-SIP-BR,1,379,S-1660 DR-SIP-BR (20-Janvier-2026)\S-1660 DR-SIP-BR (20-Janvier-2026).qpl
1661,S-1661_Varennes 121 cavalierPoteau bois,0,0,
1662,S-1662_Varennes 94 St-Laurent,0,0,
1663,S-1663 pur investissement 330avro,0,0,
1664,S-1664 VITRECO BUREAU,1,43,S-1664 (28-Janvier-2026)\S-1664 (28-Janvier-2026).qpl
1665,s-1665 canderel lobby,2,400,S-1665 (2-Février-2026)\S-1665 (2-Février-2026).qpl ; s-16651 (19-Janvier-2026)\s-16651 (19-Janvier-2026).qpl
1666,s-1666 chuaffage dom fillions,0,0,
1667,S-1667 PURE,1,0,S-1667 (4-Février-2026)\S-1667 (4-Février-2026).qpl
1668,S-1668 PURE 8rue principal,1,0,S-1668 (5-Février-2026)\S-1668 (5-Février-2026).qpl
1669,S-1669_Ferme Trudeau_Entrée élect. AéroSouterrain,0,0,
1670,s-1670 generatrice mcmasterville,0,0,
1671,s-1671 neve 880 hudson greenfield park,1,16,S-1671 (10-Février-2026)\S-1671 (10-Février-2026).qpl
1672,S-1672 Mcmasterville_Seche main_APPROUVÉ,0,0,
1673,S-1673 - St-Hilaire_poteau de bois,0,0,
1674,S-1674SIP HEMA QUEBEC,1,16,S-1674SIP (11-Février-2026)\S-1674SIP (11-Février-2026).qpl
1675,s-1675 chauffage 6kw candarel,0,0,
1676,S-1676 ARC'TERTX,2,1682,S-1676 (12-Février-2026)\S-1676 (12-Février-2026) (Conflicted copy from DUPUIS on 2026-03-04.qpl ; S-1676 (12-Février-2026)\S-1676 (12-Février-2026).qpl
1677,S-1677 BEAUCHENES LIGNE ELECTIRQUE,0,0,
1678,S-1678 - 910 Sherbrooke chauffage,0,0,
1679,S-1679 - 2200 McGill chauffage _Porte Ruelle,0,0,
1680,S-1680 - 2200 McGill (entrée 955 Mansfield) Chauffage ; S-1680 BIBILIOPTHEQUE JOCELYN LAPORTE,0,0,
1681,S-1681 - Corridor Stationnement G1,0,0,
1682,S-1682 - Canderel Réservoir Eau Chaude - po rec,0,0,
1683,s-1683 levasseur,0,0,
1684,s-1684 eclairage exterieur linde st hubert-APPROUVÉ,0,0,
1685,s-1685 seche main radiologix,0,0,
1686,s-1686 budget rajout convectaire et prix fixture fine herbe,0,0,
1687,S-1687 LEVASSEUR NOTAIRE CONSEIL,1,90,S-1687 LEVASSEUR NOTAIRE (18-Février-2026)\S-1687 LEVASSEUR NOTAIRE (18-Février-2026).qpl
1688,s-1688 dermolab moteur controlleur driver,0,0,
1689,s-1689 pultrusion st-bruno,2,890,S-1689 (19-Février-2026)\S-1689 (19-Février-2026).qpl ; _gsdata_\_saved_\S-1689 (19-Février-2026)\S-1689 (19-Février-2026).qpl
1690,S-1690 BIBLIOTHEQUE MODECAI-RICHER,1,0,S-1690 (19-Février-2026)\S-1690 (19-Février-2026).qpl
1691,s-1691 Shaun st laurent dom fillion,0,0,
1692,S-1692_École Primaire St-Marc Candiac,1,3656,S-1692 ECOLE ST MARC (25-Février-2026)\S-1692 ECOLE ST MARC (25-Février-2026).qpl
1693,S-1693_Ecole Primaire Beloeil,1,1940,S-1693 (26-Février-2026)\S-1693 (26-Février-2026).qpl
1694,S-1694_OMH Longueuil_SEAO,0,0,
1695,S-1695_Hotel Playground Kahnawake,2,3306,S-1695 (2-Mars-2026)\S-1695 (2-Mars-2026) (Conflicted copy from DUPUIS on 2026-03-04.qpl ; S-1695 (2-Mars-2026)\S-1695 (2-Mars-2026).qpl
1696,S-1696_Ville D'Otterburn Park,0,0,
1697,S-1697_Ecole des Moussaillons,1,692,S-1697 (13-Mars-2026)\S-1697 (13-Mars-2026).qpl
1698,S-1698_Canderel_Encastrée AIG,0,0,
1699,S-1699 - Canderel_tubes,0,0,
1700,S-1700_McMasterville_Lampadaire Richelieu,0,0,
1701,S-1701_mck 6 plex,0,0,
1702,s-1702 l'intendant costco stationemment,2,0,S-1702 (13-Mars-2026)\S-1702 (13-Mars-2026).qpl ; S-1702 (16-Mars-2026)\S-1702 (16-Mars-2026).qpl
1703,s-1703 uniglo axxys,1,689,S-1703 (19-Mars-2026)\S-1703 (19-Mars-2026).qpl
1704,s-1704 block sanitaire hitachi,0,0,
1705,s-1705 generatrice linde sorel,0,0,
1706,S-1706 BR 82 logement st phiollipe,2,2722,S-1706BR (13-Mars-2026)\S-1706BR (13-Mars-2026) (Conflicted copy from DUPUIS on 2026-05-07.qpl ; S-1706BR (13-Mars-2026)\S-1706BR (13-Mars-2026).qpl
1707,s-1707 candarel compressseur,0,0,
1708,S-1708_ Varennes_Jules-Phaneuf_Lampadaire,0,0,
1709,s-1709 changement disjoncteur,0,0,
1710,s-1710 chauffage ancienen cage dix 30,0,0,
1711,S-1711_Saint-Basile_requete 2026-00508,0,0,
1712,S-1712 thermographie mtl bruser,1,0,S-1712 (19-Mars-2026)\S-1712 (19-Mars-2026).qpl
1713,S-1713_MCmarsterville borne,0,0,
1714,S-1714 PARTAGE DE RIVIERA,1,8503,S-1714 PARTAGE DE RIVIERA (20-Mars-2026)\S-1714 PARTAGE DE RIVIERA (20-Mars-2026).qpl
1715,s-1715 sprotive parc lionel groulx,1,401,S-1715 (23-Mars-2026)\S-1715 (23-Mars-2026).qpl
1716,s-1716 L'oreal block sanitaire,2,62,S-1716 (24-Mars-2026)\S-1716 (24-Mars-2026).qpl ; S-1716-1 (19-Mai-2026)\S-1716-1 (19-Mai-2026).qpl
1717,S-1717_Projet du Nouveau VIC de l’Université McGill Lot 2102,0,0,
1718,S-1718_DIX30 - Lampadaire Phase 4,0,0,
1719,s-1719  temporaire prise soudeuse candarel,0,0,
1720,s-1720 borne poala,0,0,
1721,S-1721 Génératrice DIX30,0,0,
1722,S-1722_Test moteur Canderel,0,0,
1723,s-1723 kronos chemin cable 25kv,0,0,
1724,S-1724 - DIX30 plinthe,0,0,
1725,s-1725 prise et eclairage poste de travaille englobe,0,0,
1726,s-1726 centre sportif chauffe la vaiselle,0,0,
1727,s-1727 chauffe eau 2000 mcgill,0,0,
1728,S-1728 Bollard_Ville Mont-St-Hilaire,0,0,
1729,S-1729 Éclairage_Uniprix Ste-Julie,0,0,
1730,s-1730 dom fillion panneau,0,0,
1731,s-1731 dom fillion nouvel piscine,0,0,
1732,s-1732 hitachi mezzanine lot 2,1,0,S-1732 (1-Avril-2026)\S-1732 (1-Avril-2026).qpl
1733,S-1733 cominar jcb,1,63,S-1733 ALEXIS NIHON TOUR PLAZA ASCENSEUR (2-Avril-2026)\S-1733 ALEXIS NIHON TOUR PLAZA ASCENSEUR (2-Avril-2026).qpl
1734,s-1734 1010 de la gauchetiere,1,106,S-1734 (2-Avril-2026)\S-1734 (2-Avril-2026).qpl
1735,s1735 ecole piche dufrost st constant,1,798,S-1735 (7-Avril-2026)\S-1735 (7-Avril-2026).qpl
1736,s-1736 moteur gicleur 2000 mcgill,0,0,
1737,s-1737 refroidisseur temporaire candarel,0,0,
1738,s-1738 garage municipal verchere,2,186,S-1738 (13-Avril-2026)\S-1738 (13-Avril-2026).qpl ; _gsdata_\_saved_\S-1738 (13-Avril-2026)\S-1738 (13-Avril-2026).qpl
1739,s-1739 solument mdl,0,0,
1740,s-1740 ecole de la petite-gare,1,2395,S-1740 (13-Avril-2026)\S-1740 (13-Avril-2026).qpl
1741,s-1741croix bleu 1981 robert bourassa mtl,2,5758,S-1741 (20-Avril-2026)\S-1741 (20-Avril-2026).qpl ; _gsdata_\_saved_\S-1741 (20-Avril-2026)\S-1741 (20-Avril-2026).qpl
1742,s-1742 hitachi comptoir,0,0,
1743,s-1743 ecole bourassa porte,1,20,S-1743 (20-Avril-2026)\S-1743 (20-Avril-2026).qpl
1744,s-1744 ecole saint patrice,1,82,S-1744 (20-Avril-2026)\S-1744 (20-Avril-2026).qpl
1745,s-1745 college jean de breouf,1,61,S-1745 (24-Avril-2026)\S-1745 (24-Avril-2026).qpl
1746,s-1746 pizza tony,1,133,S-1746 (27-Avril-2026)\S-1746 (27-Avril-2026).qpl
1747,S-1747 PARC STE JULIE,0,0,
1748,"s-1748 deplacemnt alarme incendie ,mcmasterville",1,0,S-1748 (27-Avril-2026)\S-1748 (27-Avril-2026).qpl
1749,s-1749 generatrice  reservoir mont bruno ste julier,0,0,
1750,s-1750 haut tension 3000 cartier st hyacinthe,0,0,
1751,s-1751 refaire fillage sur le toit 3000 cartier braswater,0,0,
1752,S-1752_Détecteur fumé_McMasterville,0,0,
1753,s-1753 ecole asomption,1,820,S-1753 (30-Avril-2026)\S-1753 (30-Avril-2026).qpl
1754,s-1754 station de sky saint bruno,0,0,
1755,s-1755 mat ferme trudeau,0,0,
1756,S-1756_SEAO_STM,1,0,S-1756 (1-Mai-2026)\S-1756 (1-Mai-2026).qpl
1757,s-1757 braswater generatrice des laurentine,0,0,
1758,S-1758_Varennes_ Michael Faraday (IREQ),0,0,
1759,S-1759_DIX_Lampadaire Cinéma,0,0,
1760,s-1760 college breboeuf,1,125,S-1760 (5-Mai-2026)\S-1760 (5-Mai-2026).qpl
1761,s-1761 the culte nation,0,0,
1762,s-1762 laboratoire confab,0,0,
1763,s-1763 temporaire chemin du golf qmd,0,0,
1764,s-1764 3000 cartier st hyacinthe teck toit,0,0,
1765,s-1765 infiltrationb d'eau conduit electrique dix-30,0,0,
1766,s-1766 caserne st jean,2,2114,S-1766 (8-Mai-2026)\S-1766 (8-Mai-2026).qpl ; _gsdata_\_saved_\S-1766 (8-Mai-2026)\S-1766 (8-Mai-2026).qpl
1767,S-1767 - super - jean coutu mascouche,4,4334,S-1767 (8-Mai-2026)\S-1767 (8-Mai-2026).qpl ; S-1767 -1 (19-Mai-2026)\S-1767 -1 (19-Mai-2026).qpl ; _gsdata_\_saved_\S-1767 (8-Mai-2026)\S-1767 (8-Mai-2026).qpl ; _gsdata_\_saved_\S-1767 -1 (19-Mai-2026)\S-1767 -1 (19-Mai-2026).qpl
1768,s-1768 syndicat condo,0,0,
1769,S-1769 CPE SOLEIL SOURIANT,2,234,S-1769 (13-Mai-2026)\S-1769 (13-Mai-2026).qpl ; _gsdata_\_saved_\S-1769 (13-Mai-2026)\S-1769 (13-Mai-2026).qpl
1770,s-1770 linde st hubert,0,0,
1771,s-1771 saint julie basseball,0,0,
1772,s-1772 salle conference,0,0,
1773,s-1773 saint julie corrdor,0,0,
1774,s-1774 120240 camelia mcmasterville,0,0,
1775,s-1775 clinique mieux etre,3,3231,S-1775 (21-Mai-2026)\S-1775 (21-Mai-2026).qpl ; _gsdata_\_saved_\S-1775 (20-Mai-2026)\S-1775 (20-Mai-2026).qpl ; _gsdata_\_saved_\S-1775 (21-Mai-2026)\S-1775 (21-Mai-2026).qpl
1776,s-1776 thermographie ville de montreal damien cognet bursser,0,0,
1777,S-1777 - Scotia Bank_Lanthier,4,1464,_gsdata_\_saved_\S-1777 (19-Mai-2026)\S-1777 (19-Mai-2026).qpl ; _gsdata_\_saved_\S-1777 (20-Mai-2026)\S-1777 (20-Mai-2026).qpl ; _gsdata_\_saved_\s-1777 (21-Mai-2026)\s-1777 (21-Mai-2026).qpl ; s-1777 (21-Mai-2026)\s-1777 (21-Mai-2026).qpl
1778,s-1778 borene de recharge luc lacroix,0,0,
1779,S-1779 - Bases de béton et conduits _ST-BASILE,0,0,
1780,s-1780 shady,2,0,S-1780 (27-Mai-2026)\S-1780 (27-Mai-2026).qpl ; _gsdata_\_saved_\S-1780 (27-Mai-2026)\S-1780 (27-Mai-2026).qpl
1781,S-1781_Canderel Spot plafond,0,0,
1782,s-1782 s9 dix-30,2,27,S-1782 (25-Mai-2026)\S-1782 (25-Mai-2026).qpl ; _gsdata_\_saved_\S-1782 (25-Mai-2026)\S-1782 (25-Mai-2026).qpl
1783,s-1783 anjinnov mcgill 1981 accenture,3,2262,S-1783 (27-Mai-2026)\S-1783 (27-Mai-2026).qpl ; _gsdata_\_saved_\S-1783 (27-Mai-2026)\S-1783 (27-Mai-2026).qpl ; _gsdata_\_saved_\s-1783 (9-Juin-2026)\s-1783 (9-Juin-2026).qpl
1784,s-1784 correctif pure industriel 180 de normadie,0,0,
1785,s-1785 eco centre varennes,0,0,
1786,s-1786 entretien generatrice  terrebonne mdl,0,0,
1787,s-1787 bioscript chateauguay lanthier,4,294,S-1787 (3-Juin-2026) (1)\S-1787 (3-Juin-2026).qpl ; S-1787-2 (3-Juin-2026)\S-1787-2 (3-Juin-2026).qpl ; _gsdata_\_saved_\S-1787 (3-Juin-2026)\S-1787 (3-Juin-2026).qpl ; _gsdata_\_saved_\S-1787-2 (3-Juin-2026)\S-1787-2 (3-Juin-2026).qpl
1788,s-1788 lexus chauffe eau,0,0,
1789,s-1789 machine a laver caserne,0,0,
1790,s-1790 alstom,0,0,
1791,s-1791 circuit urgence bureau avocat candarel,0,0,
1792,S-1792 SIP MATREC,0,0,
1793,S-1793 - centre excellence Rossy,0,0,
1794,S-1794 Thermographie,0,0,
1795,S-1795 Lanthier Arthesa,0,0,
1796,S-1796_Garage Ste-Julie RBL Ventilation,0,0,
1797,S-1797 - École Chambly,0,0,
1798,s-1798 ecl mecnaique garage ste julie,0,0,
1799,s-1799 eclairage parc felix racicot st hilaire,0,0,
1800,s-1800 eclairage derriere arena st hilaire,0,0,
1801,s-1801 borne garage municipal st hilaire,0,0,
1802,s-1802 station de pompage ernest o doherty,0,0,
1803,s-1803 station de pompage mont loisir mcmas,0,0,
1804,S-1804_Otterburn Park_poteau Bois,0,0,
1805,s-1805 terrain de tennis otterburn parck,0,0,
1806,s-1806 rajout dfe chauffage mcmasterville,0,0,
1807,s-1807 groupe maurice lanthier,0,0,
1808,s-1808 cpe les copain d'ABORD,0,0,
1809,S-1809 UDS REMPLACEMENT PORTE INTERIEUR,0,0,
1811,s-1811 cdc construction de 6 batiment,0,0,
1812,s-1812 mise au norme farway,0,0,
1813,s-1813 generatrice garage mucipal mcmasterville,0,0,
1814,s-1814 gildan anjinnov,0,0,
1815,s-1815 fiera capital 1981 mcgill lanthier,0,0,
1816,S-1816_Termont SIP,0,0,
1817,S-1817_Mariville_Éclairage rue,0,0,
1818,s-1818  GARAGE ANTIROUILLE,0,0,
1819,s-1819 ecl ext beriault,0,0,
1820,s-1820 daniel bernier,0,0,
1821,S-1821_Saint-Basile fut Parc du Ruisseau,0,0,
1822,s-1822 haute tension 3000 cartier st hyacinthe,0,0,
1823,S-1823 DEMO ZARA CORRREFOUR LAVAL,0,0,
1824,S-1824 CHAMPIONNATS DU MONDE QUARTIER DIX 30,0,0,
1825,s-1825 ventilation garage point s,0,0,
1826,S-1826_SIP_Centre de biomethanisation,0,0,
1827,S-1827 CANON A NEIGE BROMONT,0,0,
1828,s-1828 linde intercom,0,0,
1829,S-1829 - Ville Saint-Bruno_Éclairage & Batiments,0,0,
1830,S-1830 SIP ORÉAL CAFÉTÉRIA ; S-1830  Canderel_Disjoncteur,0,0,
1831,S-1831_Guy Bastien_Remplacement de panneau,0,0,
1832,S-1832 DANONE CANADA BOUCHERVILLE,0,0,
1833,S-1833_Fermes Trudeau_Remplacement de panneau,0,0,
1834,S-1834 PROVIA ST-AMABLE,0,0,
1835,s-1835 esbg  rehabilitation inbterieur,0,0,
1836,S-1836_Canderel 2020_ajout prise,0,0,
1837,S-1837_Canderel 2000_ajout prise,0,0,
1838,S-1838 180 NORMANDIE HAUT VOLTAGE,0,0,
1839,S-1839 PENNINGTONS PLACE NEWMAN,0,0,
1840,S-1840 BDC BROSSARD,0,0,
1841,s-1841 raphael,0,0,
1842,S-1842 CAMPUS MIL PHASE2,0,0,
1843,s-1843 pmml dix-30,0,0,
1844,s-1844 saq varennes,0,0,
1845,s-1845 olimel ste rosalie,0,0,
1846,S-1846_Canderel 2200- Moteur Pompe,0,0,
1847,S-1847_McMasterville_Patinoire_Éclairage,0,0,
1848,S-1848_Otterburn_requête_2026-01168,0,0,
1849,S-1849SIP CHUM ECLAIRAGE STATIONNEMENT,0,0,
1850,S-1850 SIP BAUSCH - HEALTH,0,0,
1851,S-1851 CENTRAL BEAUHARNOIS HV,0,0,
1852,S-1852 BUREAU NFOE,0,0,
1853,s-1853 carbonleo redemise dix-30 phase 2,0,0,
1854,s-1854 sollio st hubert lanthier,0,0,
1855,S-1855_Canderel_22eÉtage,0,0,
1856,S-1856_Canderel_6e Étage,0,0,
1857,S-1857 - Maison St-Michel,0,0,
1858,s-1858 innuscience aliementation 240v,0,0,
1859,S-1859 ECL EXT ALIMONDE,0,0,
1860,S-1860 cable chauffant gerry,0,0,
1861,S-1861 -Blue Colar - Kanawake,0,0,
1862,s-1862 bloc sanitaire dix-30 l15 bucci,0,0,
1863,S-1863 OMH ST-JEAN,0,0,
1864,S-1864 - atelier ormstown,0,0,
1865,S-1865 Habitations Chester,0,0,
1866,s-1866 gar mun st amable,0,0,
1867,s-1867 borne guillaume,0,0,
1868,s-1868 eclairage arche centre sportif,0,0,
1869,s-1869 lampadaire alle des lumieres,0,0,
1870,s-1870 _Brasswater_Éclairage_3000 Cartier,0,0,
1871,s-1871 387 a br,0,0,
1872,s-1872 projet de la gare,0,0,
1873,s-1873 imprimerie ste julie,0,0,
1874,s-1874 silk and snow dix-30,0,0,
1875,S-1875_Ville de Beloeil_Bernard Pilon,0,0,
1876,s-1876 pat poivin piscine,0,0,
1877,s-1877 costco laval,0,0,
1878,s-1878 drumco construction gramby,0,0,
1879,s-1879 opsis thermo laval opsis,0,0,
1880,"s-1880, entretien edifice windsor",0,0,
1881,s-1881 hotel candlewood st-hyacinthe,0,0,
1882,S-1882_Canderel_2000McGill_Exit,0,0,
1883,S-1883 SIP BAUSCH HEALTH,0,0,
1884,S-1884_Canderel Éclairage 21e étage,0,0,
1885,S-1885,0,0,
1886,S-1886_Fermes Trudeau_Entrée élec Logement,0,0,
1887,S-1887_Fermes Trudeau_Chauffage Nouv Entrepot,0,0,
1888,S-1888 AVENUE DES LUMIERE DC-ME-06,0,0,
