line_name,occurrences,n_projects,len_px_total
Distance 1,360,330,2250906.5
Distance 2,292,269,1755944.7
Distance 3,230,213,1265929.0
Distance 4,189,178,1157698.8
Distance 5,153,145,813265.4
COND ALARME 3/16 FT4,130,78,1718034.8
Distance 6,126,121,567718.3
conduit 1/2 03c12,118,59,1987381.8
Distance 7,106,103,454410.3
3/12,101,55,1917925.8
Distance 8,99,88,463269.7
Distance 9,86,79,652381.0
conduit 3/4 03c12,83,51,1489080.1
conduit 3/4 03c10,82,47,1139546.3
conduit 3/4 07c12,79,64,342880.5
Distance 10,68,62,671144.9
conduit 1 13c12,61,53,177655.7
Distance 11,58,54,603126.8
conduit 3/4 09c12,55,43,171225.8
conduit 1/2 05c12,54,35,310986.7
conduit 1/2 03c10,49,37,501902.3
conduit vide 1,48,40,418829.2
Distance 15,48,34,315330.2
3/10,47,35,420047.5
Distance 12,46,45,351732.5
conduit 1 15c12,44,41,78197.7
conduit 1''1/4 25c12,43,39,144715.0
Distance 14,42,36,353453.7
Distance 13,41,39,126913.6
conduit 3/4 04c10,40,30,250149.1
conduit 3/4 05c12,39,32,204582.7
conduit 1''1/4 17c12,38,35,87797.8
5/12,35,25,144295.2
ECL 3/12,35,23,1034594.3
conduit 1/2 04c14,34,21,396809.6
conduit 1''1/4 19c12,33,29,133829.1
Distance 16,33,33,144202.6
conduit vide 3/4,33,26,498924.4
13/12,32,24,112431.3
COND ALARME 3/16 FT4 1,31,18,329613.2
Distance 17,31,30,301568.9
Distance 93,31,5,751417.0
conduit vide 2,30,30,163121.9
9/12,30,22,72404.3
7/12,30,22,90320.2
conduit 3/4 03c12 1,30,12,199097.1
conduit 1/2 04c12,28,20,219807.9
Distance 18,27,27,197977.3
Distance 20,27,22,267047.5
conduit 1/2 03c12 1,26,18,313256.7
conduit 1''1/4 23c12,26,25,50890.1
Distance 19,26,26,119274.9
conduit 1/2 04c10,24,21,138344.3
conduit 1''1/4 21c12,24,21,69549.0
COND 1po CAMERA,24,4,116637.1
4/10,24,14,189659.9
COND ALARME 3/18 FT4,23,15,278721.7
conduit 1 07c10,22,20,157248.7
Distance 21,22,22,130144.5
Distance 22,21,21,64337.3
conduit 1 12c12,21,16,65211.4
conduit 2 31c12,20,19,43695.4
conduit 2 42c12,20,19,77894.3
conduit 3/4 05c10,19,15,99071.2
conduit 3/4 03c10 1,19,14,146837.6
conduit 2 33c12,19,18,41229.0
conduit 1 11c12,19,17,44945.5
Distance 55,19,10,87515.2
11/12,19,15,38340.2
19/12,19,13,38660.6
Distance 23,18,18,142089.8
FEEDER PANN,18,2,618700.8
COAX,18,2,719664.6
Distance 24,17,17,150621.6
conduit 3/4 04c12,17,15,159809.1
COND 3/12,17,7,508573.8
4/12,17,12,124456.5
conduit 1 04c06,16,16,57117.4
Distance 25,16,16,55491.6
15/12,16,11,47547.9
FAS3/16,16,6,137615.3
conduit 1''1/4 04c03,15,15,52676.7
Distance 26,15,15,206892.5
3/4 TEL,15,10,105301.0
Distance 52,15,10,67661.0
CAT5E,15,3,152479.6
conduit 3/4 03c08,14,14,55398.8
2/10,14,9,87384.9
Distance 27,14,14,126664.8
Distance 28,14,14,136674.1
Distance 36,14,13,261998.5
conduit 1''1/4 13c10,14,11,71956.2
COND PRISE,14,1,196594.7
conduit 2 37c12,13,13,23314.6
Distance 29,13,13,121719.8
Distance 34,13,13,41211.5
Distance 31,13,13,67372.0
Distance 32,13,13,111605.9
Distance 33,13,13,82067.3
Distance 35,13,13,80354.3
Distance 30,13,13,82749.8
Distance 38,13,13,40472.6
Distance 39,13,13,38902.0
17/12,13,11,21524.7
25/12,13,10,26961.1
conduit 3/4 07c12 1,12,9,23302.4
conduit 2 27c12,12,12,26780.3
Distance 40,12,12,30271.6
Distance 41,12,12,46534.0
Distance 45,12,12,29270.3
Distance 37,12,12,39972.3
Distance 43,12,12,48627.5
Distance 44,12,12,61647.6
Distance 46,12,12,46619.5
Distance 42,12,12,81670.9
Distance 51,12,11,55093.8
Distance 50,12,11,87013.4
Distance 49,12,11,59716.3
COND LECTEUR CARTE,12,2,15550.5
3/16,12,10,86723.3
3/16 DECT,12,7,236312.5
conduit 1 13c12 1,11,10,29000.8
3/16 KS,11,4,409925.7
2/12,11,9,156889.6
conduit 1 03c06,11,10,82681.8
Distance 47,11,11,35056.7
Distance 48,11,11,46681.9
Distance 53,11,10,62868.0
Distance 54,11,10,138938.8
21/12,11,9,39766.9
23/12,11,8,24084.3
3/16 ALARME,11,4,302486.1
URG 3/12,11,7,243923.6
conduit 1 03c08,10,9,51477.1
conduit 1/2 03c12 2,10,6,128122.3
conduit 2 35c12,10,9,34230.4
conduit 3/4 09c12 1,10,6,16882.7
conduit 2 27c10,10,9,31083.9
3/8,10,7,35461.4
3/4 HP,10,6,154831.7
conduit 1/2 05c12 1,9,8,36945.9
COND TEL,9,7,98509.5
3/16 KLAXON,9,5,127066.2
conduit vide 1 1,9,8,79364.5
conduit vide 1 1/4,9,9,59001.2
conduit 3/4 06c12,9,9,25473.1
Distance 57,9,9,54829.0
COND 1po,9,9,84188.5
cond 2 po,9,2,223258.0
conduit 2 4c3/0,8,8,31422.2
conduit 2 39c12,8,8,13055.6
3/6,8,7,12691.3
TEL,8,7,150540.3
conduit 1''1/4 04c04,8,7,38702.0
TRAY,8,4,25101.1
CANIVEAU,8,8,24001.7
2PO BELL,8,2,84123.8
DJ4 COND 2po BELL,8,2,32094.5
Distance 81,8,6,23059.1
Distance 56,8,8,86321.3
Distance 69,8,7,22787.5
Distance 58,8,7,28916.9
Distance 59,8,7,31478.6
Distance 71,8,7,34764.1
Distance 74,8,7,33056.2
Distance 64,8,7,33071.1
Distance 75,8,7,35162.6
31/12,8,7,31876.4
PORTE,8,1,46058.3
CAMERA,8,3,106997.8
27/12,8,7,19037.8
conduit 2 31c10,8,7,28454.3
UR 3/10,8,6,69511.1
conduit 1''1/4 22c12,8,5,21420.0
URG 3/10,8,5,82609.1
COND 3/4 SURF 3/12,8,2,256981.5
DCLC 3/16 SH,8,1,39484.6
REV TRAY 12PO,8,2,18449.7
conduit 1''1/4 03c04,7,7,18962.1
conduit 1''1/4 15c10,7,6,14286.1
conduit vide 3/4 1,7,5,183463.4
2PO,7,7,18764.2
COND 4/12,7,3,34544.8
Distance 60,7,7,7737.0
Distance 70,7,7,34458.8
Distance 61,7,7,14751.0
Distance 73,7,7,33236.2
Distance 68,7,7,10288.1
Distance 82,7,5,400750.6
Distance 83,7,5,9974.4
Distance 62,7,7,18054.6
Distance 63,7,7,37972.5
Distance 72,7,7,28208.4
Distance 65,7,7,21758.0
Distance 66,7,7,14128.0
Distance 67,7,7,14152.0
Distance 88,7,5,177091.0
Distance 89,7,5,264583.2
Distance 76,7,7,19647.0
Distance 85,7,5,42058.5
Distance 87,7,5,59893.2
conduit 1''1/4 17c12 1,7,6,22826.0
conduit 1''1/4 09c10,7,7,10246.0
7/10,7,5,23589.0
conduit 1''1/4 11c10,7,6,14264.4
COND 3/4,7,5,39401.4
CH 3/12,7,5,98176.6
HP 2/16,7,1,879165.5
DECT 4X2/18,7,1,557815.4
vitalink 2/14,7,1,241117.8
COND CAMERA,7,4,226687.4
3/10 UR,7,2,89140.3
conduit 1/2 03c10 1,6,6,46157.6
conduit 1/2 06c12,6,5,54924.5
PVC 2po,6,5,26863.1
conduit vide 3,6,6,35273.1
conduit 2 25c10,6,6,41320.4
3/12 EXIT,6,5,52716.3
3/12 URG,6,3,46163.9
TRANCHER,6,6,47694.9
Distance 80,6,6,48694.0
Distance 78,6,6,23272.0
COND 2po,6,5,17549.2
Distance 77,6,6,19661.0
Distance 79,6,6,15407.0
Distance 86,6,5,26581.0
conduit 3/4 05c12 1,6,5,21398.8
TEL POMPIER,6,1,327556.4
2/8,6,6,12585.5
3/10 URG,6,5,61689.9
FAS 3/16,6,3,115885.8
COND LECTEUR,6,3,192041.6
11/10,6,2,22865.2
REV TRAY 18 po,6,2,14860.0
J HOOK,6,2,45466.0
PORTE GARAGE 10/12,6,2,47358.0
PORTE GARAGE 13/12,6,2,46740.0
NIVELEUR 10/12,6,2,47052.0
conduit 1 10c12,5,5,11594.5
conduit 1/2 04c12 1,5,5,69959.9
conduit 1/2 03c12 3,5,4,58923.2
conduit 1 15c12 1,5,4,8402.5
conduit 1''1/4 25c12 1,5,5,14243.0
conduit vide 2 1/2,5,5,21901.7
4/14,5,3,61326.8
Distance 101,5,5,7936.5
Distance 97,5,5,23425.8
Distance 96,5,5,7860.5
Distance 84,5,5,71877.9
Distance 90,5,5,18594.0
Distance 91,5,5,35178.1
Distance 92,5,5,10242.2
Distance 98,5,5,22138.7
Distance 99,5,5,12750.3
Distance 100,5,5,99924.1
Distance 94,5,5,7735.6
Distance 95,5,5,5398.4
Distance 110,5,4,12242.6
33/12,5,5,23965.4
LIGNE SOUTERRAINE,5,1,3181.9
LIGNE AÉRIENNE,5,1,6349.0
COND 3/4 HP,5,3,67655.9
HORN CABLE,5,1,166000.0
ECL EXT 3/12,5,4,39915.5
3/4 CAMERA,5,3,278019.9
3/12 ECL,5,5,109829.9
ECL 5/12,5,2,82068.0
conduit 1 08c10,4,3,3867.1
conduit 1/2 04c12 2,4,4,12760.8
COND ALARME 3/16 FT4 2,4,3,47733.5
conduit 1''1/4 16c12,4,4,8804.8
conduit vide 1/2,4,4,32736.8
conduit 3/4 04c08,4,4,8527.9
conduit pvc 3/4 9c12,4,4,12749.3
conduit 2 3c1/0,4,4,7589.2
conduit 1/2 04c10 1,4,4,87241.3
COND 7/12,4,2,9245.0
COND 3/8,4,2,11424.5
COND MONOX 1/2,4,2,28915.1
4/12 CHAUF,4,2,24304.4
COND 4/14 KLAXON,4,2,41430.9
COND WIFI,4,2,1689.3
DJ2 COND 2 po BEL,4,2,15700.0
PVC 2PO,4,4,9829.5
COND 1PO,4,3,18047.9
Distance 102,4,4,10769.7
Distance 103,4,4,21434.0
3/16 LVT,4,2,44633.2
Distance 105,4,4,4366.7
Distance 114,4,4,10359.0
Distance 122,4,4,2463.7
Distance 123,4,4,2611.0
Distance 125,4,4,8048.0
Distance 121,4,4,3776.0
Distance 124,4,4,4845.0
Distance 104,4,4,50212.1
Distance 106,4,4,11158.8
Distance 107,4,4,11197.6
Distance 108,4,4,2863.0
Distance 109,4,4,9774.9
Distance 115,4,4,6698.0
Distance 116,4,4,4307.1
Distance 111,4,4,4271.6
Distance 117,4,4,3472.1
Distance 112,4,4,2123.0
Distance 118,4,4,8803.1
Distance 113,4,4,10242.1
Distance 119,4,4,12088.7
Distance 120,4,4,6445.9
BX2/12,4,3,8883.3
conduit 3/4 03c06,4,4,6538.0
11/4,4,4,4626.0
5/16 fas,4,2,72992.6
6/12,4,4,8514.1
TECK,4,2,18507.3
RAIL,4,3,42976.0
COND 2PO,4,4,24084.4
CHEMIN DE CABLE,4,4,21411.0
conduit 2 21c10,4,3,14452.0
4/8,4,4,19922.7
conduit 1''1/4 06c06,4,2,200559.5
3/16 FAS,4,3,21832.2
COND 2 PO,4,4,12174.0
P 3/12,4,4,120801.4
2/16 DECT VITALINK,4,1,160009.9
Distance 10 HP,4,1,39217.4
CH 6/10,4,2,34623.0
COND 1 PO CAM,4,4,49967.0
KLAXON 3/16,4,3,37177.5
PR 3/12,4,2,36261.6
BASKET,4,3,20300.1
DECT 3/16,4,3,51374.9
5/10,4,4,8776.0
COND 1/2 C/A CAT 6,4,2,84184.7
3/4 COND FAS,4,2,222136.1
COND 5/16 3/4 COND,4,2,22704.1
URG 2/10,4,2,48322.0
COND 1 PO CAMERA,4,2,73032.1
COND CAI,4,1,55955.2
TCAI,4,1,45901.3
13/13,4,2,18852.0
Distance CHEMIN DE CABLE,4,1,20975.8
REV TECK 3/4,4,2,12861.5
REV TECK 3/14 FAS KLAXON,4,2,33168.0
REV TECK FAS 3/16 DETECT,4,2,36108.0
CABLE TECK EXTERIEUR,4,2,13064.5
COND ALARME 3/18 FT4 1,4,2,51936.0
RAIL LT-FT-B,4,2,23818.0
3/4 SECURITE,4,2,60016.1
CH4 D1,4,2,956.0
DETECT 3/16,4,1,24337.3
COND 3/4 TEL,4,4,54127.7
FIXTURE TYPE E3,4,2,2074.0
FIXTURE TYPE L4,4,2,1042.9
3/4 C/A 3/16,4,1,54892.5
3/4 3/16 KLAXON,4,1,45092.6
conduit 2 27c12 PANN UR,4,2,9322.0
conduit 1 13c12 2,3,3,4156.1
conduit 3/4 03c10 2,3,3,28292.9
ECL3/12,3,3,88898.2
3/16 KL,3,3,23906.7
11-4 4C3,3,1,18195.4
conduit 1''1/4 21c12 1,3,2,4495.0
conduit 1''1/4 19c12 1,3,3,8759.0
conduit 1''1/4 10c10,3,3,7132.4
conduit 1''1/4 25c12 2,3,3,5703.1
conduit 1 04c08,3,3,36223.5
13/16,3,2,13932.1
conduit vide 4,3,2,40935.5
conduit 2 41c12,3,3,3326.3
conduit 2 4c4/0,3,3,8293.0
conduit vide 3/4 2,3,2,44767.4
conduit 2 33c12 1,3,3,14854.1
conduit vide 1 2,3,2,56001.4
1PO,3,3,7564.7
conduit 3/4 08c12,3,3,2906.1
conduit 2 22c10,3,3,4744.3
Distance 127,3,3,3607.0
Distance 126,3,3,9847.0
Distance 128,3,3,3009.0
Z59,3,2,8938.0
Z60,3,2,6663.0
conduit 2 29c10,3,3,5949.0
3/16 st,3,1,31927.1
PVC 3/12,3,2,39378.6
conduit pvc 3/4 3c12,3,2,23913.4
3X3/0,3,3,18179.0
37/12,3,2,4446.3
conduit 1''1/4 04c06,3,3,8664.6
3/12 EXIST,3,1,13414.0
1/2 4/14 EXIST,3,1,12617.4
3/16 1/2 EXIST,3,1,11655.2
7/12 PORTE,3,3,16366.0
4PO,3,3,12267.3
conduit 2 31c10 1,3,3,11043.0
2/6,3,2,27338.7
COND 21/2,3,1,12748.0
FAS 4/14,3,2,32392.7
4/6,3,2,18727.0
CONTROL ECLAIRAGE,3,2,75979.6
OFR,3,3,5957.8
3/16 FAS HP,3,3,32880.7
COND 2 po,3,3,10596.8
conduit 2 19c10,3,3,9324.0
CAT6,3,3,30233.5
conduit 1''1/4 12c10,3,3,8887.8
COND 4po,3,3,11594.5
CHEMIN CABLE,3,3,11440.0
CABLE HP,3,2,165245.2
PC21 COND 3/4 2/10+1/12,3,1,31056.0
PC21COND 3/4  4/10+1/12,3,1,21573.2
3/12 UR,3,3,35497.0
CH 3/10,3,3,24293.2
CH 4/10,3,3,33619.2
COND 3/12 EXIT,3,1,18136.0
4/0,3,2,11813.3
6/8,3,3,5265.3
URG3/10,3,2,35651.6
29/12,3,3,3267.0
3/4 3/12,3,2,15861.6
CH3/10,3,3,10302.0
TLS-RJ01,3,1,32494.1
GENERATRICE,3,3,10434.0
conduit 4 po,3,1,50182.4
conduit 1 1/4 po,3,1,92109.2
conduit 1 po,3,1,47794.5
ppd-rj02 2x4#3/0+1#4 2 21/2 swb-rc01,3,1,32876.6
pd-rj03 4#300+1#4 2 1/2 au tr-rj-03,3,1,12334.6
conduit 3/4 po,3,1,29072.8
PVC 2 PO,3,2,7880.8
conduit 2 4c2/0,3,3,2964.0
COND 2PO ALARME X2 OPTO B3,3,1,19459.0
COND 1 PO,3,3,16151.8
CONNECTRAC,3,3,8846.6
BX 2/12,3,3,10408.5
2/0,3,1,17384.8
COND 1 1/4,3,3,11263.6
Distance 3/12,3,3,16475.4
3/12 P,3,3,49114.8
3/4 PORTE,3,1,36514.0
3/4 CAM,3,1,20913.0
3/4 HORLOGE,3,1,19344.1
3/4 COND 3/12 1,3,3,22121.1
COND 3/4 HORLOGE,3,1,46090.0
INTERC 3/4 S,3,1,43916.7
EDTEC MOUV 3/4,3,1,39192.9
cond klaxon,3,1,52311.3
TP 3/8,3,1,11234.7
TP 3/12,3,1,9919.7
conduit 1 05c10,3,1,6937.0
CCT D 10/12,3,1,63999.8
3/16 STA,3,3,24700.7
HVTECK 3C250MCM RISER,3,1,29652.0
conduit 1 06c10,2,2,964.0
conduit 3/4 07c12 2,2,2,1606.1
3/12 PR,2,2,30715.6
PANN 23,2,1,78533.5
2PO 150A,2,1,6475.1
C3,2,2,2254.3
conduit 1/2 06c12 1,2,2,2314.1
conduit 3/4 09c12 3,2,1,5511.0
3/0AWG 19 BRINS RW90 600V 90C VERT,2,1,12264.5
3/4 po2/8 1/12,2,1,13584.8
COND 1po 2/6 1/12,2,1,22467.7
conduit 2 37c12 1,2,2,4110.5
conduit 3/4 03c08 1,2,2,6079.0
conduit vide 2 1,2,2,1419.4
conduit 2 4c1/0,2,2,2036.7
conduit 2 29c12,2,2,3891.4
1po 1/1,2,1,5301.1
COND 5/12,2,2,2006.1
COND 9/12,2,2,4716.1
cond 11/2 c/a 15/8,2,2,7792.7
3/12 AG-10,2,2,2496.0
7/12 V-3C V-21,2,2,4276.0
7/12 V-3B,2,2,8911.8
11/4 COND,2,2,8635.5
GEN 500KW,2,2,4010.0
11/4 POMPE,2,2,2372.0
4/12 COMPACT,2,2,2590.0
PIEZOFT4,2,2,76120.3
DECT PASSAGE,2,2,14442.1
ECL PASS 3/12,2,2,12827.3
KLAXON 4/14,2,2,12976.3
DJ1 COND 2po BELL,2,2,4174.0
312,2,1,40658.3
4PO HQ,2,2,1665.2
PVC 5/12,2,2,2299.0
1PO PVC,2,1,1671.0
PVC 15/12,2,2,4004.9
COND 3/4PO,2,1,942.5
Distance 129,2,2,11156.0
COND 2po tel,2,2,6226.0
cond 1po TEL,2,2,32959.0
Distance 130,2,2,2532.0
30A 600V,2,2,578.0
WALL PACK,2,2,2788.0
A/C 04,2,2,11186.0
A/C 10,2,2,4876.0
A/C 11,2,2,5290.0
A/C 09,2,2,3172.0
A/C 13,2,2,4122.0
A/C 12,2,2,4968.0
A/C 14,2,2,3104.0
A/C 15,2,2,2282.0
A/C 08,2,2,5708.0
A/C 06,2,2,5460.0
A/C 07,2,2,5108.0
A/C 02,2,2,3544.0
A/C 01,2,2,2600.0
AC/05,2,2,2852.0
A/C03,2,2,8460.0
PVC 1po CAMERA,2,2,19470.0
4/18 SH TECK,2,2,9656.0
DHU-2,2,2,7264.0
DHU-1,2,2,4434.0
DHU-4,2,2,10834.0
z58,2,1,3291.8
Z61,2,1,3942.0
Z62,2,1,3953.0
Z63,2,1,4705.6
Z64,2,1,3695.3
Z27,2,2,7936.1
Z38,2,2,8252.0
Z39,2,2,8407.0
Z23,2,2,6171.3
Z24,2,2,5073.0
Z34,2,2,10246.2
Z35,2,2,10941.0
Z37,2,2,10820.5
Z36,2,2,9427.1
Z28,2,2,4784.7
Z29,2,2,8512.2
Z32,2,2,5225.0
Z33,2,2,5448.0
Z31,2,2,7101.9
Z22,2,2,3941.5
Z21,2,2,3405.0
Z1,2,2,5959.4
Z2,2,2,6914.4
Z15,2,2,6086.9
Z14,2,2,7104.4
Z9,2,2,5762.6
Z18,2,2,7340.3
Z11,2,2,9157.0
Z5,2,2,10793.1
Z6,2,2,7302.6
Z10,2,2,4687.8
Z19,2,2,4737.0
Z17,2,2,6165.5
Z25,2,2,5524.2
Z13,2,2,7794.3
Z12,2,2,14581.9
Z3,2,2,7971.4
Z7,2,2,9023.6
Z8,2,2,7909.0
PVC11/2po,2,1,2337.5
3/12 ecl ext,2,1,38897.7
3/12 urg,2,1,89808.2
cond hp,2,1,23507.7
cond 1po,2,2,9675.0
ETAGERE A CABLE,2,1,9331.0
PVC3/4,2,1,8986.0
9/10,2,2,4945.3
PD1,2,2,4437.0
24pi,2,1,26727.0
COND PVC 2po C/A 2/6 1/8,2,1,4933.8
COND1po,2,2,31686.4
COND VIDE 1po,2,2,17723.0
11/4 po,2,1,2433.7
1/2 4/14,2,1,19759.1
1/2 3/16,2,1,16034.4
CABLE TRAY,2,1,2689.0
conduit 1''1/4 07c08,2,2,7418.0
cond 3/4,2,2,11855.3
conduit 3/4 03c12 2,2,2,19678.3
COND 3 PO,2,2,23916.5
3 po 4 3/0,2,1,2782.0
21/2 C 4 1/0 6,2,1,2811.0
teck 2/12,2,1,4301.0
teck 3/10,2,1,3986.0
2/12P,2,1,40235.4
2/12E,2,1,28223.9
4/ 3/0 FLEX A,2,1,2004.5
conduit 1''1/4 13c10 1,2,2,2432.0
TYPE H,2,2,1764.0
TECK 3/500MCM 1000V,2,2,12996.0
COND PRISE/ECL,2,2,3814.0
3/12 POSTE GARDE,2,2,6174.0
250MCM POMPE FEU,2,2,14980.0
3/2 1/6 11/4C,2,2,4336.0
3/6 1/8 1C,2,2,4158.0
PRISE /ECL,2,2,7212.0
2/10 URG,2,2,18891.2
conduit 3 3c300mcm,2,1,1835.0
conduit 2 1/2 3c250mcm,2,2,6719.0
conduit 2 23c10,2,2,4443.0
COND 1po 5/10,2,1,3773.0
3/16 fas,2,2,14117.7
24 VENT 3/12,2,1,8051.0
VENT 3/12,2,2,14556.0
2/6 BORN,2,1,24257.9
COND 2 po TEL,2,2,9312.7
fixt d1,2,1,14914.0
fixt d2,2,1,6368.0
fixt b,2,1,11503.0
fixt j,2,1,9764.0
fixt f,2,1,11568.9
fixt e1,2,1,4226.0
fixt c,2,1,5840.0
fixt k,2,1,4645.0
HP,2,2,29583.3
LAMPADAIRE,2,2,4616.4
CROCHET J,2,1,13295.0
42/10,2,1,6238.0
COND 3/12 C3/4,2,1,66914.4
COND 1 po,2,1,20802.3
CON CAM 1 po,2,1,11305.7
2PO TEL,2,2,6054.1
TEL 2/16,2,1,81781.0
POMPIER 3/4po,2,1,1999.4
cat5e cond,2,1,90038.9
3/4,2,2,10445.8
FAS,2,2,20820.0
TIVOLI LIGHT,2,1,31793.7
COND SPEAKER 3/4,2,1,98845.8
3/16 HORN,2,2,30878.0
BATT 3/10,2,1,17496.9
STATION 3/16,2,1,22530.4
PR 4/10,2,1,46556.0
PR 15/12,2,1,8861.0
WIFI COND,2,1,22634.0
cond carte acces,2,1,69253.2
11/4 TEL,2,2,2028.0
PVC 1PO,2,2,5428.8
13KLAXON 3/16,2,1,10213.6
3/3,2,2,17226.2
conduit 2 26c12,2,2,2528.0
KLAXON FAS,2,2,18798.0
type f,2,1,13753.3
2 VIDE,2,1,36658.9
COND 21/2 po,2,1,5440.0
COND 3/4 po,2,1,16399.1
PS2,2,2,6147.0
PP2,2,2,8586.0
ECL 24HRS,2,1,18037.0
ur,2,1,17800.1
ECL 7/12,2,2,67383.0
HORN 3/16,2,2,47123.3
3/16 STROB,2,1,105023.2
2po SECURITE,2,1,53500.1
ADD 2 2po TEL,2,1,19079.0
cond int,2,1,142814.5
3/12 ecl,2,1,264957.3
3/4 1X9842 1X10GX62F,2,1,29210.0
3/4 8461,2,1,18437.9
1pô9842 1X 10GX62F,2,1,33811.0
2 po 4X1800B 2X 4794R 2X8451 2X9842 8X10GX62F5X180,2,1,9830.0
SWIT,2,1,146339.2
AV2PO,2,1,3718.7
ADD 2 COND 1 PO A/V,2,1,75044.0
AV1 1/4PO,2,1,5924.9
conduit 1 po a/v power,2,1,18708.6
conduit 1 1/2 po a/v,2,1,27485.2
ppd-rj01 4#3/0+1#4 2 1/2 swd-rc01,2,1,7882.0
ppdu-rj01 4#4+1#8 1 1/4 ppdu-rc01,2,1,30828.7
c 2 av,2,1,5767.8
c 11/4 av,2,1,8175.9
c 1 av,2,1,5147.1
c 3/4 av,2,1,20352.0
CHANG 008 3/12 COND3/4,2,1,1776.0
add5 3/12,2,1,1757.0
COND 3/4 3/12,2,1,5552.0
ADD7 HP 8477,2,1,8703.0
HQ,2,2,10552.5
3/16 STROB/KLAXON,2,1,109637.5
FIXT TYPE  L20,2,2,8997.2
FIXT TYPE  L19,2,2,3004.0
FIXT TYPE L21,2,2,706.0
FIXT TYPE L23,2,2,6638.3
FIXT TYPE L26,2,2,1162.0
URG 3/12 PU1,2,2,29518.0
3/250MCM 2po,2,2,1806.0
3/4 COND11/4,2,2,29316.0
PYROTENAX,2,2,10200.0
COND 2 42/12,2,2,15656.5
COND 5/10,2,2,9262.0
COND FAS VALVE,2,1,12089.0
cond 3/16 horn,2,1,28814.8
cond fas dect,2,1,27984.7
A4 8F,2,1,52909.6
A4 10F,2,1,20489.3
A1 15F,2,1,11478.0
CHEMIN CABLE 18X4,2,1,7226.6
TRAY 12X4,2,1,7663.8
V3.7 CONNECTRAC,2,2,2466.0
CONECTRAC V3.7,2,2,1354.0
CONNECTRAC CHANG,2,2,2164.0
13/12 ECL,2,2,8034.0
HORN FAS 3/16,2,1,22893.3
DECT FAS,2,1,14599.7
4/6 + 1/8 COND 1po,2,1,14292.0
hp 3/4,2,1,30060.0
3/12 NORM,2,1,32436.4
NORM3/12,2,1,19734.0
DiCOND 2po TEL,2,1,24302.0
COND 3/4po TEL,2,1,44603.8
pvc 3/4 2/10 +gr,2,1,4704.7
ECL,2,2,9419.4
3/0,2,1,35606.4
250,2,1,22016.7
802,2,2,5196.0
801,2,2,6177.8
812,2,2,5934.2
811,2,2,4872.6
809,2,2,2090.1
810,2,2,3638.1
803,2,2,4104.7
804,2,2,2720.5
808,2,2,2485.3
807,2,2,3710.3
805,2,2,5400.8
806,2,2,4774.5
10/12,2,2,1323.0
COND 1 po enseigne,2,1,22371.9
C 3po c/a 2/6 +3/8 +1/10,2,1,10953.0
4 po PVC,2,2,2031.4
3/10 CH,2,2,11855.3
5/10 CH,2,2,7426.3
3/12 1V,2,2,45570.4
3/10 +V,2,2,13101.5
3/6 1V,2,2,12967.5
3/4 VIDE OREAL,2,2,45584.4
REV DB2,2,2,10036.1
REV COND 4po 4X500MCM RWU AL,2,2,1545.6
REV MISE A LA TERRE 2 ETAMÉ,2,2,6773.6
REV 3/10 URG,2,2,15055.8
REV 3/12 ECL EXT,2,2,16686.0
REV 3/12 ECL,2,2,14096.0
REV 3/12 ECL N,2,2,18239.7
REV C 3/4 CONTROL ECL,2,2,16587.8
REV COND PVC 2PO,2,2,2584.0
REV 3/4 4/12 CH,2,2,9318.0
REV 1 1/4 3/3 1/8 40HP,2,2,9080.0
REV 3/4 4/12 2.1HP,2,2,36432.0
REV CAB 2 90A,2,2,2840.0
REV CAB 3 250A,2,2,3772.0
REV 5/12,2,2,22472.0
REV 3/4 VIDE,2,2,27210.0
REV TRAY 8 po,2,2,1573.1
REV TECK 2/12 5F,2,2,8141.6
TECK 2/12 5E,2,2,604.3
REV 4/12 PRISE,2,2,3663.6
5XLE2,2,2,5024.4
PVC 3 PO (1),2,2,3370.0
PVC 2 PO (3),2,2,1064.0
6 COND 1/2,2,1,4694.4
16/3,2,2,10731.7
COND V,2,1,23734.0
KLAXON,2,1,8430.6
SERP 11/10,2,1,12771.4
42/12,2,1,19881.1
Distance 3/6,2,1,29196.5
Dis3/10 PR,2,1,19174.2
DECT,2,1,26451.9
3/16 KLAX,2,1,29365.1
control ecl,2,1,120359.4
3/4 COND,2,1,37413.7
2 1/2 4X 3/0 1X4,2,1,1148.3
LT-L-B 32pi,2,2,1320.0
LT-L-A 21 pi,2,2,1342.0
LT-L-A 20pi,2,2,1230.0
LT-L-A 22pi,2,2,1354.0
LT-L-C 39pi,2,2,2474.0
LT-L-C 14 pi,2,2,894.0
LT-L-C 9 pi,2,2,550.0
LT-L-C 15 pi,2,2,938.0
LT-L-B 11 pi,2,2,698.0
LT-L-B 17pi,2,2,1064.0
LT-FS-B,2,2,2038.0
RAIL C-LT-FS,2,2,3772.0
LT-L-B 7pi,2,2,426.0
LT-L-D 4pi,2,2,226.0
BANDE LED PORTAIL,2,2,390.0
LT-L-E 12 pi,2,2,778.0
LT-L-E 12 PI -,2,2,778.0
LT-L-C 55 pi,2,2,3556.0
LT-L-B 10pi,2,2,632.0
LT-L-C 55 pi -,2,2,3586.0
LT-FT-B,2,2,6898.0
LT-K3-B,2,2,3042.0
LT-L-C 23pi,2,2,1472.0
FIXTURE C-LN-S1,2,2,7686.0
LT-L-E-8pi-,2,2,518.0
LT-L-E-8pi,2,2,520.0
LT-L-C 24pi,2,2,1512.0
3/16 horn,2,2,13570.6
3/16 alarme,2,2,7933.0
Distance 3/16,2,2,2160.0
CH 5/10,2,2,1530.0
CH 7/10,2,2,1146.0
SERP 3/12,2,1,12198.6
SERP 7/12,2,1,2584.0
SERP 5/12,2,1,8766.6
CHA 5/12,2,1,3898.0
CHA 7/12,2,1,6257.4
TP 4/10,2,1,6210.6
TP 7/10,2,1,4434.0
TP10/10,2,1,4083.0
COND 4PO,2,2,6801.1
ECL COND 3/4 C/A CAT5E,2,1,8095.0
COND 3/4 3/12 3/16,2,1,44114.9
P6 3/10,2,1,3874.0
COMD HAUT PARLEUR,2,1,26131.1
DETECTEUR MOUV SECUR,2,1,26818.7
COND HORLOGE,2,1,24393.2
COND INTERPH,2,1,20690.6
FIXT TYPE D3,2,2,12765.0
CH9 D1,2,2,1456.0
CH9 D1-,2,2,516.0
CH7 D1,2,2,1168.0
CH7 D1-,2,2,524.0
CH4 D1-,2,2,502.0
CH1 FIXT D1,2,2,516.0
CH1 FIXT D1-,2,2,882.0
CH10 FIXT D1,2,2,1010.0
CH10 FIXT D1-,2,2,524.0
CH8 FIXT D1,2,2,518.0
CH5 D1,2,2,1150.0
CH5 D1-,2,2,384.0
CH2 FIXT D1,2,2,1614.0
CH2 FIXT D1-,2,2,518.0
CH11 FIXT D1,2,2,528.0
CH11 FIXT D1-,2,2,432.0
CH6 FIXT D1,2,2,1894.0
CH6 FIXT D1-,2,2,508.0
CH6 FIXT D1+,2,2,526.0
CH3 FIXT D1,2,2,1206.0
Distance CH3 FIXT D1-,2,2,446.0
CH3 FIXT D1+,2,2,438.0
CH5 FIXT D1-,2,2,1158.0
ch 3/12,2,1,29618.7
ch 6/12,2,1,2101.0
UR 2/12,2,2,75098.7
conduit 2 42c12 1,2,2,8108.0
COND 3/4 16/3,2,2,30810.3
PO7/12,2,2,26722.5
TECK 4/350MCM BUSS DUCT,2,1,3453.6
3/4 IDE PORTE,2,1,17742.0
3/4 FAS 3/16 STAT,2,1,29032.2
3/4 3/16FAS,2,1,46798.2
HP COND 3/4,2,1,19898.1
FIXTURE TYPE L2 A,2,2,2795.6
WIRE MOLD,2,1,1886.0
COND 3/4 5X3/16,2,1,5766.0
3/4 PVC 3/10,2,2,14054.1
ALIM GENE,2,2,3108.0
PLYWOOD-1,2,2,1566.0
PLYWOOD,2,2,4338.0
PSC 3/8,2,2,2058.0
PSC 15/12,2,2,2524.0
PS2 15/12,2,2,3992.0
2/12 CH,2,2,33518.0
3/12 PS1,2,2,3390.0
5/12 PS1,2,2,1438.0
7/12 PS1,2,2,1250.0
9/12 PS1,2,2,966.0
11/12 PS1,2,2,4020.0
13/12 PS1,2,2,1342.0
3/12 PPI SE1-02,2,2,4230.0
3/10 SE,2,2,12322.0
4X12 VE,2,2,10288.0
3/4 ECH,2,2,6958.0
PS2 3/12 45,2,2,6080.0
PP1 4/10,2,2,14578.0
ps1 39/12,2,2,3846.0
ps1 23/12,2,2,1936.0
PSI 6/8,2,2,1608.0
PS1 27/10,2,2,2808.0
ECL 3/4 3/12,2,2,55682.4
3/4 HP COM,2,2,60852.5
D/M 3/4,2,2,19888.0
CARILLON +,2,2,16077.4
WIFI 3/4,2,2,21017.3
DDC C3/4,2,2,25718.9
CONDSECURITE,2,2,31893.0
ECL UR 3/12,2,2,19808.0
ECL PUR 5/12,2,2,82654.9
pur 7/12,2,2,15078.0
PPD 4X(4X500MCM AL),2,2,8692.0
JC 400A 2X(4X3/0CU),2,2,9092.0
PANNF 4X250MCM 21/2,2,2,15292.0
PANN H 4X2/0 C2,2,2,15298.0
PANN U 4/4 COND 1 1/4,2,2,14582.0
3/12 CONTROL BRASSEUR AIR,2,2,42433.3
21/12  CCT  PANN H,2,2,6400.0
9/12 PANN F,2,2,5388.0
PANN F 21/12,2,2,5822.0
PANN UR  21/12,2,2,5836.0
10/12   37D,2,2,2780.0
PANN UR  5/12,2,2,8566.0
7/12 OPERATEUR PORTE,2,2,8026.0
15/12  CCT PAN F,2,2,8702.0
10/10 RIDEAU AIR,2,2,9202.0
5/12 BOITE VOLUME,2,2,15126.0
PANN H 9/12 MON PLANCHER,2,2,11436.0
PANN F CH 3/12,2,2,5534.0
PANN UR 27/12,2,2,1370.0
7/10 1PCVETCD 18,2,2,9060.0
10/10 HR/G16,2,2,6680.0
PSD4 3/8 13E,2,2,1842.0
G5 3/12,2,2,1644.0
G3 3/10,2,2,1438.0
PS3 3/10 9,2,2,1376.0
PSD12 3/12 55,2,2,1028.4
UM 468 4/12 16,2,2,1968.0
G4 3/10 14,2,2,1408.0
B9 3/12 41,2,2,2448.0
UM3 3/12 22A,2,2,2048.0
B1 3/12 12A,2,2,636.0
B2 3/12 56,2,2,928.0
B4 3/12 60,2,2,1074.0
B5 3/12 15,2,2,888.0
B3 3/12 60,2,2,916.6
B 11/12 7/41/41/44B/7,2,2,5092.0
UM 5/12 15,2,2,4320.0
PSD 4/1 2po 25,2,2,4066.0
PSD 5 4/6 20,2,2,4158.0
PVC 1po 3/12,2,2,460.1
COND 1 po VIDE,2,2,28033.7
PVC 2po VIDE,2,2,4214.2
COND 2po  BELL,2,2,17920.0
COND 3/16,2,2,40809.4
3/16 DEC=TEC,2,2,33434.5
8/8 1/0 RWU,2,2,3002.0
ecl 3/12,2,2,28454.0
ur 3/12,2,2,156226.6
ur 7/12,2,2,11038.0
JC COND 2po,2,2,1764.2
JC COND 1 po,2,2,33177.7
C COND 1po EMT,2,2,27596.0
JC 1po DATA,2,2,6742.0
JC 2 po DATA,2,2,8488.0
ENTRE 400A 600V,2,2,6750.0
COND 1po pvc,2,2,26112.7
cond 2PO PVC,2,2,10191.3
COND 2 po DATA PVC,2,2,4061.3
cond vide data 1po,2,2,44596.0
cjcconduit 1''1/4 16c12,2,2,3680.0
jcconduit 2 29c12,2,2,15150.0
jcconduit 3/4 07c12,2,2,21136.0
jcconduit 2 35c12,2,2,9050.0
ACWU 3/250MCM,2,2,3292.0
ARTERE 600A,2,2,20331.3
SOUS DALLE,2,2,37819.9
COND CA,2,2,42652.0
TECK 3/500MCM,2,1,8363.5
COND 1 1/2 TEL,2,2,21184.0
COND 1 PO CCT,2,2,7026.0
3/10 urg,2,1,32864.5
2/12/218,2,1,101357.3
led 3/12 3et,2,1,5596.0
E13  4/10,1,1,1815.0
E2  80A,1,1,1353.0
COMP 11/2,1,1,1354.3
E 3   4/10,1,1,606.3
E 17 4/10,1,1,605.0
E 1 175A,1,1,1044.0
E 14 80A,1,1,991.0
E 13 3/12,1,1,1150.0
E 11 4/12,1,1,1006.0
E 9 3/12,1,1,519.0
E 8 3/12,1,1,760.0
E 4-6-10-12-16-5-7,1,1,4986.2
3/0AWG 19 BRINS CUIVRE NU MOU,1,1,1939.1
conduit 3/4 05c10 1,1,1,262.0
3/16 DÉTECTION,1,1,225.6
GÉNÉ,1,1,6909.0
7/12 POM,1,1,3655.7
3/12 MOT,1,1,16415.5
5/12 MOT,1,1,20991.0
4/12 MOT,1,1,33321.7
BORNE,1,1,88956.1
PANN 22,1,1,61462.9
PANN 24,1,1,68314.1
PANN 25,1,1,54527.8
PANN 26,1,1,57298.5
BANDE LED K,1,1,2744.1
3/16 DÉTECT,1,1,28294.3
3/16 KLAXON PAS,1,1,11821.8
3/16 DECT PASS,1,1,21279.9
3/16 DETECTION,1,1,11787.0
LED SALLE CONF,1,1,2155.4
LED CONF,1,1,1802.4
LED BAR,1,1,2084.0
3/2/0  NUAL,1,1,247.0
3/2/0 41 PN210 A IT2,1,1,264.5
3 2/0 41 IT2 A CDP,1,1,1184.0
3/250MCM 2 1/2,1,1,1697.9
ALA4800B-10,1,1,1093.8
VER,1,1,917.1
AIA,1,1,1213.0
B1,1,1,1387.1
CARTE,1,1,2048.5
D2,1,1,1720.0
D1,1,1,1952.3
A1,1,1,1108.1
C1,1,1,2248.3
A2,1,1,805.2
B2,1,1,990.2
C2,1,1,1947.1
BIOA,1,1,1447.2
D3,1,1,2238.0
B3,1,1,1293.1
A3,1,1,895.0
COND 3po HQ,1,1,1742.1
COND 4po HQ,1,1,122.0
COND 4po PVC,1,1,890.0
PVC 1po C/A 3/10 RWU,1,1,6643.8
COND PVC 11/4po,1,1,3804.3
4/0 GR NUE,1,1,822.2
GR GEN SET,1,1,1711.0
COND CPV 1-1/4PO 10PI (AI),1,1,3667.1
conduit 1/2 03c12 4,1,1,13048.6
FIXT R3,1,1,533.0
FIXT R2,1,1,1319.0
FIXT R6,1,1,1067.0
FIXT R5,1,1,192.0
3/4 PVC C/A 3/12,1,1,5686.7
conduit 3/4 09c12 2,1,1,609.5
conduit 3/4 09c12 4,1,1,454.1
conduit 1 15c12 2,1,1,578.3
conduit 1''1/4 19c12 2,1,1,498.4
conduit 3 pvc vide,1,1,14400.2
COND CPV 2PO 10PI (AI),1,1,2997.3
PVC 4po,1,1,4069.2
COND 11/4 C/A 3X1 1X8,1,1,4977.6
conduit 1 03c06 1,1,1,2820.1
conduit 3/4 07c12 3,1,1,2933.9
conduit 3/4 09c12 5,1,1,624.1
conduit 3/4 07c12 4,1,1,1778.0
conduit 1''1/4 25c12 3,1,1,682.1
conduit 1''1/4 03c04 1,1,1,8433.7
COUETTE 11,1,1,6576.6
COUETTE 12,1,1,1024.1
COND PVC 11/2 C/A 2X6 RWU,1,1,6442.7
PVC 1po,1,1,8022.7
PVC 11/2po,1,1,7063.2
PVC 3po,1,1,3740.4
COND 11/2 C/A 3C12,1,1,2234.3
3po HYDRO,1,1,1463.2
WIROFR,1,1,2451.2
TYPE C,1,1,117.0
conduit 2 32c12,1,1,637.0
2/16,1,1,710.0
7/16,1,1,1568.1
9/13,1,1,500.0
6/16,1,1,933.1
15/16,1,1,653.0
17/16,1,1,935.6
20/16,1,1,189.1
22/16,1,1,474.1
40/16,1,1,356.1
conduit 2 37c12 2,1,1,1313.2
3/4 VIDE PORTE,1,1,5777.2
conduit vide 1 1/4 1,1,1,5089.7
conduit vide 2 2,1,1,24896.8
ALA4800,1,1,5436.2
TRAY 450X450X50,1,1,2072.2
5 NUMER 12,1,1,7388.9
COND TME 1-1/2PO,1,1,2283.3
PVC 21/2,1,1,1337.0
CHEMIN DE CABLE 18X4,1,1,5705.1
COND 11-2,1,1,4305.2
3X1/0 +1X4 AL C2po,1,1,2369.1
Distanc4X2/0 AL +1X4 2po,1,1,2284.0
X8,1,1,543.0
RAIL F1,1,1,802.0
RAIL F1 3,1,1,1921.1
RAIL FI 10,1,1,3298.0
TYPE B,1,1,551.0
cond 1 1/4 po control,1,1,16144.0
COND 11/2po,1,1,255.0
9,1,1,2408.7
CHEMIN CABLE QUIKLOC 8X2,1,1,1564.0
CHEMIN CABLE QUIKLOC 6X2,1,1,841.0
CHEMIN CABLE QUIKLOC 4X2,1,1,3588.0
13/12 c1PO,1,1,1824.0
35/12,1,1,2774.7
trancher,1,1,223.0
30/12,1,1,2449.0
PVC 2PO C/A 3/6,1,1,5594.9
B PVC1PO,1,1,919.7
B PVC 3/4,1,1,924.1
PVC1PO 3/8 C,1,1,4945.2
PVC1PO,1,1,15916.2
PVC 2PO 7X10,1,1,346.0
PVC 11/4 4/6,1,1,1318.0
PVC1PO 2/18 SH,1,1,138.1
PVC 11/4 2/6 1/10,1,1,1416.0
PVC 11/4 3/10,1,1,1400.0
PVC 1 1X12/18SH,1,1,252.2
PVC 3/4,1,1,644.0
PVC 1PO 1X4/18SH,1,1,1833.0
PVC 1/2 3/12,1,1,11380.2
PVC 1PO CAT5 1X2/118SH 1X2/18SHT,1,1,939.0
PVC 1 PO 1X6/18SH,1,1,1385.0
PVC 3/4 C,1,1,2889.1
PVC11/4 CAT5 1X2/18SH 1X12/18SH 1X14V,1,1,2907.0
PVC 11/2,1,1,1133.4
PVC 3PO L,1,1,1214.1
PVC1PO 1X4/18SH,1,1,1888.3
21PVC3/4 CAS,1,1,1384.3
21APVC3/4CAST,1,1,946.0
22PVC3/4 3/12,1,1,1134.0
23PVC11/4 1X12/18SH,1,1,624.0
24PVC3/4 3/12,1,1,1721.0
25PVC1PO 2X2/18SH,1,1,884.0
26PVC11/4 4/10,1,1,1615.0
27PVC1PO 4/10,1,1,626.0
28PVC3/4 3/12,1,1,2054.0
29PVC3/4 3/12,1,1,492.0
30PVC3/4 3/12,1,1,1365.0
31PVC3/4 1X4/18SH,1,1,1751.0
32PVC3/4 1X4/18SH,1,1,336.0
33PVC3/4 1X6/18SX,1,1,2974.0
35PVC2PO 4XCAT5 3/10 3/12 2/18 1X12/18SH 3X2/18SH,1,1,190.0
3/8 PVC1PO,1,1,3316.0
2/12 2/16,1,1,9303.7
3/4PO,1,1,12711.8
COND PO,1,1,800.4
COND 2po 3/4 1/8,1,1,33041.4
COND 3po 3/500 1/3,1,1,5217.0
C,1,1,530.0
Z8H,1,1,2249.6
Z42,1,1,13593.1
Z54,1,1,4606.1
Z47,1,1,4187.2
Z57,1,1,3964.4
Z43,1,1,3556.1
Z50,1,1,3156.1
Z55,1,1,1974.2
Z52,1,1,2934.8
Z53,1,1,3516.1
Z56,1,1,2745.7
Z49,1,1,2647.0
Z46,1,1,2816.0
Z45,1,1,2781.0
Z44,1,1,2248.7
Z48,1,1,2785.0
z51,1,1,2396.0
Z7U,1,1,4569.0
Z6U,1,1,5779.0
Z9U,1,1,7151.1
Z10U,1,1,8800.3
Z8U,1,1,4086.0
Z5E,1,1,3422.5
Z21Y,1,1,2601.2
Z18V,1,1,2450.0
Z20X,1,1,2364.0
Z17T,1,1,2837.5
Z19W,1,1,3408.0
Z16S,1,1,4838.0
Z14Q,1,1,6484.0
Z12N,1,1,7294.7
Z15R,1,1,4520.5
Z10K,1,1,4566.5
Z9J,1,1,3667.9
Z1A,1,1,5296.0
Z2B,1,1,6474.1
Z3C,1,1,7272.4
Z4D,1,1,7126.0
Z6F,1,1,5817.0
Z7G,1,1,5736.0
Z3U,1,1,6609.5
Z4U,1,1,10415.7
Z1U,1,1,6212.0
Z5U,1,1,12029.6
Z2U,1,1,3050.1
Z20,1,1,3046.0
Z71,1,1,1246.0
Z70,1,1,2511.9
Z65,1,1,3186.7
Z69,1,1,2854.0
Z67,1,1,2290.0
Z68,1,1,1560.0
Z66,1,1,2193.0
COND 2po SUD/NORD,1,1,17886.0
4/3 COND 11/2po,1,1,2924.0
3/4po,1,1,639.0
1/2po,1,1,629.0
EXISTANT,1,1,13366.8
RC,1,1,27381.3
CABLE CAT 6A,1,1,49354.9
BX3/12,1,1,3367.0
C4,1,1,652.0
NS75-FT1,1,1,9645.0
conduit 2 29c10 1,1,1,2942.8
1/0AWG 19 BRINS RW90 600 V 90C VERT,1,1,1496.0
CAMERA 3/4,1,1,16580.0
INTERC,1,1,2209.2
8X100pi,1,1,363.0
PVC11/4,1,1,2300.6
PVC 11/2 C/A 9/6,1,1,1905.2
cond 3,1,1,8301.0
cond 11/2,1,1,9040.0
UTC1,1,1,4847.0
UTC2,1,1,4828.0
COND 3po TEL,1,1,3457.8
TMEC 1 1/4 C/A 23 # 12,1,1,599.0
12pi,1,1,2892.0
9pi,1,1,771.0
8pi,1,1,1543.0
36pi,1,1,3097.0
30pi,1,1,1290.0
75pi,1,1,7975.0
90pi,1,1,1924.0
4pi,1,1,632.0
6pi,1,1,245.0
5pi,1,1,634.0
2pi,1,1,440.2
20pi,1,1,1721.0
3pi,1,1,390.0
COND PVC VIDE 2po,1,1,2880.8
COND VIDE 2po BORNE,1,1,2566.0
COND VIDE 2po COMMUN,1,1,2565.0
6,1,1,2874.0
COND 1po C/A 3,1,1,870.2
RAIL TYPE T1,1,1,10125.0
RAIL TYPE T2,1,1,6090.0
RAIL TYPE T3,1,1,6666.0
3po,1,1,7474.0
COND 34/ po,1,1,61701.0
conduit 1''1/4 18c12,1,1,3567.0
COND VIDE 3/4 po,1,1,33637.9
1 TEL,1,1,21029.3
4/4,1,1,57038.0
3/8 1po RWU,1,1,11225.2
2/3  11X4,1,1,5736.5
1 PO pvc,1,1,30764.7
1 po PVC 3/12,1,1,3357.1
4/4 TECK,1,1,2191.3
4/3 TECK,1,1,2072.6
PVC 11/4,1,1,816.8
TECK 4/12,1,1,9878.7
4/10 1po,1,1,32465.0
PVC3/12,1,1,2306.0
PVC7/12,1,1,655.0
4/12 1po,1,1,19653.0
1po,1,1,4552.9
conduit 1/2 05c12 2,1,1,2960.0
COND 3/4 C/A 2/8,1,1,1078.0
conduit 1 07c10 1,1,1,3103.0
conduit 1/2 05c12 3,1,1,3061.0
conduit 1 07c10 2,1,1,2927.0
2/10 H01,1,1,2973.0
2/12 CCT23,1,1,1817.0
COND + 11/12 CHANG 08,1,1,2962.0
COND 3/12 CHANG 08,1,1,6028.0
4/10 COND 3/4 ME18,1,1,4670.0
4/12 COND 1/2 ME18,1,1,1361.0
COND 11/4 VIDE ME18,1,1,39.0
4/12 PORTE,1,1,2855.0
conduit 1''1/4 04c08,1,1,961.0
3PO,1,1,2140.0
conduit 1 05c08,1,1,2625.0
conduit 2 28c10,1,1,2076.0
2/4 +1/6 2po,1,1,12458.9
RELO COND 3/4 C/A FIL,1,1,496.0
COND BEL,1,1,429.0
COND HQ,1,1,167.0
3/10 rwu c1PO,1,1,12838.8
Distance 11 CHAUF,1,1,5016.2
Distance 29 PANN,1,1,61029.9
Distance 30 PANN,1,1,46080.0
Distance 31PANN,1,1,46055.0
Distance 37 KLAX,1,1,19248.0
Distance 57 CHAUF,1,1,1944.8
tel,1,1,60692.2
alarme incendie,1,1,9513.0
1po vide,1,1,6107.3
12AWG 2C ARME ALUM 600V 90C,1,1,9147.0
5/16 TEL,1,1,11559.6
5/16 HP,1,1,14607.0
5/16 STA,1,1,11518.0
5/16 SPRI,1,1,14527.0
N 5/16,1,1,10032.0
N 3/18,1,1,22215.0
N 5/18,1,1,7832.0
Distance 22N 5/16 BX,1,1,2649.4
EXT HP 5/16,1,1,8734.8
5/16 HPBX,1,1,5627.0
3/4 5/16,1,1,4494.6
11/4 2X5/16 1X5/18 3X3/18,1,1,2350.0
3/18 3/4,1,1,2093.2
3/4 5/16 2X3/18,1,1,3499.0
COND 1PO 2X5/16 1X5/18 2X318,1,1,3578.0
dcr08 2/12,1,1,10127.1
5/16 hp dcr08,1,1,11370.0
urg 2/12 dcr08,1,1,6097.0
COND URG 3/12,1,1,3688.0
FAS3/16 C3/4,1,1,633.0
R-14 3/12 X2,1,1,3142.0
R-1 3/12  X2,1,1,3130.0
R-16 3/12,1,1,1547.0
R-3 3/12,1,1,1561.0
R-18 3/12,1,1,1322.0
R-5 3/12,1,1,1322.0
R-4 3/12  X4,1,1,1827.0
AX-3 3/12  X4,1,1,1853.0
R-2 3/12  X4,1,1,1377.0
AX1 3/12  X4,1,1,1371.0
R-20 3/12  X5,1,1,4488.0
R-9 3/12  X5,1,1,4466.0
R-20 3/12 X4,1,1,4371.0
R-7 3/12  X4,1,1,4371.0
AX-17 3/12 X4,1,1,4384.0
R-12 3/12  X4,1,1,4043.0
AX-11  3/12  X4,1,1,4049.0
R-10 3/12  X4,1,1,3803.0
AX-9  3/12  X4,1,1,3814.0
R-30  3/12,1,1,6735.0
R-17 3/12,1,1,6758.0
R-26  3/12 X2,1,1,5846.0
R-13 3/12  X2,1,1,5861.0
R-28 3/12  X2,1,1,6186.0
R-15 3/12  X2,1,1,6205.0
R-24  3/12,1,1,5086.0
R-11  3/12,1,1,5063.0
R-8  3/12  X4,1,1,3255.0
AX-7  3/12  X4,1,1,1356.5
R-6  3/12  X4,1,1,2705.0
AX-5  3/12  X4,1,1,2670.0
R-4  3/12  X4,1,1,1348.0
AX-13  3/12,1,1,1550.0
AX-15 3/12,1,1,1322.0
12AWG 3C ARME ALUM 600V 90C,1,1,5349.0
C2 3/6,1,1,820.7
60A,1,1,1556.1
conduit 2 4c3/0 1,1,1,3080.0
3/4 C 2/18 FAS,1,1,8042.0
C 11/4 PORTE,1,1,4281.0
cond 3/4 2/18 fas,1,1,19769.5
TECK 3/10,1,1,17490.7
C3/4 3/12,1,1,7392.0
wir 5400,1,1,2683.0
3/2,1,1,3238.6
2po 3/6,1,1,2064.1
1po 4/8,1,1,562.0
A/C1,1,1,2680.0
A/C2,1,1,1547.0
A/C3,1,1,1736.0
1po PVC,1,1,2572.3
CABLE CAT6,1,1,27443.0
CANTRUSS,1,1,62708.7
BELDEN 8760,1,1,1805.0
conduit vide 2 1/2 C/A 24X8760,1,1,4887.6
conduit vide 1 C/A 6X8760,1,1,9592.0
conduit 3 4c350mcm,1,1,489.5
conduit 2 30c12,1,1,4622.0
conduit 1 12c12 1,1,1,4650.0
4/12 VRF,1,1,1440.0
16/12 RTU6/10,1,1,1369.0
3/4 VRF9,1,1,1217.0
13/12 RTU 2/5,1,1,1050.0
4/12 RTU1,1,1,1880.0
1/12 RTU 11,1,1,1868.6
3   4   AHU,1,1,1698.0
13/12  RTU15/12,1,1,856.0
3  4  AHU 5/2,1,1,10111.0
3/12 RTU,1,1,9268.0
4X3/0 FLEX B,1,1,1534.0
conduit 2 3c4/0,1,1,1324.0
AL3300,1,1,1185.0
CONC 1poCAT6/RJ45,1,1,1061.0
BASKET TRAY 75X300,1,1,5618.0
BASKET TRAY 75X600,1,1,950.0
TECK 3/1,1,1,1705.0
TECK 4/4/0,1,1,1793.0
3/10 P,1,1,298.0
5/8 COND 11/4,1,1,2616.0
3/6 COND 11/4,1,1,5399.4
3/10 COND11/4,1,1,2646.0
3-4 1po,1,1,4306.0
5/18 COND 3/4,1,1,3962.1
C 3po 4X500MCM,1,1,6048.0
K1,1,1,4278.0
R1,1,1,4433.0
R2,1,1,3753.0
K2,1,1,3421.0
K3,1,1,2904.0
K5,1,1,2576.0
K6,1,1,2283.0
K8,1,1,2015.0
K10,1,1,2121.0
K7,1,1,2796.0
K11,1,1,2568.0
K12,1,1,2304.0
R3,1,1,3230.0
K13,1,1,1795.0
K9,1,1,1916.0
K14,1,1,1274.0
K15,1,1,1089.0
R4,1,1,2196.0
K19,1,1,1995.0
K18,1,1,1715.0
K17,1,1,1089.0
R5,1,1,935.0
K4,1,1,3553.0
K16,1,1,843.0
K1-3,1,1,636.0
K2-3,1,1,1327.0
K3-3,1,1,1494.0
K4-3,1,1,2145.0
K5-3,1,1,1848.0
K6-3,1,1,2099.0
K7-3,1,1,1837.0
K8-3,1,1,2582.0
R1-3,1,1,808.0
R2-3,1,1,847.0
3/16 FAS STATION,1,1,2393.8
k1 125a,1,1,916.0
k2100,1,1,17444.6
R3 225A,1,1,4645.4
600A COND,1,1,5111.1
3/10 TERMOPOMPE,1,1,11415.9
TEL 2C,1,1,38510.0
ELECT 2C,1,1,9485.5
2 PO 43X3/0,1,1,3083.0
COND 2po AL,1,1,3922.0
PVC 11/4 C/A 2X1/0 1/6,1,1,2395.3
PVC 2X1 1X6 11/4,1,1,13124.3
PVC 11/4 2X3 1X6,1,1,2797.0
PVC 1 2X6 1X6,1,1,976.0
PVC 11/4 2X4 1X6,1,1,1400.0
PVC 2 po C/A 3/6,1,1,2207.3
COND 11/4 C/A 2/2 1/6,1,1,1433.6
CAT 6A,1,1,1947.0
3/12 COND 3/4,1,1,33509.4
COND 1 3-8,1,1,10716.0
COND 11/4 3-4,1,1,4450.0
conduit 3/4 06c12 1,1,1,277.0
g6000,1,1,1974.1
conduit 2 23c10 1,1,1,4093.0
COND VIDE 1 PO,1,1,4419.4
COND 11/2 VIDE,1,1,995.0
COND 3po,1,1,1869.0
COND 1po INTERC,1,1,2051.6
COND 11/4 po,1,1,1142.0
COND 2po3 3/0 1-4,1,1,3650.0
COND 11/2 po 3 1/0 1-6,1,1,1881.0
41/2 C 4-350MCM,1,1,2945.9
PVC 3PO,1,1,1467.9
11/4 2/8+2/10 10V,1,1,4858.4
2po 4X2/0,1,1,4754.0
conduit 2 3c1/0 1,1,1,2213.0
wifi 1 PO,1,1,57389.7
COND 1.25,1,1,15395.0
4/8 1P,1,1,7186.0
4/2,1,1,4712.0
4/3,1,1,4626.0
5/8,1,1,12727.0
3-1/0 1-4 11/2 acwu,1,1,687.2
conduit 1 03c10,1,1,5225.0
TECK 3/8,1,1,4775.0
PASS FIXT TYPE L9,1,1,11869.3
FAS5/16,1,1,12438.4
PRISE 2/12,1,1,14404.1
EXIT 2/12,1,1,13842.1
2/12 URG,1,1,14650.7
ECL 2/12,1,1,12771.3
12 ETA FIXT TYPE L13,1,1,729.0
12 ETA 3/10,1,1,13189.0
12 ETAG 3/12,1,1,46626.6
VENT 4/12,1,1,675.0
VENT 7/12,1,1,1194.0
VENT 8/12,1,1,1625.0
VENT 9/12,1,1,675.0
VENT 12/12,1,1,1100.0
24 ETA FIXT TYPE L13,1,1,658.0
12 ETA 3/12,1,1,16079.0
12 ETA 2PO,1,1,15514.4
12 ETA 7/12 P,1,1,2695.0
12ETA 17/12,1,1,1461.0
12 ETAG 23/12 P,1,1,10360.1
12 ETA 4/12 P,1,1,1604.4
12 ETA 13/12 P,1,1,2785.1
PSA 4/3 1/6 11/2C,1,1,8867.0
4/10 1/12 PYRO,1,1,8690.0
4X3/18 FAS11/2C,1,1,3825.0
3/8 1/10 1C,1,1,5055.0
3/2 1/6 11/4,1,1,17693.0
3/4 c/a 3/12,1,1,18390.0
psp,1,1,5052.0
ECL 3/12 PASSAGE,1,1,8593.0
3/14 fas,1,1,6604.0
3/10 bx,1,1,6922.2
3/12 bx,1,1,9375.0
3/16 fas dect,1,1,6106.9
3/8 poele,1,1,2456.0
3/10 sech,1,1,950.0
2/12 chauf,1,1,9652.0
2/12 PR,1,1,18843.7
3/1 1/6 11/4 COND PVC,1,1,27184.5
COND 1PO PVC CAT6,1,1,3799.0
BOITE EXT,1,1,16053.3
2po 3/10 RWU PEHD,1,1,4954.4
COND PEDH 6po C/A 3/4 RWU 1/6 RWU,1,1,2705.6
2po PVC 2P 2/18SH,1,1,223.3
COND 41/2 PVC C/A 9/10 RWU,1,1,1033.2
cond emt,1,1,1349.1
cond 2PO EMT,1,1,1163.1
4po C/A 7/12 RWU PVC,1,1,2236.5
2po PVC 4X CABLE 300V +2/18,1,1,6954.9
fixt a,1,1,8065.0
fixt g,1,1,3560.0
TEL 4 po,1,1,2653.7
TEL 3PO,1,1,5071.0
HERMAN CARPET,1,1,2556.2
COND 1/2,1,1,11037.0
CABLE CAMERA,1,1,19791.0
FIXT TYPE CY,1,1,1262.0
FIXT TYPE CV,1,1,977.0
RAIL CC,1,1,513.1
FIXT J,1,1,1346.0
FIXT CA,1,1,1174.0
FIXT CC,1,1,340.0
FIXT,1,1,1006.0
FIXT G,1,1,297.0
conduit 2 36c12,1,1,6438.0
COND FIBRE,1,1,10991.7
COND ALARME INCENDIE PANN,1,1,10794.0
Distance 15/12,1,1,513.3
P SS2 3/12,1,1,49880.1
CH SS2 34/10,1,1,20924.0
COND 2,1,1,9431.0
COND 2 PO TOIT,1,1,8933.0
P SS1 3/12,1,1,26620.3
CH SS1 3/12,1,1,7228.0
VE SS1 4/12,1,1,15719.4
2 PO 21/6,1,1,4675.0
CH 4/12,1,1,4137.0
P 4/12,1,1,2536.0
P2 3/12,1,1,9036.0
CH2 3/12,1,1,951.0
P3 3/12,1,1,7905.8
P4 3/12,1,1,7789.4
P5 3/12,1,1,8363.1
P6 3/12,1,1,8195.3
P7 3/12,1,1,8388.3
P8 3/12,1,1,8211.2
P9 3/12,1,1,8244.4
P 10 3/12,1,1,8501.6
CH 10 3/12,1,1,4374.2
CH 10 4/12,1,1,4083.0
CH TOIT 3/12,1,1,6121.3
P TOIT 3/12,1,1,2809.6
P TOIT 5/12,1,1,11433.0
ECL SS2 3/12,1,1,49977.1
ECL SS1 3/12,1,1,54258.1
ECL 1 3/12,1,1,12839.3
ECL EXT 1 3/12,1,1,13813.1
ECL 1 3/12 U,1,1,18284.7
ECL2 3/12,1,1,13383.4
ECL 2 U 3/12,1,1,8277.3
ECL 3 3/12,1,1,9997.8
ECL 3 U 3/12,1,1,10121.4
ECL 5 3/12,1,1,11152.4
ECL 5 U 3/12,1,1,10449.2
LOG PIAZO,1,1,1545.5
LOG DECT,1,1,1280.4
KL COND,1,1,7671.0
LOG ALARME,1,1,16335.2
ETAG ALARME INCENDIE,1,1,14453.9
ETAG KLAXON,1,1,8316.3
LOG KLAXON,1,1,17535.5
cond camera,1,1,13101.0
REV BOR,1,1,2586.0
HP PYROTONAX 2/16,1,1,43937.0
STATION/ DECT C1po,1,1,110539.7
Distance 18 DECT,1,1,14636.0
hp pyr,1,1,17610.0
PLAZA / P2,1,1,3532.0
PLAZA / METRO,1,1,5460.0
P2 / MEZZ,1,1,2087.0
MEZZ / METRO,1,1,4913.0
N14/B19,1,1,6674.0
N14 A F5,1,1,5540.0
B19 A C14,1,1,2996.0
C14 A F5,1,1,3802.0
B6 A F5,1,1,1964.0
VITALINK 2/16,1,1,14560.0
STATION 3/4 po,1,1,3101.6
pyro hp,1,1,56545.0
hp pyro,1,1,55626.4
pyrot hp,1,1,14515.0
3/4 c 4/14,1,1,3633.0
3/4 c 3/12,1,1,3650.0
3/4 c 5/12,1,1,571.5
3/4 c 7/12,1,1,630.0
ridgid 3/4,1,1,1000.0
n14 / tel,1,1,6569.8
DECT A/11,1,1,11950.0
n13 hp,1,1,1526.0
hp n6,1,1,5487.0
hp c16,1,1,5923.0
hp f4,1,1,9331.0
hpa6,1,1,5940.8
hppa6,1,1,10680.0
hpa17,1,1,7440.0
HP C/21,1,1,9170.0
HP E/21,1,1,7917.0
HP K/21,1,1,5188.0
DECT N/6,1,1,4657.0
c14/l20,1,1,7726.0
c14/h20,1,1,6490.0
c14/c20,1,1,4307.0
c14/d15,1,1,2219.0
c/14/b11,1,1,2063.0
n14/b19 nrc,1,1,10710.0
n14 /f/5 nrc,1,1,8620.0
b19/c14 nrc,1,1,3770.0
c14/f5 nrc,1,1,7290.0
c20/c14,1,1,4455.0
c/14/h20,1,1,5682.7
c14 / l20,1,1,8501.5
HP B5 c14,1,1,4851.0
n11d,1,1,6091.0
c11 d14,1,1,2050.0
c17d14,1,1,2980.0
DECT C/17 c14,1,1,2756.0
cond3/4,1,1,967.0
PANN NA CCT 29 3/4 2/10-1/12,1,1,24.0
CAT5E COND,1,1,66133.2
conduit 1''1/4 03c06,1,1,4050.0
NOUV BORNE,1,1,1180.0
conduit 3 3c350mcm,1,1,1404.0
PVC 1/2,1,1,25985.0
NOUV 4/350MCM,1,1,964.0
NOUV LAMPADAIRE,1,1,576.2
NOUV 3/10 URG,1,1,6268.0
NOUV 3/12,1,1,4570.0
NOUV 3/12 FIXT,1,1,17563.0
NOUV3/16,1,1,4832.3
NOUV 3/16 HORN,1,1,2536.2
3/12 ECL NOUV,1,1,11358.0
3/12 NOUV RGB,1,1,6449.0
4/12 NOUV,1,1,681.0
5/12 NOUV,1,1,477.0
NOUV 7/12,1,1,811.0
PANN SO2/10 RPVU,1,1,1300.0
NOUV 3/8,1,1,5378.5
NOUV 4/10,1,1,1892.0
NOUV 3/6,1,1,3299.0
NOUV 3/8 ERC,1,1,2342.0
NOUV 3/3,1,1,990.2
NOUV MOT 3/10,1,1,1257.0
NOUV 13/12,1,1,831.0
NOUV 5/12,1,1,9586.0
NOUV 5/12 PRI,1,1,11502.0
NOUV 3/4 CAM,1,1,6346.0
NOUV 2PO AV,1,1,3116.0
NOUV 1PO CAM,1,1,5027.0
NOUV 3/4 CARTE,1,1,7723.0
CABLE CHAUFFANT,1,1,2449.0
HP 1PO,1,1,8658.7
BOLARD 3/12,1,1,4112.0
PORTE ELECTRIFIER 3/12,1,1,3207.0
CONDENSEUR 4/10,1,1,882.0
CONTROLEUR 4/12,1,1,905.0
ACWU 3/350MCM,1,1,2452.0
3/0 ACWU,1,1,4582.0
P2,1,1,1602.0
P4,1,1,461.0
P3,1,1,1087.0
P6/,1,1,1193.0
P7,1,1,1667.0
P1,1,1,1172.0
P9,1,1,682.0
P8,1,1,977.0
P10,1,1,1402.0
P16,1,1,1436.0
P11,1,1,1484.0
P12,1,1,940.0
P14,1,1,811.0
P15,1,1,1394.0
P13,1,1,2091.0
Distance 6/12,1,1,219.0
CAT 5E,1,1,58187.4
ADD D1,1,1,814.0
ADD D1 304,1,1,1363.2
ADD D1 P3,1,1,507.0
ADD D1 401,1,1,713.5
3/12 NL,1,1,3424.5
conduit 1 03c08 1,1,1,4412.0
conduit 2 27c12 1,1,1,280.0
conduit 2 31c12 1,1,1,505.0
unite au toit,1,1,11964.0
prise au toit,1,1,4840.0
BORNE 3/6 C1PO,1,1,730.0
HQ PRIMAIRE,1,1,1607.0
COND T3,1,1,5884.9
COND P2,1,1,3672.0
COND P1A,1,1,11573.7
COND W3,1,1,9948.3
COND 2POC/A 25/8 2PODATA,1,1,1337.0
COND CARTE ACCES,1,1,8205.9
COND 3PO DATA COND 3PO C/A37/8,1,1,3504.3
COND 1PO 5/8 COND 1PO DATA,1,1,8842.1
COND 1 PO 5/10,1,1,2024.0
COND 1 PO 3/10 COND 1PO DATA,1,1,3896.7
UR3/12,1,1,5980.0
PU6,1,1,4592.0
P2-01,1,1,1354.0
P2-01 113,1,1,715.0
P2-01114,1,1,728.0
P2 01 116,1,1,529.0
P2 01 117,1,1,577.0
P2 01 118,1,1,1434.0
P2 01 119,1,1,1425.0
GENSET,1,1,957.0
GRD 1PO,1,1,23999.0
P601-03,1,1,3027.0
BOR 3/8,1,1,16195.0
PR 17/12,1,1,1412.0
PR3/12,1,1,774.0
1PO CAM,1,1,25369.0
PR21/12,1,1,4152.0
PR 13/12,1,1,11755.0
PR 7/12,1,1,719.0
PR 25/12,1,1,1394.0
PR1/12,1,1,9287.0
PR 9/10,1,1,3628.0
PR37/12,1,1,4066.0
UC 4/10,1,1,14069.0
3/12 VC,1,1,11234.0
AF1,1,1,3737.0
COND 4/4,1,1,1494.0
4/500MCM 3po,1,1,4913.0
COND 11/4,1,1,352.0
PVC 11/2 C/A 2/8 +GRD,1,1,12655.0
COND 11/2 C/A 1X16 0/10V,1,1,12725.0
11/4 COND C/A 4X8 +GRD,1,1,1886.0
COND 3PO 4/500MCM AL,1,1,2396.1
conduit 3/4 05c12 2,1,1,944.0
PVC2PO,1,1,2306.9
conduit 4 3c500mcm,1,1,746.0
ALARME 3/16,1,1,6073.9
KS 5/16,1,1,16583.9
MONOX 3/4,1,1,7148.0
VC 2/10,1,1,14688.0
PR 5/12,1,1,2890.0
EVAP 2/10,1,1,4633.0
conduit pvc 3/4 7c12,1,1,1316.3
conduit 2 39c12 1,1,1,2070.0
conduit 1''1/4 23c12 1,1,1,891.0
COND 4 po,1,1,55.0
CAMLOCK COND,1,1,1223.0
COUPE A,1,1,1589.0
TRANCHER F,1,1,2409.0
COUPE G,1,1,579.0
COUPE E,1,1,473.0
COUPE C,1,1,438.0
COUPE H,1,1,619.6
CAM COND,1,1,6899.2
cond 2 3 2/0,1,1,18190.0
cond 21/2  c/a 4-250mcm,1,1,9859.0
alarme,1,1,7270.0
cond 11/4 3-1/0,1,1,8767.0
COND 2 C3X250MCM,1,1,9539.0
EX 3/12,1,1,23993.3
COND SPEAKER,1,1,16647.1
COND OS,1,1,19618.4
COND 1 po tel,1,1,60492.8
COND 1po ELECTRONIC,1,1,35469.0
15X3/16,1,1,24920.0
1 po C/A CAT5E,1,1,5071.0
1PO 6XCAT5E,1,1,13691.0
Distance POWER MOLD,1,1,11697.8
FIXT R,1,1,1867.0
Distance 1 L1,1,1,2909.0
R6,1,1,734.0
Y1,1,1,2887.0
Z30,1,1,5230.0
Z40,1,1,3150.6
Z41,1,1,3250.0
Z58,1,1,3209.0
CONTROL FILAGE,1,1,12763.1
Distance 6 303,1,1,2424.0
L1,1,1,3086.0
NOUV CCT CHAMB,1,1,3001.0
Z4,1,1,3642.9
Z100,1,1,2169.0
Z117,1,1,1650.0
Z118,1,1,873.7
Z125,1,1,2135.0
Z119,1,1,2610.0
Z120,1,1,3353.0
Z108,1,1,3565.0
Z107,1,1,4306.0
Z124,1,1,3421.0
Z121,1,1,4349.3
Z122,1,1,4710.0
Z16,1,1,4238.0
Z26,1,1,1382.0
Z123,1,1,3369.0
FAS HP,1,1,13498.0
Z101,1,1,5415.0
Z102,1,1,5391.0
F103,1,1,2390.0
z104,1,1,5313.9
z105,1,1,6026.0
z106,1,1,7452.0
z110,1,1,4830.0
z109,1,1,5339.4
Z111,1,1,6955.0
Z112,1,1,4763.0
cond3/4 4/10,1,1,28228.8
3/18 3/4C,1,1,36300.3
3/12 3/4,1,1,3777.7
4/12 C3/4,1,1,45736.2
grx-cbl-346s,1,1,9722.0
3/12 L11A,1,1,6924.0
11/4 PVC 3/10,1,1,13536.1
4/6 2/10,1,1,2697.0
PS1,1,1,1366.0
PS4,1,1,1823.6
PS3-,1,1,1386.0
ECL EXTERIEUR,1,1,8269.3
ECL 400W,1,1,7987.0
ECL HI-BAY  7/12,1,1,20368.0
BORNE RECHARGE,1,1,3238.8
BORNE RECH,1,1,642.0
ENTRE 1200A,1,1,1043.0
COND  SPARE SERV,1,1,3613.0
MENISERIE,1,1,1805.4
NIVELEUR 4/10,1,1,10035.2
4/10 PORTE MENUISERIE,1,1,7867.0
CHAUFF PORTE GAR,1,1,15072.0
PRISE TOIT,1,1,6608.0
CONTACT ALARME  C 3/16,1,1,4789.0
PANN BUREAU,1,1,5747.0
BRASSEUR AIR 4/12,1,1,15560.0
THERMO POMPE TP1,1,1,3824.0
TP2,1,1,3161.0
TP4,1,1,3606.0
TP5,1,1,2978.0
TP3,1,1,2730.0
URE-1,1,1,3560.0
URE-2,1,1,2213.0
TP10,1,1,1015.0
TP6,1,1,946.0
TP9,1,1,2123.0
TP7,1,1,2251.0
TP8,1,1,2914.0
COND 15KV,1,1,190.0
ALIM TRANSFO 4/0,1,1,451.0
ECL EXTERIEUR MURAL,1,1,2008.0
BORNE 70/72,1,1,1329.4
BORNE FUTURE,1,1,1813.0
CAMERA 1po,1,1,9055.0
CCT CHAUF,1,1,9953.0
15/15,1,1,6045.0
3,1,1,1974.0
CAMERA COND,1,1,29670.8
PPDU-RJ01,1,1,11383.4
PDU-RJ01,1,1,7937.0
PPD-RJ01,1,1,8029.1
PD-RJ02,1,1,2619.5
PPD-RJ02,1,1,9498.9
PR-RJ06,1,1,4524.7
PD-RJ05,1,1,1276.0
PR-RJ03,1,1,3278.8
11/2 4X1800B 2X 4794R 2X8451 2X9842 2X10GX62F,1,1,6990.0
11/2 4X1000B 2X4794R 2X8451 2X9842 2X10GX62F,1,1,27690.6
11/2 2X4794R 1X9842 4X10GX62F,1,1,9326.0
3/4 2X10GX62F,1,1,9131.0
3/4 8477,1,1,10169.3
11/4 8451 2X9842 2X10GX62F,1,1,5173.0
11/4 4X1800B 1X8451 2X9842 2X10GX62F,1,1,4110.0
1 2X1800B,1,1,7299.0
3/4 1X8451 1X10GX62F,1,1,9178.0
11/4 4X4794R 2X8451 2X10GX62F,1,1,4087.0
11/4 4X1800B 2X10GX62F,1,1,4548.0
2 20X1800B 2X 10GX62F,1,1,4584.0
3/4 2X8461,1,1,35814.0
3/4 1X10GX62F,1,1,14929.0
FL1 4/12,1,1,2654.0
GROUNDING,1,1,11378.0
HQ 4 1/2PO,1,1,4205.7
c 2 po VIDE,1,1,2134.1
4/6 1/8 C2,1,1,2518.0
4/6 1/8 C2 LAMP,1,1,9846.9
2/61/82C,1,1,9896.2
GEN SET,1,1,3773.6
C MASSIF,1,1,204.0
4/12 C2,1,1,2327.2
POMPE A FEU,1,1,4826.0
MA5D 29,1,1,3418.8
V1,1,1,2072.2
P4A-27,1,1,258.5
2/6 +1/8 2po,1,1,11778.6
CAMLOCK 100A,1,1,2993.5
FIRE PUMP,1,1,4864.7
M4A,1,1,5703.7
M5A,1,1,984.8
M5D,1,1,5639.1
V 2,1,1,2181.9
3/12 C3/4,1,1,56052.0
4/6 C1,1,1,3862.0
COND 2po CAMERA,1,1,5218.9
ADD 2TEL 2po,1,1,15388.7
ADD 2tel 2 1/2 PO,1,1,10234.0
3/12 ADD 3,1,1,2820.0
carte rider,1,1,55073.8
AV 3/4PO,1,1,10579.9
AV1 PO,1,1,2539.1
COND 3/4 -3/12,1,1,254.4
2/6CREDIT,1,1,4155.4
2/6 ADD,1,1,2979.1
2PO PVC,1,1,878.7
-2/6,1,1,6750.6
ERMT 2 PO DATA,1,1,1210.0
ADD 2PO 2/6,1,1,884.6
COND 2 PO DATA,1,1,2204.4
COND 3/4  3/12,1,1,4928.0
FIXT DOME,1,1,6645.0
5/12 PRISE 27/28,1,1,2268.2
COND A/V ADD7,1,1,3162.0
ADD7 COND 3/4 PO,1,1,7070.0
ADD7 COND 11/2PO A/V,1,1,5348.0
ADD7 HP COND 3/4,1,1,1409.0
ST2 / SN9 4X1,1,1,365.0
ST1/S 2/0,1,1,428.0
ST1/ SN8 4X3/0,1,1,574.4
PANN ECL,1,1,19045.3
6X3.5PO,1,1,7011.1
BORNE 7/6,1,1,16624.8
MISE A LA TERRE,1,1,16012.0
3/16 SIGNAL,1,1,7700.3
4/10 SERV,1,1,2913.0
SERV4/12,1,1,12236.0
SERV 15/12,1,1,6423.0
SERV 3/10,1,1,4659.1
SERV 3/12,1,1,8541.0
INTRUSION,1,1,9125.0
ACCES,1,1,8213.0
m,1,1,9390.0
l,1,1,5119.3
a,1,1,9721.0
b,1,1,9460.0
CAT 5 WSP,1,1,27880.7
CAT NRXCF,1,1,12038.1
C 3/6,1,1,1342.0
FAS 3/16 HORN,1,1,18523.7
MAIN,1,1,7489.0
3/12 E,1,1,10953.0
3/12 G,1,1,11604.0
3/12 D,1,1,5770.0
3/12 A,1,1,6305.0
3/12 F,1,1,11413.0
CONTOL B/V,1,1,11710.0
COND 2 PO AL ET PVC,1,1,2565.3
POTENCE,1,1,1709.5
TRIPLEX,1,1,5231.0
2PO 2/8 +1/6,1,1,6369.3
2/14,1,1,46384.4
cond 1 2/6 1/10,1,1,482.0
cond 1po 2/6 1/10,1,1,172649.4
8/18 1PO,1,1,4067.0
PYRO 3/8 1/10,1,1,5560.0
COND 2 PO 4 3/0,1,1,5164.0
COND 11/2PO 4/ 3 1/6,1,1,4962.0
COND 11/4 4/3 1/6,1,1,8979.0
FAS3/16 SERV,1,1,14643.4
TEL/TV,1,1,44066.8
GENERATRICE 2X 4/4/0,1,1,2091.0
COND TEL/TV,1,1,5331.0
cond 11/4 2/6 +1/8,1,1,12133.6
cond 4 po phase 2,1,1,3156.4
pvc borne,1,1,16485.7
cond generatrice,1,1,318.0
hydro cond,1,1,1030.0
cond rouge,1,1,15616.0
MASSIF,1,1,1251.0
TRANSFERT,1,1,538.0
tr2,1,1,789.0
PANN A,1,1,706.0
tr4,1,1,945.0
tr1,1,1,896.0
conduit 2 30c10,1,1,2413.0
13/12 2/8,1,1,28821.5
10f,1,1,11417.0
8f,1,1,36998.0
15f,1,1,12218.0
15f 2/8,1,1,8483.0
17f,1,1,7670.0
d 8f,1,1,35320.0
d 10f,1,1,15086.0
d2/8 15f,1,1,25562.0
100A,1,1,7888.0
CABLE CHAUFFANT 5W,1,1,18897.8
LED,1,1,1933.0
UR 2/10,1,1,17098.5
NITE L 3/12,1,1,38755.3
FIL HAUT PARLEUR,1,1,54.0
COND 1 PO TEL,1,1,6242.0
Distance 6CCT ECL,1,1,322.0
zone 101 /102 /103  7/12,1,1,4850.0
zone 108 /109  5/12,1,1,4418.0
zone 104 /105 /106  7/12,1,1,5707.0
zone 107  3/12,1,1,1319.0
PRISE 50A 240V,1,1,4736.0
CHAUFFE-EAU 2/10,1,1,2177.0
COND 3/4 5/12,1,1,6720.0
3/4 COND 3/12,1,1,6275.6
3/4 COND  7/12,1,1,2535.0
zone 018/019  5/12,1,1,4795.0
zone 14/15 5/12,1,1,6876.0
zone 12  3/12,1,1,4738.0
zone20  3/12,1,1,3126.0
zone 11    3/12,1,1,7400.0
zone 4/3/5/6     9/12,1,1,6849.0
zone   0/1/7      7/12,1,1,4149.0
zone 9/10    5/12,1,1,3688.0
zone 8    3/12,1,1,3534.2
zone 2 /     3/12,1,1,3331.0
zone 13    3/12,1,1,3894.0
zone 23 / 24     5/12,1,1,3247.0
zone 21     3/12,1,1,3473.0
zone 22   3/12,1,1,2060.0
ZONE 4-11-06-13,1,1,8941.0
ZONE  12-00-03,1,1,8338.0
ZONE 015-014-018-019-020,1,1,13272.3
ZONE 01-09-010,1,1,20806.4
dc08 fixt type l2,1,1,3269.7
FIXT TYPE L 24,1,1,2325.0
4/12 mot,1,1,3626.0
COND 3 po PVC 4/500MCM,1,1,3254.8
MOTEUR 4/12,1,1,26773.0
borne av dr,1,1,7926.0
borne avant,1,1,3667.0
borne,1,1,8891.0
entre principal,1,1,4172.0
PCOM,1,1,4695.0
strob,1,1,47854.6
pann,1,1,24236.0
FAS 3/16 STROB,1,1,39310.9
HORN SERVCE,1,1,13405.0
TR 250MCM,1,1,5176.7
TR 350MCM,1,1,7099.0
DEMO COND 4/12,1,1,2096.0
DEMO 3/12,1,1,4254.0
BI-14,1,1,539.0
3/12 NITE LIG,1,1,11838.1
PANN IT,1,1,729.0
TR1,1,1,419.0
TR2,1,1,455.0
PANN D,1,1,3483.0
PANN C,1,1,1397.0
A/C UNIT 3/6,1,1,4101.0
UAF 3/10,1,1,5855.0
UCD 3/10,1,1,6360.8
Distance 7/10,1,1,3478.0
PANNE,1,1,6820.0
B/V,1,1,94780.2
2 TEL,1,1,13082.0
PSS-L 39-41  4/10,1,1,4090.0
460 100A,1,1,5062.0
30A 460,1,1,5064.0
110 VIA 103,1,1,4931.0
PVC1 po 3/6 +gr,1,1,881.0
PVC 3/4 po 3/10 + 1gr,1,1,5377.5
PVC 3/4 2/12 +1gr,1,1,5044.5
PVC 2po 100A 480V,1,1,1513.2
PVC 3/4 TEL,1,1,2815.1
3/10 SERP,1,1,3930.0
4/10 SERP,1,1,2048.4
COND 2 PO TEL,1,1,1602.1
COND 11/4 C/A 2/10 1/14,1,1,17625.5
MISE A LA TERRE COND,1,1,1377.0
COND 4 PO HQ PRIM,1,1,1095.0
COND VIDE BORNE,1,1,162367.3
3/8 BORNE,1,1,11763.0
UR3/10,1,1,13855.0
DETECTION 3/16,1,1,31384.6
STROB,1,1,112268.8
PR,1,1,15972.3
ADD CANIVEAU,1,1,1700.1
2po BR1,1,1,500.2
2 cond 4/0,1,1,1731.2
PIAZO 3/16,1,1,57464.7
CLOCHE 3/16,1,1,6957.7
3/12 ECL PASS,1,1,9497.0
1 PO,1,1,1872.0
COND 11/4 MICRO,1,1,1771.0
PIAZO,1,1,30731.0
FEEDER,1,1,27522.3
CABLE DATA,1,1,7641.2
10/10,1,1,1124.3
14/10,1,1,359.1
16/10,1,1,2865.3
8/12,1,1,1445.1
16/12,1,1,509.0
18/12,1,1,658.0
20/12,1,1,357.6
3po PVC RIGIDE,1,1,2496.2
2po PVC RIGIDE,1,1,2291.2
controleur filage,1,1,478.5
fcat6,1,1,1156.4
J1,1,1,6260.0
RE,1,1,8466.4
CONDUIT 3 PO,1,1,4435.2
6/10,1,1,3402.7
1 po 2/10+1/12,1,1,2136.0
1 1/4 C/A 16/10,1,1,1952.0
13/10 1 1/4,1,1,983.0
4/10 1/12 3/4,1,1,12025.0
COND 3 po 4X250MCM AL,1,1,3841.0
UCI 23/32  5/12,1,1,6461.5
25/34,1,1,4556.0
26/36,1,1,4495.0
21/30,1,1,6858.9
cond 1 1/4,1,1,282.0
2/6 RWU + 1/8 COND 3/4,1,1,2161.0
4/10RWU + 1/12 3/4,1,1,2004.0
2 1/2 po 4/4/0 1/4,1,1,549.0
3/8 LAMPADAIRE,1,1,4145.8
HQ 41/2 C/A TECK 4C500MCM,1,1,1701.5
COND 4 PO BELL,1,1,1785.1
3/10 BOLARD,1,1,4371.5
2 1/2 3X250+1/2,1,1,271.0
2 1/2 3/250 1/2 X2,1,1,816.1
3/12 VENT,1,1,15110.1
3/12 PRISE,1,1,4273.5
FIXT TYPE L11,1,1,840.1
RAIL ECL TYPE L1,1,1,4680.7
1 1/2COND  4/1/0,1,1,3069.1
ENTRE PRINCIPAL,1,1,831.9
COND 2 po 8 borne,1,1,959.5
principal,1,1,104.3
COND 2po TEL,1,1,4013.0
COND PVC GAS,1,1,6122.0
3XCOND 3 po 4X250MCM +2,1,1,6595.3
Distance 5/12,1,1,1437.0
Distance 43/12,1,1,1447.4
COND DECT,1,1,2453.5
COND 5X,1,1,2961.2
COND X5,1,1,2670.0
COND 6X,1,1,2721.6
COND 4XX,1,1,1897.4
CABLE 0-10V,1,1,8049.2
2/16 INT 3/4,1,1,9644.9
DCT 3/4,1,1,9988.9
COND 0/10V,1,1,2976.1
COND TEL POMPIER,1,1,3498.2
COND CAM,1,1,20791.0
COND PORTE,1,1,23172.0
4/10 MOTEUR 15HP,1,1,14826.5
4/120 MOTEUR 10HP,1,1,7444.2
100HP 3X 2/0,1,1,721.3
C 2po 4X3/0,1,1,1364.3
2 1/2 po C/A 3X250MCM,1,1,4688.2
COND 2 1/2 po C/A 3X250MCM,1,1,5117.3
2po 2x4/0 1x4,1,1,2670.2
cond 2 po tel au poteaux,1,1,2366.2
cond 2 1/2,1,1,8269.4
pdi a pd2,1,1,7777.6
3/121,1,1,4496.9
3/16 STATION,1,1,903.0
4/12 CH,1,1,1086.1
3/12 CH,1,1,1982.1
3/8 PVC,1,1,2843.0
SECONDAIRE,1,1,1049.0
2/12-,1,1,26850.5
3/12-,1,1,3146.7
3/10-,1,1,849.5
3/8-,1,1,579.0
C 2PO,1,1,731.0
3/4 INTRISION,1,1,18303.5
3/4 INTERC,1,1,8112.0
3/4 GENER  3/8,1,1,4052.0
MT003,1,1,4381.0
ACWU,1,1,4622.0
HQ 3PO,1,1,695.0
2 1/2 PO 250MCM,1,1,2137.0
4X 1/0 VITALINK,1,1,1739.0
7/12 VITALINK,1,1,1747.0
6/14 VITALINK,1,1,2950.1
3/4 VIDE,1,1,1714.9
FIXTURE TYPE L2 -,1,1,3286.8
FIXTURE TYPE L24 54pi,1,1,2315.0
FIXTURE TYPE L 24 11,1,1,458.0
FIXTURE TYPE L 20,1,1,194.0
TYPE D,1,1,751.0
TYPE D-,1,1,749.6
TYPE D +,1,1,515.0
TYPE F,1,1,3076.1
TYPE G,1,1,790.0
TYPE E,1,1,2251.0
TYPE G-,1,1,3616.0
TYPE F-,1,1,3005.8
NOTE 4 COND 2PO,1,1,3223.0
NOTE 8 COND 2PO,1,1,1562.0
NOTE 5 COND 1PO,1,1,2107.0
COND 1  C/A 3/8 +1/10,1,1,6858.0
TECK VDF 3/8,1,1,1521.0
3/4 3/10,1,1,2829.0
BA VE 3/4COND,1,1,27940.0
LC 3/4,1,1,25421.3
CC 3/4 COND,1,1,33387.0
DETEC RE 3/4,1,1,27730.0
R 3/4 COND SE,1,1,2683.0
TROMPETTE 3/4,1,1,12799.0
PSS08 33/12,1,1,2137.0
PSS08 13/12,1,1,793.0
PSS08 23/12,1,1,1549.0
PSS 08 13/12,1,1,486.0
PSS08 35/12,1,1,1612.0
PSS08 25/12,1,1,2083.0
PSS 08 15/12,1,1,1767.0
PSS 06 23/12,1,1,2285.0
PSS 06 17/12,1,1,1516.0
PSS06 21/12,1,1,984.2
PSS 06 9/12,1,1,607.0
3/4 5/12,1,1,3852.0
PSS-N-12 33/12,1,1,3803.0
PSSN12 23/12,1,1,2048.0
PSSN1215/12,1,1,1654.0
PSS13/12,1,1,1942.0
PPS 10 25/12,1,1,764.0
PPS10 33/12,1,1,727.0
PSS109/12,1,1,532.0
PSS10 29/12,1,1,1427.0
PSS 10 13/12,1,1,807.0
TP 4/12,1,1,14159.0
Distance TP 6/12,1,1,1468.0
TP 3/10,1,1,2342.8
SERP 8/12,1,1,768.0
CHA 3/12,1,1,19460.0
40HP 3/6,1,1,1073.0
PPM-N-01 4X4/0 1/4 2 1/2PO,1,1,3391.0
PSS-N-03 4X2/0 1/6 2 PO,1,1,3479.0
ASSC 3/6 1/8 1PO,1,1,1751.0
PSS-N-02 4/3 1/6 1 1/4PO,1,1,910.0
PSS-N-13 4X1/0 1/6 1 1/2PO,1,1,4017.0
TP 16/12,1,1,3070.0
PPM-N-02 4X4/0 1/4 2 1/2PO,1,1,1069.0
PSS-N-08 4X3/0 1/4 2PO,1,1,3122.0
PPS-N-09 4X2/0 1/6 2PO,1,1,3163.0
PPS-N-06 4X 3/0 1/4 2PO,1,1,1146.0
SYST 01 3/3,1,1,1659.0
PPM-N-03 2X4X3/0 1/4 2PO,1,1,3011.0
PSS-N-10  2PO 4X3/0 1/4,1,1,2389.0
PP-N-12 4X3/0 1/4 2PO,1,1,1024.0
cond 3 4/500mcm,1,1,1342.8
ECL 3/12 EXT,1,1,14780.0
PA 3/12,1,1,7728.2
PA 4/12,1,1,2511.0
PA 5/12,1,1,788.0
P6 21/10,1,1,1454.0
P6 19/10,1,1,646.0
P6 16/10,1,1,257.0
P6 13/10,1,1,300.0
P6 10/10,1,1,326.0
P6 7/10,1,1,247.0
PB 4/10,1,1,2883.0
PA 5/10,1,1,13832.0
PA 4/10,1,1,2875.0
PA 3/10,1,1,2458.0
P1 19/12,1,1,3032.1
PI 3/12,1,1,6402.4
P1 3/12,1,1,8895.0
P2 7/12,1,1,7770.5
P2 11/12,1,1,1383.0
P2 25/12,1,1,2778.0
P5 4/10,1,1,287.0
P5 7/10,1,1,287.0
P5 10/10,1,1,329.0
P5 13/10,1,1,290.0
P5 19/10,1,1,351.0
P5 22/10,1,1,221.0
P5 25/10,1,1,477.0
P5 28/10,1,1,253.0
P5 31/10,1,1,300.0
P5 34/10,1,1,266.0
P5 37/10,1,1,749.0
PB 3/10,1,1,4993.0
PB4/10,1,1,2212.0
PB 5/10,1,1,5952.0
PB 7/10,1,1,555.0
PB 8/10,1,1,1641.0
PB 9/10,1,1,1607.0
P6 37,1,1,6056.4
P4 11/12,1,1,1151.0
P4 21/12,1,1,1109.0
P4 31/12,1,1,2515.0
P4 7/12,1,1,1114.0
P4 13/12,1,1,1155.0
P4 17/12,1,1,1048.0
PP2 4/8,1,1,3186.0
PP2 4/12,1,1,11327.0
p4/95,1,1,1396.0
COND 1 PO VIDE,1,1,7531.0
COND 4 PO,1,1,985.0
COND 2 1/2 PEHC,1,1,6099.0
COND 3 PO PDHC,1,1,1751.3
N4C,1,1,4012.0
N4D,1,1,2804.4
N4B,1,1,2427.0
N5A,1,1,3955.1
N5B,1,1,2473.0
N5D,1,1,2240.0
N6A,1,1,3984.0
N6D,1,1,2469.2
N6B,1,1,2466.0
SER 25/12,1,1,2606.0
SER 21/12,1,1,3591.0
3/4 HAUT PARLEUR,1,1,7056.3
CCT PANN A 10/12,1,1,7528.3
CCT C 10/12,1,1,15475.8
PYROTENAX 3/12,1,1,9298.0
COND 2 PO 4/3/0,1,1,2741.0
ch 8/12,1,1,1486.0
ch 9/12,1,1,565.0
ch 4/12,1,1,1232.0
pe-1,1,1,1489.0
psrc7,1,1,1019.0
pdr2,1,1,999.5
pe1,1,1,512.0
p107.1,1,1,779.0
ch 11/12,1,1,1213.0
NL 5A,1,1,8053.5
EM1-U7,1,1,7650.5
EM2 U7,1,1,8381.0
23A 2/12,1,1,11292.8
6A COND 3/12,1,1,9321.6
3/4 tel,1,1,5431.0
COND 3/10,1,1,10969.0
13/12 COND,1,1,9423.0
17/12 COND,1,1,4576.0
5/12 COND,1,1,3267.0
3/18,1,1,11076.5
3/4 SONNETTE,1,1,4723.0
COND 3/4 INT,1,1,17403.0
ADD WS3 RAIL,1,1,1182.0
TR,1,1,862.0
METER,1,1,695.0
TR 4/5/6,1,1,496.0
TR SEC,1,1,957.0
13/12 V-1,1,1,3805.0
POM3/10,1,1,7620.0
3/16 DETECT COND,1,1,21303.6
KL 3/16 COND,1,1,19778.8
1 1/4,1,1,3209.2
cond 2 po 2/10 1/,1,1,2644.0
cond po vide,1,1,1196.6
cond pvc 4PO FIBRE,1,1,3365.8
cond   hp/,1,1,6473.0
cond  po prise,1,1,2510.0
COND 4PO ENTRE ELECTRIQUE,1,1,5612.0
GRD,1,1,304.0
COND 3/4 ECL CONT,1,1,11187.5
4poCOND 4X500 MCM 1/4,1,1,1103.0
4X500MCM 1/4 4po cond,1,1,713.0
4/10 CAML,1,1,1489.0
3/6 CH,1,1,3273.1
T15 2/6,1,1,731.0
T4 2/10,1,1,7076.0
CH3/12,1,1,2804.0
CH 5/12,1,1,538.0
CH6/12,1,1,724.0
COND 3/4 po VIDEOS,1,1,3216.2
CABLE CAT5,1,1,21598.0
2/8 1/10 COND1po,1,1,1151.0
CABLE PLOMB PLIC,1,1,3839.0
ENL 4X500 MCM 4po,1,1,5772.0
CABLE 25KV,1,1,3536.0
3X250MCM 25KV 4po,1,1,1667.0
teck 3/250mcm 28kv,1,1,3989.3
CHEMIN DE CABLE 36po,1,1,4949.0
hvteck  riser,1,1,3177.0
BASE BETON,1,1,2069.0
TECK 3/350mcm,1,1,3137.0
RAIL S4,1,1,317.0
COND 3/10 VA1,1,1,611.0
COND 2/16 FAS,1,1,5560.8
control ecl ext,1,1,4095.0
ch 3/10,1,1,7301.9
Distance ECL 24 H,1,1,2083.4
URG,1,1,2119.9
CONTROL ECL,1,1,1864.0
Distance HP 3/4,1,1,547.0
AV 3/4,1,1,3345.0
TYPE C-6,1,1,284.0
TYPE C-8,1,1,207.0
RJ45,1,1,6267.0
SP 2 1/2 PO,1,1,18900.0
4-12,1,1,18054.8
3-12,1,1,10870.6
3-10,1,1,629.5
LED2,1,1,136.0
BANDE LED LED4,1,1,108.0
BANDE LED1,1,1,680.0
BANDE LED LED3,1,1,188.0
2-12,1,1,15488.7
2po PVC FIBRE FSKR06,1,1,6633.8
CONP 2po 2 FIBRE FSKR06,1,1,11037.3
COND PVC 3 po CORDE,1,1,2511.5
PVC 2 po 2/6 rwu 1/6v,1,1,5674.9
PVC 2po 4/6 RWU 2/6V,1,1,4662.3
PVC 2po 8/6 rwu 4/6v,1,1,820.6
PVC 2po 10/6 rwu 5/6v,1,1,4171.3
PVC 2 po 4/6 RWU 2/6V,1,1,1938.4
PVC 2 po 6/6 RWU 3/6V,1,1,5928.2
PVC 8/6 RWU 4/6V,1,1,922.1
TECK2/10,1,1,1476.0
SEAL TITE 1/2 3/12,1,1,1289.0
SEAL TITE 3/4,1,1,307.7
TECK 3/300MCM,1,1,801.7
3po 3X500MCM,1,1,2423.0
TECK 3/500 MCM,1,1,4594.7
3/3/0 TECK,1,1,1562.8
3 300MCM TECK,1,1,1708.2
3PO 3x500mcm,1,1,1438.0
teck 3x3/0,1,1,3538.5
TRAY 18po,1,1,1565.2
TRAY 12po,1,1,1219.1
TRAY 30po,1,1,1849.8
COND 11/4 CARTE,1,1,2430.8
11/4 C/A 6 X CAT 6,1,1,2550.1
3/4  2XCAT6,1,1,1772.2
3 3/0 teck 25kv,1,1,2718.7
3/500 MCM,1,1,1172.3
COND 21/2 3/300MCM,1,1,838.0
led 3/12,1,1,1310.0
fdv3/12,1,1,5669.0
LP13  85 pi,1,1,1810.9
Distance 7/12,1,1,1698.5
COND 2 po 4X1/0 1/4,1,1,3590.0
COND 3/4 3/8 1/10,1,1,234.1
Distance 11/12,1,1,1044.1
Distance 3/8,1,1,2762.7
J,1,1,701.0
3/2 URG,1,1,7461.9
3/12 NOR,1,1,14442.7
3/16 HP,1,1,42830.6
41/12,1,1,1168.4
CABLE TUTRON,1,1,33277.5
