file,sha256,s_number,description,created,modified,n_plans,n_counters,n_marks,n_labels_used,n_lines,line_len_px,n_areas,n_perimeters,n_drops,n_ee_groups,n_ee_used
EQUIJUSTICE RIVE-SUD (16-Août-2021)\EQUIJUSTICE RIVE-SUD (16-Août-2021) - Copie.qpl,a3af9afbda36b315,,EQUIJUSTICE RIVE-SUD,2021/8/16,2021/8/27,30,25,430,24,2,9372.6,0,0,0,3,3
FRANCIS DAN (2-Juillet-2025)\FRANCIS DAN (2-Juillet-2025) - Copie.qpl,9bb7c24ec79c9c5b,,,2025/7/2,2025/7/2,0,0,0,0,0,0.0,0,0,0,0,0
Projet Soumission 2025\S-1305 - Litostroj Hydro Brossard\S-1305 Litostroj Hydro Brossard (7-Janvier-2025)\S-1305 Litostroj Hydro Brossard (7-Janvier-2025).qpl,c64add02ac62e994,1305,,2025/1/7,2025/1/21,11,52,494,46,0,0.0,2,53,0,0,0
Projet Soumission 2025\S-1310 - Clinique Cigogne\S-1310 Clinique la Cigogne (14-Janvier-2025)\S-1310 Clinique la Cigogne (14-Janvier-2025).qpl,db0d3c972165b364,1310,,2025/1/14,2025/1/22,12,10,132,8,0,0.0,0,0,0,0,0
Projet Soumission 2025\S-1311 - IGWM Boisbriand\S-1311 IGWM Boisbriand (15-Janvier-2025)\S-1311 IGWM Boisbriand (15-Janvier-2025).qpl,c2a69349c8edcb9c,1311,,2025/1/15,2025/1/30,8,60,1049,48,0,0.0,4,36,0,0,0
Projet Soumission 2025\S-1325 - Loft Impérial Montréal\S-1325 Loft Impérial Térasse (22-Janvier-2025)\S-1325 Loft Impérial Térasse (22-Janvier-2025).qpl,a939d36fc1a9086a,1325,,2025/1/22,2025/1/30,8,28,177,15,0,0.0,0,18,0,0,0
Projet Soumission 2025\S-1330 - Bâtiment Sanitaire Boucherville\S-1330 Bâtiment Sanitaire Boucherville (27-Janvier-2025)\S-1330 Bâtiment Sanitaire Boucherville (27-Janvier-2025).qpl,77e6719ceaec59ba,1330,,2025/1/27,2025/1/27,6,15,37,15,0,0.0,0,13,0,0,0
Projet Soumission 2025\S-1336 - Éclairage Ext 2000 McGill College\S-1336 Éclairage Extérieur 2000 McGill (29-Janvier-2025)\S-1336 Éclairage Extérieur 2000 McGill (29-Janvier-2025).qpl,cbf5e567afd610ba,1336,,2025/1/29,2025/2/20,9,12,64,8,0,0.0,1,5,0,0,0
Projet Soumission 2025\S-1341 - Koh Tao Boucherville\S-1341 Koh Tao Boucherville (31-Janvier-2025)\S-1341 Koh Tao Boucherville (31-Janvier-2025).qpl,26db7ba70e7eac12,1341,,2025/1/31,2025/2/11,11,84,657,74,0,0.0,3,46,0,0,0
Projet Soumission 2025\S-1342 - Foire Alimentaire Centre Eaton\S-1342 Foire Alimentaire Centre Eaton (31-Janvier-2025)\S-1342 Foire Alimentaire Centre Eaton (31-Janvier-2025).qpl,b6651383d7682e14,1342,,2025/1/31,2025/2/14,30,119,2244,82,0,0.0,13,84,0,0,0
Projet Soumission 2025\S-1353 - Matrec St-Hubert\S-1353 Matrec St-Hubert (24-Février-2025)\S-1353 Matrec St-Hubert (24-Février-2025).qpl,9b2a9002c37ac77c,1353,,2025/2/24,2025/3/17,40,49,197,34,2,1155.0,10,28,0,0,0
Projet Soumission 2025\S-1359 - Maison de répis l'intermède\S-1359 Maison de Répit l'intermède (17-Février-2025)\S-1359 Maison de Répit l'intermède (17-Février-2025).qpl,5b0c184006fa9e2e,1359,,2025/2/17,2025/2/24,17,117,594,64,0,0.0,5,64,0,0,0
Projet Soumission 2025\S-1364 - Énergir Du Havre Abris a remblais\S-1364 Énergir Du Havre Abris a remblais (20-Février-2025)\S-1364 Énergir Du Havre Abris a remblais (20-Février-2025).qpl,65fa2e0f21ec7e9e,1364,,2025/2/20,2025/2/20,5,2,7,2,0,0.0,0,6,0,0,0
Projet Soumission 2025\S-1371 - Desjardins CDS Carfour\S-1371 Desjardins CDS Carfour (27-Février-2025)\S-1371 Desjardins CDS Carfour (27-Février-2025).qpl,b1e4168fe983dd86,1371,,2025/2/27,2025/3/14,11,69,1028,62,0,0.0,3,56,0,0,0
Projet Soumission 2025\S-1373 - Allied 87 Prince\S-1373 Allied 87 Prince (6-Mars-2025)\S-1373 Allied 87 Prince (6-Mars-2025).qpl,40fa9f96f5eb213a,1373,,2025/3/6,2025/3/17,14,21,1300,19,0,0.0,2,3,0,0,0
Projet Soumission 2025\S-1375 - Tower Research Capital 2001RB\S-1375 Tower Research Capital 2001 RB (7-Mars-2025)\S-1375 Tower Research Capital 2001 RB (7-Mars-2025).qpl,b2f107fe57442be5,1375,,2025/3/7,2025/3/11,11,31,177,30,0,0.0,0,26,0,0,0
Projet Soumission 2025\S-1381 - Salle de Bain Bistro Modavie\S-1381 Salle de bain Bistro Modavie (13-Mars-2025)\S-1381 Salle de bain Bistro Modavie (13-Mars-2025).qpl,6ef43c4d86988c3c,1381,,2025/3/13,2025/3/17,9,5,15,5,0,0.0,4,2,0,0,0
Projet Soumission 2025\S-1384 - Complexe Multisport St-Bruno\S-1384 Complexe Multisport St-Bruno (17-Mars-2025)\S-1384 Complexe Multisport St-Bruno (17-Mars-2025).qpl,f026d67512855f25,1384,,2025/3/17,2025/3/18,30,98,1610,72,0,0.0,0,0,0,0,0
Projet Soumission 2025\S-1387 - L'Oréal Budget SIP\S-1387 L'Oréal Budget SIP (18-Mars-2025)\S-1387 L'Oréal Budget SIP (18-Mars-2025).qpl,ab4d5a499553acd6,1387,,2025/3/18,2025/4/11,12,84,400,57,0,0.0,0,70,57,0,0
Projet Soumission 2025\S-1390 - BDC Boucherville\S-1390 BDC Boucherville (21-Mars-2025)\S-1390 BDC Boucherville (21-Mars-2025).qpl,e12f0da6592686d2,1390,,2025/3/21,2025/4/3,21,94,924,89,0,0.0,1,54,24,0,0
Projet Soumission 2025\S-1398 - BNC Beloeil\S-1398 BNC Beloeil (27-Mars-2025)\S-1398 BNC Beloeil (27-Mars-2025).qpl,a2aef6429801fc2a,1398,,2025/3/27,2025/4/2,20,83,778,79,0,0.0,1,37,11,0,0
Projet Soumission 2025\S-1631 CISSS\S-1631 (3-Décembre-2025).qpl,9c3475ea56a0bf0b,1631,CIUSS LAURENTIDE,2025/12/3,2025/12/3,18,0,0,0,0,0.0,0,0,0,0,0
Proslat (10-Août-2021)\Proslat (10-Août-2021) - Copie.qpl,1baec452813163e8,,Proslat,2021/8/10,2021/8/26,42,75,692,53,62,174703.0,0,0,0,41,5
S- BR 1515 (12-Août-2025)\S- BR 1515 (12-Août-2025) - Copie.qpl,77b70975a195176c,,139 CONDO,2025/8/12,2025/8/26,84,298,3711,103,36,958996.9,1,0,0,0,0
S-000 (7-Avril-2022)\S-000 (7-Avril-2022) - Copie.qpl,b422fb9a4b2ca26d,,DIX30,2022/4/7,2025/4/3,28,41,306,41,6,81945.1,0,0,0,0,0
S-0000 (10-Septembre-2024)\S-0000 (10-Septembre-2024) - Copie.qpl,69549729b058f79b,,FLORA,2024/9/10,2024/9/10,75,0,0,0,5,5693.4,0,0,0,0,0
S-00100 (26-Octobre-2021)\S-00100 (26-Octobre-2021) - Copie.qpl,210098b7b8a372cd,100,RBC DOMINION BROSSARD,2021/10/26,2021/12/16,77,50,1135,49,25,124003.7,0,0,0,23,5
S-00107 (2-Novembre-2021)\S-00107 (2-Novembre-2021) - Copie.qpl,5f52bafa0f2d5242,107,1981 MCGILL COLLEGE N7/N8/N9,2021/11/2,2023/9/1,78,23,96,19,4,57228.7,1,0,0,0,0
S-00108 (3-Novembre-2021)\S-00108 (3-Novembre-2021) - Copie.qpl,ec43ec7756ae3d9d,108,L OREAL CENTRE DISTRIBUTION,2021/11/3,2021/11/3,17,32,390,32,11,20762.1,0,0,0,8,0
S-00109 (11-Novembre-2021)\S-00109 (11-Novembre-2021) - Copie.qpl,3ea467488e2506a2,109,HBI,2021/11/11,2021/11/11,0,0,0,0,0,0.0,0,0,0,0,0
S-00120 (11-Novembre-2021)\S-00120 (11-Novembre-2021) - Copie.qpl,273d02b61a81a675,120,HBI,2021/11/11,2022/1/20,28,125,1110,62,44,198631.1,4,0,0,4,0
S-0030 (11-Août-2021)\S-0030 (11-Août-2021) - Copie.qpl,bd7d2a5cbd81812e,30,CENTRE COMMUNAUTAIRE VARENNES,2021/8/11,2022/1/25,156,222,1853,144,132,488653.1,0,0,0,74,6
S-0030 ADD2 (14-Septembre-2021)\S-0030 ADD2 (14-Septembre-2021) - Copie.qpl,2b6bed2a0f51af2e,30,CENTRE COMMMUNAUTAIRE SPORT VARENNES,2021/9/14,2021/10/27,57,199,1983,117,37,139513.7,0,0,0,11,4
S-0042 (3-Septembre-2021)\S-0042 (3-Septembre-2021) - Copie.qpl,72cdb52f39d2a689,42,ECOCENTRE ST HILAIRE,2021/9/3,2021/9/10,7,73,203,59,18,83662.5,0,0,0,11,4
S-00421 (5-Octobre-2022)\S-00421 (5-Octobre-2022) - Copie.qpl,a0a22a6214d4e257,421,COLOGIX BUDGET 1250,2022/10/5,2022/10/5,0,0,0,0,0,0.0,0,0,0,0,0
S-0046 (31-Août-2021)\S-0046 (31-Août-2021) - Copie.qpl,56f30babbddc333e,46,KEZBER,2021/8/31,2021/9/2,11,48,555,47,27,78660.1,0,0,0,18,4
S-0049 (2-Septembre-2021)\S-0049 (2-Septembre-2021) - Copie.qpl,cfcff7ca9849f8b4,49,PEOPLES TRUST WESTMOUNT SQUARE,2021/9/2,2021/9/14,49,40,244,39,10,20807.7,0,0,0,12,3
S-0053 (9-Septembre-2021)\S-0053 (9-Septembre-2021) - Copie.qpl,8cea99a63ccc1882,53,GENDRON & ASSOCIES INC,2021/9/9,2021/9/22,38,60,1011,56,38,148256.7,0,0,0,29,7
S-0054 (9-Septembre-2021)\S-0054 (9-Septembre-2021) - Copie.qpl,adbd62ea14ac41b3,54,RFP CONSTRUCTION SUITE 252,2021/9/9,2021/9/14,41,20,52,20,6,4869.4,0,0,0,11,5
S-0061 (14-Septembre-2021) (1)\S-0061 (14-Septembre-2021) - Copie.qpl,c30711307bb481d0,61,ROCH MATHIEU ARPENTEUR,2021/9/14,2021/9/14,0,0,0,0,0,0.0,0,0,0,0,0
S-0061 (14-Septembre-2021) (2)\S-0061 (14-Septembre-2021) - Copie.qpl,3cd0797deea02f21,61,ROCH MATHIEU ARPENTEUR,2021/9/14,2021/9/24,14,12,73,12,1,11172.0,0,0,0,2,2
S-0061 (14-Septembre-2021)\S-0061 (14-Septembre-2021) - Copie.qpl,2d0102e0c489c182,61,ROCH MATHEU ARPENTEUR,2021/9/14,2021/9/14,0,0,0,0,0,0.0,0,0,0,0,0
S-0069 (21-Septembre-2021)\S-0069 (21-Septembre-2021) - Copie.qpl,c5ba7678d4a8a7a9,69,HILTI LAVAL,2021/9/21,2021/10/4,36,80,978,77,35,347949.7,0,0,0,39,7
S-0073 (24-Septembre-2021)\S-0073 (24-Septembre-2021) - Copie.qpl,ac6a6af0f6814ecf,73,,2021/9/24,2021/12/14,70,87,1248,68,32,135995.4,0,0,0,29,7
S-0079 (4-Octobre-2021)\S-0079 (4-Octobre-2021) - Copie.qpl,debf615b6a486abb,79,1100 RENE LEVESQUE,2021/10/4,2021/10/4,0,0,0,0,0,0.0,0,0,0,0,0
S-0080 (4-Octobre-2021)\S-0080 (4-Octobre-2021) - Copie.qpl,ae1b8bf42cdc1fc4,80,UDM BROSSARD,2021/10/4,2021/10/18,56,181,2094,110,70,523857.9,0,0,0,25,3
S-0081 (5-Octobre-2021)\S-0081 (5-Octobre-2021) - Copie.qpl,394d2f8a77fbedcf,81,MCKESSON,2021/10/5,2022/5/16,10,30,275,30,14,36125.6,0,0,0,13,2
S-0092 (18-Octobre-2021)\S-0092 (18-Octobre-2021) - Copie.qpl,9e89632b41be14ab,92,FONDATION,2021/10/18,2021/12/6,115,266,3862,161,77,612236.6,1,0,0,39,2
S-0093 (19-Octobre-2021)\S-0093 (19-Octobre-2021) - Copie.qpl,cbc5cb7794a807fd,93,TRANSMAG,2021/10/19,2021/10/29,125,49,871,49,17,44200.0,0,0,0,14,0
S-0099 (25-Octobre-2021)\S-0099 (25-Octobre-2021) - Copie.qpl,be16462c4a4fdbd4,99,LIGHTSPEED,2021/10/25,2021/10/26,19,35,538,35,8,17373.4,0,0,0,0,0
S-0120-1 (3-Janvier-2022)\S-0120-1 (3-Janvier-2022) - Copie.qpl,b9ac30c32a97f383,120,RESIDENCE STE-CROIX,2022/1/3,2022/1/3,0,0,0,0,0,0.0,0,0,0,0,0
S-01204 (26-Août-2024)\S-01204 (26-Août-2024) - Copie.qpl,4d93be5b146bce99,1204,GENERATRICE FORTIER,2024/8/26,2024/9/11,18,6,105,3,8,117982.7,0,0,0,0,0
S-0121 (19-Novembre-2021)\S-0121 (19-Novembre-2021) - Copie.qpl,a6ec8d1418f306f4,121,GYM-RUSH CYCLE,2021/11/19,2021/11/19,31,25,107,25,3,33088.8,0,0,0,1,1
S-0122 (22-Novembre-2021)\S-0122 (22-Novembre-2021) - Copie.qpl,465329903e96b796,122,FMOQ,2021/11/22,2021/11/22,11,12,310,12,0,0.0,0,0,0,0,0
S-0123 (23-Novembre-2021)\S-0123 (23-Novembre-2021) - Copie.qpl,95264af84f142a73,123,MC CALL MAC BAIN SCHOLARS MC GILL,2021/11/23,2021/12/1,10,51,415,48,22,61703.9,0,0,0,19,4
S-0128 (29-Novembre-2021)\S-0128 (29-Novembre-2021) - Copie.qpl,d09fbbda53fe3462,128,JACK&JONES DIX30,2021/11/29,2021/12/14,48,43,261,42,17,92280.7,0,0,0,11,0
S-0130 (2-Décembre-2021)\S-0130 (2-Décembre-2021) - Copie.qpl,7d84eb049254a718,130,WALTER FINANCIAL,2021/12/2,2022/3/31,88,104,1921,82,33,180841.8,0,0,0,20,0
S-0133 (9-Décembre-2021)\S-0133 (9-Décembre-2021) - Copie.qpl,125438c586085130,133,TOUR ALEXIS NIHON,2021/12/9,2023/9/1,24,199,4330,67,9,59450.6,0,0,0,2,0
S-01347 (6-Février-2025)\S-01347 (6-Février-2025) - Copie.qpl,f5a26e916071143c,1347,STE JULIE DJ-3,2025/2/6,2025/2/6,38,238,1385,44,0,0.0,0,0,0,0,0
S-0136 (16-Décembre-2021)\S-0136 (16-Décembre-2021) - Copie.qpl,b785bdf7e80cb47d,136,GARAGE MUNICIPAL PRESENTATION,2021/12/16,2022/1/14,22,61,259,61,26,76199.0,0,0,0,19,3
S-0139 (5-Janvier-2022)\S-0139 (5-Janvier-2022) - Copie.qpl,c7901bf0ef5558d7,139,TRIGONE STE-JULIE,2022/1/5,2024/12/18,113,680,19807,128,145,1339943.6,5,0,0,2,0
S-0139 (5-Janvier-2022)\S-0139 (5-Janvier-2022).qpl,4b62a995d2ccc397,139,TRIGONE STE-JULIE,2022/1/5,2025/10/20,113,680,19807,128,145,1339943.6,5,0,0,2,0
S-01458 (3-Juin-2025)\S-01458 (3-Juin-2025) - Copie.qpl,06d4e10ee2a886e4,1458,1981 MCILL CHAUFFE-EAU,2025/6/3,2025/6/3,22,0,0,0,0,0.0,0,0,0,0,0
S-0150 (14-Janvier-2022)\S-0150 (14-Janvier-2022) - Copie.qpl,f1f44ac63128a8ec,150,UNIVESTA,2022/1/14,2022/3/15,38,76,502,74,20,98454.2,0,0,0,4,0
S-0154 (20-Janvier-2022)\S-0154 (20-Janvier-2022) - Copie.qpl,2cdcd3128466be81,154,PETRO CANADA,2022/1/20,2022/1/24,9,60,250,50,57,160096.6,0,0,0,0,0
S-0157 (24-Janvier-2022)\S-0157 (24-Janvier-2022) - Copie.qpl,cf725a28325ad4d9,157,V M D LE WINSORD,2022/1/24,2022/1/28,22,55,873,54,13,48971.7,1,0,0,0,0
S-016 (1-Février-2022)\S-016 (1-Février-2022) - Copie.qpl,ed4a192eadb4d786,16,CENTRE AQUATIQUE BELOEIL,2022/2/1,2022/2/1,0,0,0,0,0,0.0,0,0,0,0,0
S-0167 (31-Janvier-2022)\S-0167 (31-Janvier-2022) - Copie.qpl,b85056149488b0b5,167,ECOLE DES NATION,2022/1/31,2022/2/2,15,0,0,0,4,22947.6,0,0,0,0,0
S-0169 (1-Février-2022)\S-0169 (1-Février-2022) - Copie.qpl,057eb2249b1e7351,169,CENTRE AQUATIQUE BELOEIL,2022/2/1,2025/4/29,251,207,1838,113,183,1097660.3,5,2,0,14,0
S-0169 (1-Février-2022)\S-0169 (1-Février-2022).qpl,ef325b7a8357ed3d,169,CENTRE AQUATIQUE BELOEIL,2022/2/1,2025/11/17,251,207,1838,113,183,1097660.3,5,2,0,14,0
S-0170 (26-Avril-2023)\S-0170 (26-Avril-2023) - Copie.qpl,779a0fd8de470a81,170,ACSQ FAUBOURG DU RICHELIEU,2023/4/26,2023/4/26,0,0,0,0,0,0.0,0,0,0,0,0
S-0185 (11-Février-2022)\S-0185 (11-Février-2022) - Copie.qpl,5ae0efaaa92c176b,185,FOIRE ALIMENTAIRE PLACE VICTORIA,2022/2/11,2022/2/22,60,141,2853,132,129,818510.8,0,0,0,19,1
S-0199 (23-Février-2022)\S-0199 (23-Février-2022) - Copie.qpl,3d1f6282f0a4e1a0,199,S2E BASE BUILDING BBW DIX30,2022/2/23,2022/3/24,8,7,288,7,5,8022.0,0,0,0,0,0
S-0200 (25-Février-2022)\S-0200 (25-Février-2022) - Copie.qpl,a504337b406630b2,200,RETROFIT BEAUCHESNE LAVAL,2022/2/25,2022/2/25,17,0,0,0,0,0.0,0,0,0,0,0
S-0201 (25-Février-2022)\S-0201 (25-Février-2022) - Copie.qpl,e46df2f7efbf2b27,201,EXO-CONTRECOEUR STATIONNEMENT,2022/2/25,2022/2/25,58,6,17,6,1,644.6,0,0,0,0,0
S-0202 (28-Février-2022)\S-0202 (28-Février-2022) - Copie.qpl,ebe352ad7e2da2c4,202,TOILETTE AIRE COMM PLACE CARILLON,2022/2/28,2022/2/28,7,9,108,9,2,1495.0,0,0,0,0,0
S-0204 (1-Mars-2022)\S-0204 (1-Mars-2022) - Copie.qpl,3324de26eaff72ed,204,WINNER DIX30 ENSEIGNE,2022/3/1,2022/3/1,0,0,0,0,0,0.0,0,0,0,0,0
S-0205 (1-Mars-2022)\S-0205 (1-Mars-2022) - Copie.qpl,4eb6289ba3be0294,205,BAIN DEPOT DIX30 ENSEIGNE,2022/3/1,2022/3/1,0,0,0,0,0,0.0,0,0,0,0,0
S-0206 (1-Mars-2022)\S-0206 (1-Mars-2022) - Copie.qpl,126a28eace0ec234,206,BANQUE DIX30 ENSEIGNE,2022/3/1,2022/11/3,0,0,0,0,0,0.0,0,0,0,0,0
S-0213 (3-Mars-2022)\S-0213 (3-Mars-2022) - Copie.qpl,e2a3b28d4dd9ae6a,213,CANADIEN TIRE CHAMBLY,2022/3/3,2022/3/9,24,84,1109,67,28,379281.9,0,0,0,11,2
S-0214 (4-Mars-2022)\S-0214 (4-Mars-2022) - Copie.qpl,e9fa952f47a6c9c1,214,J A DE SEVE 1981 MC GILL,2022/3/4,2022/3/4,20,10,264,10,0,0.0,0,0,0,0,0
S-0215 (8-Mars-2022)\S-0215 (8-Mars-2022) - Copie.qpl,10b88ae252b9264a,215,LES FRERES FRANCISCAINS,2022/3/8,2023/1/18,63,110,719,72,23,140817.5,0,0,0,10,0
S-0221 (11-Mars-2022)\S-0221 (11-Mars-2022) - Copie.qpl,908928b0f095cff9,221,PANNEAU FESTIF ST-BRUNO,2022/3/11,2022/3/23,8,2,4,2,2,1250.2,0,0,0,0,0
S-0222 (11-Mars-2022)\S-0222 (11-Mars-2022) - Copie.qpl,cb32473b5fe26f63,222,POMPE DU LAC ST-BRUNO,2022/3/11,2022/3/22,5,0,0,0,1,510.5,0,0,0,0,0
S-0225 (17-Mars-2022)\S-0225 (17-Mars-2022) - Copie.qpl,b599ac9b932732dd,225,BOUTIQUE IMAGINAIRE LAVAL,2022/3/17,2022/3/29,6,45,506,31,17,167494.3,0,0,0,3,0
S-0226 (18-Mars-2022)\S-0226 (18-Mars-2022) - Copie.qpl,be1ef1938e37dd90,226,VIADUC GRANDE-ALLEE,2022/3/18,2022/3/28,18,10,60,10,10,21076.0,0,0,0,0,0
S-0230 (22-Mars-2022)\S-0230 (22-Mars-2022) - Copie.qpl,a8c4854a9ada29bc,230,CLINIQUE EN ROUTE,2022/3/22,2022/3/23,15,19,154,18,10,33554.7,1,0,0,0,0
S-0233 (23-Mars-2022)\S-0233 (23-Mars-2022) - Copie.qpl,2caf73ae70e43632,233,CHAMPION IRON MINES,2022/3/23,2022/4/8,49,63,1055,62,22,98164.8,0,0,0,18,0
S-0238 (21-Novembre-2022)\S-0238 (21-Novembre-2022) - Copie.qpl,2cc5ed7d47629c31,238,CAMERA CHATEAUGUAY SF5,2022/11/21,2025/8/20,30,10,48,4,18,105950.2,1,0,0,0,0
S-0238R (10-Février-2023)\S-0238R (10-Février-2023) - Copie.qpl,2d3a8ef19bd34230,238,SALLE COMMUNAUTAIRE,2023/2/10,2023/2/10,0,0,0,0,0,0.0,0,0,0,0,0
S-0239 (30-Mars-2022)\S-0239 (30-Mars-2022) - Copie.qpl,65aa5df917dc243b,239,TOUR EAU 2020 UNIVERSITE,2022/3/30,2022/4/1,11,12,33,12,7,20314.7,0,0,0,4,0
S-0240 (1-Avril-2022)\S-0240 (1-Avril-2022) - Copie.qpl,8601f931766f9959,240,PATRICK MORIN,2022/4/1,2022/4/8,78,159,1809,95,81,604037.9,0,0,0,6,2
S-0243 (6-Avril-2022)\S-0243 (6-Avril-2022) - Copie.qpl,f59dde37c3d0c00f,243,GARAGE STE JULIE,2022/4/6,2022/4/21,16,56,193,52,12,47695.1,0,0,0,15,5
S-0244 (7-Avril-2022)\S-0244 (7-Avril-2022) - Copie.qpl,8f7d6f71019115f4,244,ARDEN DIX 30,2022/4/7,2022/4/7,2,3,58,3,10,5586.0,0,0,0,10,0
S-0248 (11-Avril-2022)\S-0248 (11-Avril-2022) - Copie.qpl,2a6b7a2b786521de,248,CLUB CANOTAGE,2022/4/11,2022/4/12,4,22,222,19,5,47871.6,0,0,0,0,0
S-0250 (13-Avril-2022)\S-0250 (13-Avril-2022) - Copie.qpl,b4c6393d91bfd803,250,BORNE DE RECHARGE,2022/4/13,2022/6/30,24,19,178,4,14,11881.9,6,0,0,0,0
S-0255 (14-Avril-2022)\S-0255 (14-Avril-2022) - Copie.qpl,bc2e753b56b11bce,255,CLUB GOLFE RICHELIEU ECLAIRAGE,2022/4/14,2022/4/14,2,0,0,0,0,0.0,0,0,0,0,0
S-0256 (19-Avril-2022)\S-0256 (19-Avril-2022) - Copie.qpl,ca72cd80bf30e3e6,256,ROCHE BOBOIS,2022/4/19,2022/5/3,51,33,995,31,17,84354.9,0,0,0,0,0
S-0259 (19-Avril-2022)\S-0259 (19-Avril-2022) - Copie.qpl,f31b208db8d26667,259,ST MATHIEU BOLEIL VILLAS,2022/4/19,2022/9/12,17,2,12,2,5,12793.8,0,0,0,0,0
S-0260 (20-Avril-2022)\S-0260 (20-Avril-2022) - Copie.qpl,9f3a0d1477eb7cfa,260,ECOLE BOURLINGUEUR,2022/4/20,2022/4/25,9,5,9,5,7,14030.7,0,0,0,0,0
S-0262 (20-Avril-2022)\S-0262 (20-Avril-2022) - Copie.qpl,5c476e9166afc71b,262,MONTARVILLE,2022/4/20,2022/5/5,8,1,3,1,10,3320.0,0,0,0,0,0
S-0266 (21-Avril-2022)\S-0266 (21-Avril-2022) - Copie.qpl,f40add8b9f639b0f,266,JYSK GRAMBY,2022/4/21,2022/4/28,9,20,133,20,14,124239.5,0,0,0,14,2
S-0269 (25-Avril-2022)\S-0269 (25-Avril-2022) - Copie.qpl,03eef17d8a768b63,269,MC-MASTERVILLE,2022/4/25,2022/4/25,0,0,0,0,0,0.0,0,0,0,0,0
S-0272 (28-Avril-2022)\S-0272 (28-Avril-2022) - Copie.qpl,6a753252f7b1b160,272,BOUTIQUE HUGO BOSS ST BRUNO,2022/4/28,2022/5/6,6,27,220,27,10,47571.6,0,0,0,8,0
S-0273 (28-Avril-2022)\S-0273 (28-Avril-2022) - Copie.qpl,fcd543ce6ce3eec5,273,LOCAL V0202 ST BRUNO,2022/4/28,2022/4/29,7,31,963,31,12,61948.3,0,0,0,6,0
S-0275 (2-Mai-2022)\S-0275 (2-Mai-2022) - Copie.qpl,6f108444c9f0f438,275,SPORTING LIFE LAVAL,2022/5/2,2022/5/2,70,6,109,4,3,22881.0,0,0,0,0,0
S-0277 (3-Mai-2022)\S-0277 (3-Mai-2022) - Copie.qpl,343211166e4772a4,277,VIA RAIL GARE CENTRAL,2022/5/3,2022/5/17,34,61,1476,56,33,412310.0,0,0,0,21,0
S-0280 (5-Mai-2022)\S-0280 (5-Mai-2022) - Copie.qpl,74fc3e67e9852b57,280,CUISINE MULTI FONCTION,2022/5/5,2022/5/18,17,68,953,61,25,295627.2,0,0,0,19,0
S-0281 (6-Mai-2022)\S-0281 (6-Mai-2022) - Copie.qpl,56019eff581fc9c8,281,ENTRE CSN,2022/5/6,2022/5/6,2,10,26,10,1,11225.2,0,0,0,0,0
S-0286 (6-Mai-2022)\S-0286 (6-Mai-2022) - Copie.qpl,2d548d434d190805,286,KOSEPH-VERONNEAU ST BRUNO,2022/5/6,2022/5/9,23,4,15,4,4,4865.1,0,0,0,0,0
S-0288 (10-Mai-2022)\S-0288 (10-Mai-2022) - Copie.qpl,979dd41f3871134c,288,OLYMEL ABATTAGE DE POULE,2022/5/10,2022/5/10,4,0,0,0,0,0.0,0,0,0,0,0
S-0289 (11-Mai-2022)\S-0289 (11-Mai-2022) - Copie.qpl,e6b69d3ef8695bb0,289,ARCTERYX DIX-30,2022/5/11,2022/5/11,24,3,193,3,1,4799.8,0,0,0,1,0
S-0290 (11-Mai-2022)\S-0290 (11-Mai-2022) - Copie.qpl,c4bf5c3e013db7f8,290,MTL COWORK,2022/5/11,2022/5/12,16,31,318,30,20,64436.2,0,0,0,18,0
S-0292 (12-Mai-2022)\S-0292 (12-Mai-2022) - Copie.qpl,30524ec3412cdd7c,292,TEMPORAIRE STE ANNE BELLEVUE,2022/5/12,2022/5/17,22,5,81,5,7,22135.1,0,0,0,0,0
S-0295 (17-Mai-2022)\S-0295 (17-Mai-2022) - Copie.qpl,7edec58ca85b9a99,295,OLYDR AVICOMAX,2022/5/17,2024/2/16,11,79,519,59,2,1354.0,0,0,0,0,0
S-0296 (18-Mai-2022)\S-0296 (18-Mai-2022) - Copie.qpl,1e22be4be4087449,296,MANULIFT,2022/5/18,2024/4/18,102,289,2254,216,161,678028.0,3,0,0,28,1
S-0302 (20-Mai-2022)\S-0302 (20-Mai-2022) - Copie.qpl,bde973e28896b0f1,302,QUEUES DE CASTOR DIX 30,2022/5/20,2022/5/26,10,32,181,30,9,65406.1,0,0,0,7,0
S-0307 (26-Mai-2022)\S-0307 (26-Mai-2022) - Copie.qpl,bdcf97f069936edb,307,STATIONNEMENT AU BOISE DU TREMBLAY,2022/5/26,2022/5/26,3,0,0,0,0,0.0,0,0,0,0,0
S-0309 (27-Mai-2022)\S-0309 (27-Mai-2022) - Copie.qpl,e03b3ffe140f1004,309,CENTRE RECRUTEMENT FORCES CANADIENNES,2022/5/27,2022/5/27,39,129,1528,57,8,19479.2,0,0,0,0,0
S-0310 (26-Mai-2022)\S-0310 (26-Mai-2022) - Copie.qpl,031554d8e60f140e,310,PISTE CYCLABE DELSON,2022/5/26,2022/5/27,12,2,18,2,0,0.0,0,0,0,0,0
S-0312 (30-Mai-2022)\S-0312 (30-Mai-2022) - Copie.qpl,ba741eba92958ef9,312,ARMEE DU SALUT ST HUBERT,2022/5/30,2022/6/1,4,6,116,6,3,3948.4,0,0,0,0,0
S-0314 (31-Mai-2022)\S-0314 (31-Mai-2022) - Copie.qpl,e70a596639e88761,314,1981 MC GILL COLLEGE DOUCHE,2022/5/31,2022/6/13,22,3,9,3,0,0.0,0,0,0,0,0
S-0317 (1-Juin-2022)\S-0317 (1-Juin-2022) - Copie.qpl,d40a95de5af59ac2,317,SIBOIRE 5105 ST LAURENT,2022/6/1,2022/7/14,41,17,44,17,2,7131.9,0,0,0,0,0
S-0321 (2-Juin-2022)\S-0321 (2-Juin-2022) - Copie.qpl,5f3a603e98276dc7,321,GARDERIE L IMAGINETTE,2022/6/2,2023/2/6,43,89,911,72,35,122332.4,4,0,0,20,0
S-0323 (7-Juin-2022)\S-0323 (7-Juin-2022) - Copie.qpl,921058a0a9e2be45,323,TERRAIN BASKETBALL SAMUEL-DE -CHAMPLAIN,2022/6/7,2022/6/14,21,8,71,4,17,90359.9,0,0,0,0,0
S-0324 (7-Juin-2022) (1)\S-0324 (7-Juin-2022) - Copie.qpl,ed17040adf9b4601,324,141 PLACE DE LA MORTAGNE,2022/6/7,2022/6/7,12,0,0,0,0,0.0,0,0,0,0,0
S-0324 (7-Juin-2022)\S-0324 (7-Juin-2022) - Copie.qpl,74ec9b7d65306330,324,141 PLACE DE LA MORTAGNE,2022/6/7,2022/6/7,0,0,0,0,0,0.0,0,0,0,0,0
S-0325 (7-Juin-2022)\S-0325 (7-Juin-2022) - Copie.qpl,73cf5ad99a787d08,325,CONFAB,2022/6/7,2022/6/30,35,15,40,11,8,41210.0,0,0,0,3,0
S-0330 (14-Juin-2022)\S-0330 (14-Juin-2022) - Copie.qpl,06a7f7d9f5d03866,330,EXPRESSO BROSSARD,2022/6/14,2023/2/22,48,605,7033,228,80,1281946.2,13,0,0,2,0
S-0334 (20-Juin-2022)\S-0334 (20-Juin-2022) - Copie.qpl,6ccf9b25f7d33260,334,PORTE ET FENETRE VERDUN,2022/6/20,2022/6/20,20,42,372,38,6,26239.3,0,0,0,5,0
S-0336 (21-Juin-2022)\S-0336 (21-Juin-2022) - Copie.qpl,a652866869fe0771,336,FMOQ,2022/6/21,2022/6/22,9,4,122,4,2,5057.8,0,0,0,0,0
S-0339 (28-Juin-2022)\S-0339 (28-Juin-2022) - Copie.qpl,251d9607a27b0e76,339,CMKZ 2020 ROBERT BOURASSA,2022/6/28,2022/7/4,53,21,139,19,1,3430.0,0,0,0,1,0
S-0340 (29-Juin-2022)\S-0340 (29-Juin-2022) - Copie.qpl,d12cdfb5f69ed6ca,340,CELANESE BOUCHERVILLE,2022/6/29,2022/7/7,38,18,218,18,2,3064.3,0,0,0,2,0
S-0345 (7-Juillet-2022)\S-0345 (7-Juillet-2022) - Copie.qpl,fe3c99ad62c9b627,345,CLUB DE GOLF VALLEE DU RICHELIEU,2022/7/7,2022/7/7,1,2,6,2,1,724.9,0,0,0,0,0
S-0351 (11-Juillet-2022)\S-0351 (11-Juillet-2022) - Copie.qpl,351b2b9a2430b704,351,TRÉVI DIX 30,2022/7/11,2022/7/11,26,12,68,12,0,0.0,0,0,0,0,0
S-0356 (13-Juillet-2022)\S-0356 (13-Juillet-2022) - Copie.qpl,62d7d497bafa67c4,356,700 LA GAUCHETIAIRE,2022/7/13,2024/4/3,144,180,1297,63,74,411627.2,1,0,0,16,0
S-0357 (14-Juillet-2022)\S-0357 (14-Juillet-2022) - Copie.qpl,ad80a17c3fae0c58,357,GENERATRICE FILION,2022/7/14,2022/7/21,4,3,3,3,11,3380.5,0,0,0,0,0
S-0357 (20-Juillet-2022)\S-0357 (20-Juillet-2022) - Copie.qpl,44ae130d45d99830,357,RESIDENCE FILION,2022/7/20,2022/7/20,0,0,0,0,0,0.0,0,0,0,0,0
S-0358 - GBI 255 Crémazie (13-Juillet-2022)\S-0358 - GBI 255 Crémazie (13-Juillet-2022) - Copie.qpl,1faa174a59709e01,358,,2022/7/13,2022/7/18,14,41,1432,39,0,0.0,1,1,0,0,0
S-0361 (15-Juillet-2022)\S-0361 (15-Juillet-2022) - Copie.qpl,ff0275df1bbcb799,361,ELEPHANTE,2022/7/15,2022/7/20,23,16,36,16,2,1316.3,0,0,0,2,0
S-0367 (8-Août-2022)\S-0367 (8-Août-2022) - Copie.qpl,9075b442a21f53bb,367,PROVIGO MARIVILLE,2022/8/8,2022/8/11,21,42,849,42,46,198873.6,0,0,0,6,2
S-0374 (12-Août-2022)\S-0374 (12-Août-2022) - Copie.qpl,aa024763fd7038db,374,PORTE ET FENETRE VERDUN GRANDE PRAIRIE,2022/8/12,2022/8/12,12,11,43,11,0,0.0,0,0,0,0,0
S-0377 (17-Août-2022)\S-0377 (17-Août-2022) - Copie.qpl,886b379d46ef2005,377,A GENDRON BROSSARD,2022/8/17,2022/10/19,70,44,639,43,22,127362.1,1,0,0,18,0
S-0381 (23-Août-2022)\S-0381 (23-Août-2022) - Copie.qpl,31b52865940184d2,381,SYSTEMATIX,2022/8/23,2022/8/23,18,3,8,3,3,5967.7,0,0,0,0,0
S-0384 (23-Août-2022)\S-0384 (23-Août-2022) - Copie.qpl,216c53d11189bb9d,384,FMOQ,2022/8/23,2022/11/10,22,23,239,23,5,26903.3,1,0,0,4,0
S-0388 (26-Août-2022) (1)\S-0388 (26-Août-2022) - Copie.qpl,925a50745e0e23fe,388,BANQUE NATIONAL ST REMI,2022/8/26,2022/9/13,44,15,40,15,20,84173.2,0,0,0,8,1
S-0388 (26-Août-2022)\S-0388 (26-Août-2022) - Copie.qpl,67dc9543134cb123,388,BNC MARCEL LAURIN,2022/8/26,2022/10/19,12,29,398,29,0,0.0,1,0,0,0,0
S-0391 (29-Août-2022)\S-0391 (29-Août-2022) - Copie.qpl,1e3e93077931e18f,391,BTG TACHEREAU,2022/8/29,2022/10/19,8,45,373,44,13,67528.9,1,0,0,8,0
S-0400 (30-Août-2022)\S-0400 (30-Août-2022) - Copie.qpl,ca94e8f277e2d8b3,400,MC KESSON NIV 1,2022/8/30,2022/9/23,98,52,1608,52,47,530843.3,0,0,0,30,2
S-0400-1 (2-Septembre-2022)\S-0400-1 (2-Septembre-2022) - Copie.qpl,b40a74e6a01ced21,400,MC KESSON EXISTANT,2022/9/2,2022/9/2,0,0,0,0,0,0.0,0,0,0,0,0
S-0401 (31-Août-2022)\S-0401 (31-Août-2022) - Copie.qpl,12f45cb6df9d1581,401,CIMA LONGUEUIL,2022/8/31,2022/8/31,8,4,114,4,0,0.0,0,0,0,0,0
S-0407 (6-Septembre-2022)\S-0407 (6-Septembre-2022) - Copie.qpl,1e1d7f25cc3a6998,407,SALLE SERVEUR IREQ S111 HQ,2022/9/6,2022/9/13,9,19,94,19,21,83672.8,0,0,0,2,0
S-0410 (6-Septembre-2022)\S-0410 (6-Septembre-2022) - Copie.qpl,0339985fe455962a,410,BUREAU PROCAM,2022/9/6,2022/9/28,93,88,546,59,22,83699.7,0,0,0,14,3
S-0415 (19-Septembre-2022)\S-0415 (19-Septembre-2022) - Copie.qpl,ec066c4202ee3575,415,GARDERIE CARIGNAN,2022/9/19,2023/1/16,32,34,329,23,16,128794.5,2,0,0,5,0
S-0416 (15-Septembre-2022)\S-0416 (15-Septembre-2022) - Copie.qpl,91eab7925071184f,416,DOLLORAMA,2022/9/15,2022/10/19,33,35,225,28,17,125814.2,2,0,0,4,0
S-0417 (19-Septembre-2022)\S-0417 (19-Septembre-2022) - Copie.qpl,ecc83209b73c2b76,417,GARDERIE CARIGNAN,2022/9/19,2022/9/19,0,0,0,0,0,0.0,0,0,0,0,0
S-0418 (21-Septembre-2022)\S-0418 (21-Septembre-2022) - Copie.qpl,c89198466aa7fefa,418,QMD NORDELEC,2022/9/21,2022/10/19,8,16,371,16,4,38753.1,1,0,0,2,0
S-0420 (23-Septembre-2022)\S-0420 (23-Septembre-2022) - Copie.qpl,3941df8063deb3f9,420,COLOGIX DRUMMONDVILLE,2022/9/23,2022/10/5,29,10,78,9,12,39564.2,0,0,0,1,0
S-0421 (27-Septembre-2022)\S-0421 (27-Septembre-2022) - Copie.qpl,4272de03ed913239,421,HOTEL INFORMATIQUE,2022/9/27,2022/9/27,17,0,0,0,2,37150.3,0,0,0,0,0
S-0423 (28-Septembre-2022)\S-0423 (28-Septembre-2022) - Copie.qpl,9a08c3b74e82db16,423,WAL-MART 3180,2022/9/28,2022/10/18,43,140,3310,83,107,759353.1,1,0,0,44,0
S-0428 (3-Octobre-2022)\S-0428 (3-Octobre-2022) - Copie.qpl,0523db2d69a087e8,428,OCTAVE ASSURANCE 2000AVE ECLIPSE,2022/10/3,2022/10/17,20,42,367,41,19,54599.6,1,0,0,16,0
S-0433 (12-Octobre-2022)\S-0433 (12-Octobre-2022) - Copie.qpl,79d5e11c92ddba65,433,ISOLOGIX,2022/10/12,2022/10/12,10,37,284,31,5,52237.1,0,0,0,5,0
S-0436 (13-Octobre-2022) (1)\S-0436 (13-Octobre-2022) - Copie.qpl,4bc7cb24de1ff651,436,LA CORDÉE,2022/10/13,2022/10/25,0,0,0,0,0,0.0,0,0,0,0,0
S-0436 (13-Octobre-2022)\S-0436 (13-Octobre-2022) - Copie.qpl,38c43343f411251c,436,LA CORDÉE,2022/10/13,2022/10/17,35,62,1912,38,32,262337.0,2,0,0,2,0
S-0437 (14-Octobre-2022)\S-0437 (14-Octobre-2022) - Copie.qpl,953da5abb03ba772,437,COMINAR MAIL MONTENACH,2022/10/14,2022/10/20,7,23,131,23,7,9219.7,1,0,0,0,0
S-0439 (17-Octobre-2022)\S-0439 (17-Octobre-2022) - Copie.qpl,d5c44fbae8592edd,439,FOLIO CIQ 2525 DANIEL JOHNSON,2022/10/17,2022/10/31,109,112,1613,61,25,41960.1,1,0,0,9,0
S-0444 (24-Octobre-2024)\S-0444 (24-Octobre-2024) - Copie.qpl,0a4aaaa1c1f23a73,444,MAISON ETHIER,2024/10/24,2024/10/24,0,0,0,0,0,0.0,0,0,0,0,0
S-0447-D (28-Octobre-2022)\S-0447-D (28-Octobre-2022) - Copie.qpl,e30f4e26a6abbaa2,447,HOPITAL,2022/10/28,2022/11/1,56,0,0,0,24,57469.2,0,0,0,0,0
S-0449 (27-Octobre-2022)\S-0449 (27-Octobre-2022) - Copie.qpl,fbd97dd75bb86a84,449,PERMIS,2022/10/27,2022/10/27,6,8,36,8,3,1919.9,1,0,0,0,0
S-0452 (1-Novembre-2022) (1)\S-0452 (1-Novembre-2022) - Copie.qpl,69d2dd3de7f3b90f,452,COLOGIX GENERATRICE,2022/11/1,2022/11/14,28,12,28,12,8,18268.2,0,0,0,1,0
S-0452 (1-Novembre-2022)\S-0452 (1-Novembre-2022) - Copie.qpl,123520bec9e2802f,452,COLOGIX GENERATRICE,2022/11/1,2022/11/4,0,0,0,0,0,0.0,0,0,0,0,0
S-0455 (21-Octobre-2022)\S-0455 (21-Octobre-2022) - Copie.qpl,56302816784b3227,455,PATTES ET GRIFFES,2022/10/21,2022/10/21,1,0,0,0,3,2396.0,0,0,0,0,0
S-0460 (7-Novembre-2022)\S-0460 (7-Novembre-2022) - Copie.qpl,c35605e7bfeb2842,460,1350 1360 RENÉ LÉ VESQUE,2022/11/7,2022/11/7,12,2,20,1,6,33843.0,0,0,0,0,0
S-0463 (8-Novembre-2022)\S-0463 (8-Novembre-2022) - Copie.qpl,9cc73d0074368f98,463,H PE MONTRÉAL FIT-UP,2022/11/8,2022/11/9,12,10,239,10,15,63905.2,0,0,0,0,0
S-0464 (8-Novembre-2022)\S-0464 (8-Novembre-2022) - Copie.qpl,b6da413931d9ea6d,464,BLEUBIRD ENTREPOT CAPITAL,2022/11/8,2022/11/17,50,109,741,64,51,311230.3,0,0,0,22,0
S-0476 (21-Novembre-2022)\S-0476 (21-Novembre-2022) - Copie.qpl,8bdfbf09048515f3,476,PORT ROYAL MODIF DISTRIBUTION,2022/11/21,2026/2/5,132,15,44,8,86,138664.3,7,0,0,2,0
S-0476 (21-Novembre-2022)\S-0476 (21-Novembre-2022).qpl,e854bea7777f2eec,476,PORT ROYAL MODIF DISTRIBUTION,2022/11/21,2026/1/27,123,15,44,8,91,148060.3,7,0,0,2,0
S-0481 (29-Novembre-2022)\S-0481 (29-Novembre-2022) - Copie.qpl,9c8bd617db69facc,481,EDSC LONGUEUIL,2022/11/29,2022/11/30,9,51,564,49,16,71862.3,0,0,0,11,0
S-0484 (1-Décembre-2022)\S-0484 (1-Décembre-2022) - Copie.qpl,477f6bf963093b38,484,ECO QUARTIER LAMPADAIRES,2022/12/1,2022/12/1,6,1,24,1,5,16679.8,0,0,0,0,0
S-0486 (1-Décembre-2022)\S-0486 (1-Décembre-2022) - Copie.qpl,575f78a9cf11a0db,486,COLISÉE JEAN BÉLIVEAU,2022/12/1,2022/12/19,30,21,226,20,8,40896.6,0,0,0,0,0
S-0496 (14-Décembre-2022)\S-0496 (14-Décembre-2022) - Copie.qpl,b23d6075e23d153f,496,1112 STE CATHERINE O,2022/12/14,2022/12/15,16,23,152,23,7,57779.0,0,0,0,6,0
S-0497 (14-Décembre-2022)\S-0497 (14-Décembre-2022) - Copie.qpl,62f8f0c5c3578955,497,GATX RAIL CANADA 9300 MAURICE DUPLESSIS,2022/12/14,2022/12/15,2,3,18,3,0,0.0,0,0,0,0,0
S-0498 (14-Décembre-2022)\S-0498 (14-Décembre-2022) - Copie.qpl,0c16923358ec14df,498,GARDERIE BOUCHERVILLE,2022/12/14,2022/12/20,29,81,526,53,16,108037.2,3,0,0,8,0
S-0500 (15-Décembre-2022)\S-0500 (15-Décembre-2022) - Copie.qpl,2aab50c381a9db99,500,PATINOIRE STE MADELAINE,2022/12/15,2022/12/16,62,1,24,1,1,633.0,0,0,0,0,0
S-0504 (22-Décembre-2022) (1)\S-0504 (22-Décembre-2022) - Copie.qpl,8f9e2344fdc2e061,504,ROYAL MOUNT,2022/12/22,2022/12/22,0,0,0,0,0,0.0,0,0,0,0,0
S-0504 (22-Décembre-2022)\S-0504 (22-Décembre-2022) - Copie.qpl,58b10253b45d2171,504,ROYAL MOUNT,2022/12/22,2023/3/20,64,12,173,12,54,212592.8,5,0,0,0,0
S-0509 (10-Janvier-2023)\S-0509 (10-Janvier-2023) - Copie.qpl,d58458f6b39908fe,509,CIM,2023/1/10,2023/1/10,10,6,24,6,3,10678.8,0,0,0,0,0
S-0513 (11-Janvier-2023)\S-0513 (11-Janvier-2023) - Copie.qpl,74a540f5959ae7da,513,ÉCOLE ST JOSEPH,2023/1/11,2023/1/12,24,74,589,44,14,136319.4,0,0,0,4,0
S-0517 (12-Janvier-2023)\S-0517 (12-Janvier-2023) - Copie.qpl,f6cf22d9851a5f4c,517,ÉNERGIR BORNES DE REECHARGE,2023/1/12,2023/1/19,2,1,12,1,9,30425.6,0,0,0,0,0
S-0521 (16-Janvier-2023)\S-0521 (16-Janvier-2023) - Copie.qpl,31058f2e22882064,521,ÉCOLE LOUISBOURG,2023/1/16,2023/1/26,14,4,12,4,6,8322.7,0,0,0,0,0
S-0527 (20-Janvier-2023)\S-0527 (20-Janvier-2023) - Copie.qpl,4c1e83d7f55caea6,527,ACADÉMIE ZÉNITH,2023/1/20,2023/1/30,11,26,250,14,3,66366.3,0,0,0,0,0
S-0528 (20-Janvier-2023)\S-0528 (20-Janvier-2023) - Copie.qpl,4c38fc90a103b8f7,528,ST-BRUNO-SUR-LE LAC-LUXEO,2023/1/20,2023/2/6,8,154,784,122,17,97829.4,0,0,0,3,0
S-0530 (26-Janvier-2023)\S-0530 (26-Janvier-2023) - Copie.qpl,0a9d362b4d963e6d,530,FARO,2023/1/26,2023/1/26,23,1,11,1,0,0.0,0,0,0,0,0
S-0533 (19-Mai-2023)\S-0533 (19-Mai-2023) - Copie.qpl,80b47c9c7e60dfa4,533,LE GRAND PARK ST-BASILE,2023/5/19,2023/5/19,82,0,0,0,0,0.0,0,0,0,0,0
S-0543 (6-Février-2023)\S-0543 (6-Février-2023) - Copie.qpl,7b8bffdb591a09dd,543,QUARTIER SOLAR B3 NIV 9,2023/2/6,2023/2/6,8,2,26,2,2,3916.0,0,0,0,0,0
S-0549 (9-Février-2023)\S-0549 (9-Février-2023) - Copie.qpl,f02218085dc4526b,549,GARDERIE CHABICHOUX,2023/2/9,2023/2/9,15,11,16,7,0,0.0,0,0,0,0,0
S-0550 (14-Février-2023)\S-0550 (14-Février-2023) - Copie.qpl,8f445341332300e1,550,FC3 GRAMBY,2023/2/14,2023/2/15,0,0,0,0,0,0.0,0,0,0,0,0
S-0551 (14-Février-2023)\S-0551 (14-Février-2023) - Copie.qpl,c0064d7c3d81e623,551,ENTRE BEAUCHESNE 1200A 347/600V,2023/2/14,2023/2/14,1,0,0,0,6,979.7,0,0,0,0,0
S-0552 (15-Février-2023)\S-0552 (15-Février-2023) - Copie.qpl,5b3e20023a736ff8,552,FC3 GRAMBY SOCLE,2023/2/15,2023/2/15,8,0,0,0,3,3117.9,0,0,0,0,0
S-0553 (15-Février-2023)\S-0553 (15-Février-2023) - Copie.qpl,d229aeb7ac5f5ae4,553,ÉNERGIR RÉNO VESTIAIRE,2023/2/15,2023/2/16,20,6,132,6,0,0.0,0,0,0,0,0
S-0554 (15-Février-2023)\S-0554 (15-Février-2023) - Copie.qpl,2ace12fbe3ee0fc1,554,CEGEP VIEUX MONTREAL,2023/2/15,2023/2/16,11,21,32,21,3,48675.4,0,0,0,0,0
S-0557 (17-Février-2023)\S-0557 (17-Février-2023) - Copie.qpl,7e038b5700f2c1b3,557,CNESST SHERBROOKE,2023/2/17,2023/2/17,5,0,0,0,0,0.0,0,0,0,0,0
S-0558 (17-Février-2023)\S-0558 (17-Février-2023) - Copie.qpl,1be1a241b8db1d03,558,DELOITTE ORBIS BROSSARD,2023/2/17,2023/3/8,18,49,882,48,10,36119.4,0,0,0,7,0
S-0560 (21-Février-2023)\S-0560 (21-Février-2023) - Copie.qpl,a15a68a65e10a14d,560,CSSSME-CHAUFFAGE LIMOGES,2023/2/21,2023/2/21,12,6,60,4,3,8944.3,0,0,0,2,0
S-0572 (1-Mars-2023)\S-0572 (1-Mars-2023) - Copie.qpl,20413dc52095d776,572,EATON BROSSARD,2023/3/1,2023/3/15,27,105,1410,67,46,208749.2,0,0,0,21,0
S-0575 (2-Mars-2023)\S-0575 (2-Mars-2023) - Copie.qpl,e24d5641e3ff4294,575,CLINIQUE DR. NABIL FANOUS WESTMOUNT,2023/3/2,2023/3/2,3,0,0,0,0,0.0,0,0,0,0,0
S-0580 (3-Mars-2023)\S-0580 (3-Mars-2023) - Copie.qpl,40f83f9de0c4dbaa,580,JARDINS MONTARVILLE,2023/3/3,2023/3/7,20,4,8,2,0,0.0,0,0,0,0,0
S-0581 (6-Mars-2023)\S-0581 (6-Mars-2023) - Copie.qpl,6edf6bdf25b5a05a,581,JEAN COUTU VARRENNES,2023/3/6,2023/3/21,38,64,1154,60,15,104876.8,1,0,0,13,0
S-0583 (8-Mars-2023)\S-0583 (8-Mars-2023) - Copie.qpl,b62f51b826bae905,583,HOPITAL CHARLES LEMOYNE,2023/3/8,2023/3/9,49,20,38,20,13,32010.6,0,0,0,0,0
S-0593 (20-Mars-2023)\S-0593 (20-Mars-2023) - Copie.qpl,8037094a32b193f8,593,,2023/3/20,2023/4/24,23,225,2091,125,72,454681.1,1,0,0,27,0
S-0594 (20-Mars-2023)\S-0594 (20-Mars-2023) - Copie.qpl,2aac390cfbfb443c,594,POSTE POLICE BELOEIL,2023/3/20,2023/3/21,11,5,38,5,0,0.0,0,0,0,0,0
S-0595 (20-Mars-2023)\S-0595 (20-Mars-2023) - Copie.qpl,47b24486dfebe71f,595,PISCINE INTÉRIEUR,2023/3/20,2023/4/20,51,18,148,11,6,63015.9,1,0,0,4,0
S-0600 (23-Mars-2023)\S-0600 (23-Mars-2023) - Copie.qpl,bce990dcb856bbd5,600,ÉNERGIR LASALLE,2023/3/23,2023/4/26,33,19,110,16,14,92683.2,0,0,0,11,0
S-0610 (29-Mars-2023)\S-0610 (29-Mars-2023) - Copie.qpl,856066dab2bc2a55,610,TOUR EAU ÉCOLE LCCHS,2023/3/29,2023/4/25,38,0,0,0,10,45095.2,0,0,0,2,0
S-0613 (30-Mars-2023)\S-0613 (30-Mars-2023) - Copie.qpl,09febdcd952c0aeb,613,LABORATOIRE VEILLETTE,2023/3/30,2023/3/30,13,28,254,27,10,81833.9,0,0,0,4,0
S-0621 (17-Mai-2023)\S-0621 (17-Mai-2023) - Copie.qpl,d74b49726595d99e,621,COMPLEXE SPORTIF SIMULATEUR GOLF,2023/5/17,2023/5/19,18,12,65,12,9,13879.0,0,0,0,6,0
S-0627 (14-Avril-2023)\S-0627 (14-Avril-2023) - Copie.qpl,95027a245d59de5e,627,SCJ-VARENNE WIFI,2023/4/14,2023/4/14,20,3,20,3,1,10901.0,0,0,0,1,0
S-0630 (26-Avril-2023)\S-0630 (26-Avril-2023) - Copie.qpl,e48e94bf7051775a,630,ASISQ,2023/4/26,2023/4/26,0,0,0,0,0,0.0,0,0,0,0,0
S-0644 (27-Avril-2023)\S-0644 (27-Avril-2023) - Copie.qpl,9f20c6bb855dafef,644,ACISQ RICHELIEU,2023/4/27,2024/1/11,8,0,0,0,7,28614.5,0,0,0,0,0
S-0645 (27-Avril-2023)\S-0645 (27-Avril-2023) - Copie.qpl,037bef88c7f5ac2a,645,RENAISSANCE MONTRÉAL,2023/4/27,2023/5/8,36,73,683,37,14,309523.5,0,0,0,5,0
S-0646 (27-Avril-2023)\S-0646 (27-Avril-2023) - Copie.qpl,a4ca564fa7e90800,646,ALLIED 700 LAGAUCHETIERE 12/14,2023/4/27,2023/5/10,37,43,828,39,40,333473.5,0,0,0,2,0
S-0650 (1-Mai-2023)\S-0650 (1-Mai-2023) - Copie.qpl,3a95fef397300697,650,SUN LIFE BROSSARD,2023/5/1,2023/5/16,33,49,538,47,19,145015.2,0,0,0,12,0
S-0652 (3-Mai-2023)\S-0652 (3-Mai-2023) - Copie.qpl,d9ef01c4a522a126,652,DOLORAMA GRAMBY,2023/5/3,2023/5/4,4,11,46,11,6,95305.0,0,0,0,3,0
S-0653 (8-Mai-2023)\S-0653 (8-Mai-2023) - Copie.qpl,1c05f84061fb362e,653,POINT CARDINAL,2023/5/8,2025/8/18,37,87,948,57,35,469666.6,0,0,0,0,0
S-0657 (11-Mai-2023)\S-0657 (11-Mai-2023) - Copie.qpl,4087d819b5a7afea,657,CANDIAC,2023/5/11,2023/5/25,47,477,3058,336,42,920970.9,2,0,0,1,0
S-0659 (12-Mai-2023)\S-0659 (12-Mai-2023) - Copie.qpl,a02912f6d9be02c2,659,PARKING,2023/5/12,2023/5/16,15,0,0,0,11,27850.4,1,0,0,0,0
S-0660 (15-Mai-2023)\S-0660 (15-Mai-2023) - Copie.qpl,8df3338e7798f7a8,660,GÉNÉTEC,2023/5/15,2023/5/15,11,6,18,2,4,2334.3,0,0,0,3,0
S-0665 (17-Mai-2023)\S-0665 (17-Mai-2023) - Copie.qpl,83a717c66a8bc2e8,665,PORTE DES ANCIENS MAIRE,2023/5/17,2023/6/15,24,25,179,14,25,98307.7,0,0,0,0,0
S-0666 (17-Mai-2023)\S-0666 (17-Mai-2023) - Copie.qpl,04c0b06db8f1c994,666,ITHQ REFROIDISSEUR,2023/5/17,2023/5/17,7,0,0,0,3,10036.0,0,0,0,3,0
S-0669 (24-Mai-2023) (1)\S-0669 (24-Mai-2023) - Copie.qpl,0fd26074a25dd6e6,669,ST HUBERT STE JULIE,2023/5/24,2023/12/7,120,137,1165,134,11,185903.5,2,0,0,2,0
S-0669 (24-Mai-2023)\S-0669 (24-Mai-2023) - Copie.qpl,19b09c13c7ad7231,669,ST HUBERT ST JULIE,2023/5/24,2023/5/24,0,0,0,0,0,0.0,0,0,0,0,0
S-0670 (24-Mai-2023)\S-0670 (24-Mai-2023) - Copie.qpl,50730ac102633795,670,GARDERIE BABYNOU,2023/5/24,2023/5/30,14,113,731,72,35,416909.6,0,0,0,15,0
S-0672 (29-Mai-2023)\S-0672 (29-Mai-2023) - Copie.qpl,02f19b83ccae56da,672,AMBULANCE DEMERS,2023/5/29,2023/5/30,4,12,74,11,9,27952.0,0,0,0,7,0
S-0675 (31-Mai-2023)\S-0675 (31-Mai-2023) - Copie.qpl,a4b7c981168ddd5e,675,CAMPUS RYAN,2023/5/31,2023/6/6,38,245,875,182,28,206821.6,0,0,0,0,0
S-0680 (2-Juin-2023)\S-0680 (2-Juin-2023) - Copie.qpl,7364ba2fa6e13b2e,680,COCORDIA CL ETAGE 2,2023/6/2,2023/6/12,11,37,379,36,8,152802.0,0,0,0,0,0
S-0682 (5-Juin-2023)\S-0682 (5-Juin-2023) - Copie.qpl,a6e47581fe08b68b,682,ACT BROSSARD,2023/6/5,2023/7/11,12,57,592,57,18,116137.7,1,0,0,6,0
S-0684 (6-Juin-2023) (1)\S-0684 (6-Juin-2023) - Copie.qpl,4077250a708675a2,684,GARDERIE VERCHERE,2023/6/6,2023/6/12,21,113,645,77,14,190131.1,3,0,0,3,0
S-0684 (6-Juin-2023)\S-0684 (6-Juin-2023) - Copie.qpl,b18117bf7d05557f,684,GARDERIE VERCHERE,2023/6/6,2023/6/6,0,0,0,0,0,0.0,0,0,0,0,0
S-0692 (9-Juin-2023)\S-0692 (9-Juin-2023) - Copie.qpl,48a4bbefdaabbcd6,692,SONY PICTURE,2023/6/9,2023/6/27,13,10,131,10,9,30318.0,0,0,0,6,0
S-0696 (14-Juin-2023)\S-0696 (14-Juin-2023) - Copie.qpl,95a228fabaaeb838,696,EXCELDOR REFR,2023/6/14,2023/7/4,65,0,0,0,6,19291.0,0,0,0,0,0
S-0697 (15-Juin-2023)\S-0697 (15-Juin-2023) - Copie.qpl,2f30704a390e615f,697,HOPITAL PIERRE BOUCHER,2023/6/15,2023/7/4,23,27,636,27,14,201618.5,1,0,0,0,0
S-0702 (19-Juin-2023)\S-0702 (19-Juin-2023) - Copie.qpl,f7d641185a18be7d,702,CISSSS MC,2023/6/19,2023/7/13,63,79,675,52,29,203846.2,0,0,0,0,0
S-0705 (21-Juin-2023)\S-0705 (21-Juin-2023) - Copie.qpl,70aad0629f878659,705,VIVA CITE VALLEYFIELD,2023/6/21,2023/9/7,135,1582,7044,1201,96,1656645.7,1,1,0,0,0
S-0716 (28-Juin-2023)\S-0716 (28-Juin-2023) - Copie.qpl,f044551417be4d2b,716,LOBBY 1100 ROBERT BOURASSA,2023/6/28,2023/6/28,12,4,98,4,1,2440.0,0,0,0,0,0
S-0719 (28-Juin-2023)\S-0719 (28-Juin-2023) - Copie.qpl,40a2409fd441398a,719,BULK BARN REPENTIGNY,2023/6/28,2023/6/28,6,0,0,0,0,0.0,0,0,0,0,0
S-0720 (28-Juin-2023)\S-0720 (28-Juin-2023) - Copie.qpl,2462cd44382d331c,720,POSTE CANADA MAGOG,2023/6/28,2023/6/29,28,58,357,58,22,200220.9,0,0,0,16,0
S-0722 (14-Juillet-2023)\S-0722 (14-Juillet-2023) - Copie.qpl,3a53c73087317a28,722,ALARME ALEXIS NIHON,2023/7/14,2026/4/17,313,284,10433,91,266,5674100.2,84,0,0,0,0
S-0722 TQC (7-Janvier-2026)\S-0722 TQC (7-Janvier-2026).qpl,1790825f7d8c258d,722,,2026/1/7,2026/3/15,8,75,2842,41,0,0.0,0,0,0,0,0
S-0723 (6-Juillet-2023)\S-0723 (6-Juillet-2023) - Copie.qpl,4fb6027d26b5c142,723,DELSON PROJET BLOOM,2023/7/6,2023/8/30,89,437,23895,117,63,1539840.3,2,0,0,6,0
S-0726 (5-Juillet-2023)\S-0726 (5-Juillet-2023) - Copie.qpl,ce1b79d51c9298bb,726,ATLAS AMUSEMENT,2023/7/5,2023/11/14,9,12,95,12,8,99603.4,0,0,0,3,0
S-0728 (12-Juillet-2023)\S-0728 (12-Juillet-2023) - Copie.qpl,6e4e356f985548f4,728,PATINOIRE DORVAL,2023/7/12,2024/10/29,50,100,563,97,62,297472.9,1,0,0,13,0
S-0733 (14-Juillet-2023)\S-0733 (14-Juillet-2023) - Copie.qpl,cca530f89064408d,733,BORNE RECHARGE LAVAL AUTOBUS,2023/7/14,2023/7/20,36,5,44,5,12,145719.1,0,0,0,0,0
S-0742 (20-Juillet-2023)\S-0742 (20-Juillet-2023) - Copie.qpl,35ae72d155298a63,742,FAC ST-HYACINTHE,2023/7/20,2024/1/19,16,37,455,36,12,44753.2,0,0,0,10,0
S-0743 (7-Août-2023)\S-0743 (7-Août-2023) - Copie.qpl,afe50d1273980afc,743,CIBOIRE NOTRE DAME,2023/8/7,2024/2/15,61,36,232,32,13,143158.7,0,0,0,6,0
S-0746 (8-Août-2023)\S-0746 (8-Août-2023) - Copie.qpl,b4822666b6357581,746,,2023/8/8,2024/2/22,19,11,32,11,6,25436.0,1,0,0,0,0
S-0758 (25-Août-2023)\S-0758 (25-Août-2023) - Copie.qpl,e13be6f3625b89ff,758,MARCHER CENTRAL,2023/8/25,2023/9/12,41,55,1117,41,7,58762.8,0,0,0,0,0
S-0763 (24-Août-2023)\S-0763 (24-Août-2023) - Copie.qpl,92faa48749523b1a,763,WINNER DIX30,2023/8/24,2023/9/13,48,39,629,39,15,112758.9,0,0,0,3,0
S-0772 (5-Septembre-2023)\S-0772 (5-Septembre-2023) - Copie.qpl,db0878012e6310a8,772,CINEMA DIX30,2023/9/5,2023/9/20,27,179,3821,82,44,315048.6,2,0,0,1,0
S-0781 (14-Septembre-2023)\S-0781 (14-Septembre-2023) - Copie.qpl,ecc38bc81e52753f,781,INTACT ASSURANCEA 14 ETAGE 2020 ROBERT BOURASSA,2023/9/14,2023/9/15,12,23,638,23,0,0.0,0,0,0,0,0
S-0783 (14-Septembre-2023)\S-0783 (14-Septembre-2023) - Copie.qpl,6f5effebffee077e,783,CAIN LAMARRE,2023/9/14,2023/10/2,24,114,2558,113,36,362964.6,0,0,0,0,0
S-0804 (29-Septembre-2023)\S-0804 (29-Septembre-2023) - Copie.qpl,704089d021191d55,804,PROVIDENCE ST -DOMINIQUE ALARME INCENDIE,2023/9/29,2023/10/2,17,63,856,13,13,442235.0,0,0,0,0,0
S-0830 David Yurman (24-Octobre-2023)\S-0830 David Yurman (24-Octobre-2023) - Copie.qpl,75bfe808f750401b,830,,2023/10/24,2023/11/7,5,50,494,50,7,67005.1,1,9,0,0,0
S-0835 (30-Octobre-2023)\S-0835 (30-Octobre-2023) - Copie.qpl,ef1ec734af860fe4,835,DIVEX,2023/10/30,2023/11/7,27,93,1035,64,53,280168.1,0,14,0,28,0
S-0838 (30-Octobre-2023)\S-0838 (30-Octobre-2023) - Copie.qpl,e57ef112e386c819,838,1100 ROBERT BOURASSA,2023/10/30,2023/10/30,12,0,0,0,0,0.0,0,0,0,0,0
S-0869 (28-Novembre-2023)\S-0869 (28-Novembre-2023) - Copie.qpl,be89c26dfb5c42be,869,GARAGE MUNICIPAL CANDIAC,2023/11/28,2024/2/12,55,193,1625,135,71,634555.9,0,0,0,0,0
S-0871 (1-Décembre-2023)\S-0871 (1-Décembre-2023) - Copie.qpl,75064a50d4f9e552,871,HITACHI,2023/12/1,2023/12/8,49,31,386,28,9,40890.0,2,0,0,2,0
S-0894 (8-Janvier-2024) (1)\S-0894 (8-Janvier-2024) - Copie.qpl,27cdfdd9dd85a00e,894,ARÉNA ST CÉSAIRE,2024/1/8,2024/2/5,21,98,722,89,48,324394.2,0,0,0,28,0
S-0894 (8-Janvier-2024)\S-0894 (8-Janvier-2024) - Copie.qpl,5ff74dbeebe697aa,894,REFLECTION CENTRE SPORTIF CJL,2024/1/8,2024/1/8,0,0,0,0,0,0.0,0,0,0,0,0
S-0896 (9-Janvier-2024)\S-0896 (9-Janvier-2024) - Copie.qpl,15b2a760b0e2f029,896,ANIMALERIE PELUCHE DIX30,2024/1/9,2024/1/18,60,7,44,7,8,10158.5,0,0,0,8,0
S-0898 (9-Janvier-2024)\S-0898 (9-Janvier-2024) - Copie.qpl,bf74c23c3e4c9617,898,LUMEN SOFT WARE,2024/1/9,2024/1/25,5,13,154,13,0,0.0,0,0,0,0,0
S-0918 (26-Janvier-2024)\S-0918 (26-Janvier-2024) - Copie.qpl,d573d0c2cd4e141c,918,HABITATION `DOUBLE V  STE JULIE,2024/1/26,2024/2/12,76,425,1861,352,34,236832.1,10,0,0,0,0
S-0920 (30-Janvier-2024)\S-0920 (30-Janvier-2024) - Copie.qpl,a5382bbda1b522fe,920,PLACE ALEXIS NIHON TOUR 1 ET 2 TRAVAUX CONNEXES,2024/1/30,2024/2/1,26,14,115,7,12,36103.3,0,0,0,6,0
S-0922 (31-Janvier-2024)\S-0922 (31-Janvier-2024) - Copie.qpl,8138f88cfe5d3f3b,922,NIKE DIX30,2024/1/31,2024/4/30,32,30,668,30,29,155982.6,0,0,0,9,0
S-0922 (31-Janvier-2024)\S-0922 (31-Janvier-2024).qpl,c6d0d23b5c65cafc,922,NIKE DIX30,2024/1/31,2026/1/15,33,30,668,30,29,155982.6,2,0,0,9,0
S-0933 (6-Février-2024)\S-0933 (6-Février-2024) - Copie.qpl,4d6bc852ea8bfde9,933,NIKE ROYALMOUNT,2024/2/6,2024/2/19,10,45,961,31,21,352871.2,0,0,0,0,0
S-0934 (8-Février-2024)\S-0934 (8-Février-2024) - Copie.qpl,d14a02da0c87b2aa,934,1130 SHERBROOKE O CORRIDOR,2024/2/8,2024/2/9,3,5,16,5,2,2560.0,0,0,0,0,0
S-0943 (9-Février-2024)\S-0943 (9-Février-2024) - Copie.qpl,d2b20ba9d49adc73,943,RHEINMÉTAL ST JEAN SUR RICHELIEU,2024/2/9,2024/2/19,28,66,1961,40,37,181342.5,0,0,0,10,0
S-0948 (14-Février-2024)\S-0948 (14-Février-2024) - Copie.qpl,96599d6972558642,948,HITACHI EXTERIEUR,2024/2/14,2024/2/28,23,7,22,7,15,30809.9,0,0,0,0,0
S-0954 (20-Février-2024)\S-0954 (20-Février-2024) - Copie.qpl,c321d07236613988,954,MAISON JEAN LAPOINTE,2024/2/20,2024/3/5,45,197,4223,81,27,463305.1,0,0,0,6,0
S-0955 (21-Février-2024)\S-0955 (21-Février-2024) - Copie.qpl,f27c72dbbff29eba,955,LOUIS VUITTON,2024/2/21,2024/2/22,9,55,1050,55,18,437386.4,0,0,0,4,0
S-0957 (22-Février-2024)\S-0957 (22-Février-2024) - Copie.qpl,b4bfde782128f063,957,SOFTITEL MTL,2024/2/22,2024/4/23,64,149,1689,116,99,482369.1,0,0,0,9,0
S-0977 (5-Mars-2024)\S-0977 (5-Mars-2024) - Copie.qpl,14dc6a9638de2b7b,977,ALLIED 700 DLG NIV B PH2,2024/3/5,2024/6/6,50,52,693,51,20,189648.8,0,0,0,4,0
S-0979 (6-Mars-2024)\S-0979 (6-Mars-2024) - Copie.qpl,d18d449caf30a1a3,979,ECOLE JACQUES OUELLETTE,2024/3/6,2024/3/7,14,17,99,15,4,14554.9,0,0,0,0,0
S-0982 (11-Mars-2024)\S-0982 (11-Mars-2024) - Copie.qpl,a404859992181079,982,ANCIEN HOTEL VILLE VILLE LASALLE,2024/3/11,2024/3/14,94,148,825,110,38,146988.4,0,0,0,7,0
S-0989 (14-Mars-2024)\S-0989 (14-Mars-2024) - Copie.qpl,078a8f403c247465,989,BUREAU ENTREPOT PACAGING,2024/3/14,2024/3/18,6,21,371,21,5,19245.0,0,0,0,0,0
S-0990 (15-Mars-2024)\S-0990 (15-Mars-2024) - Copie.qpl,3d7009b426c77169,990,SYCOMAX,2024/3/15,2024/3/25,34,14,188,11,58,324892.7,0,0,0,0,0
S-0DAN (16-Février-2024)\S-0DAN (16-Février-2024) - Copie.qpl,43845013d27926c9,,DAN,2024/2/16,2024/2/16,0,0,0,0,0,0.0,0,0,0,0,0
S-1 BR (7-Août-2025)\S-1 BR (7-Août-2025) - Copie.qpl,818add09963d0392,,CPE,2025/8/7,2025/8/7,0,0,0,0,0,0.0,0,0,0,0,0
S-1008 (22-Mars-2024)\S-1008 (22-Mars-2024) - Copie.qpl,647f738415ec7863,1008,RESIDENCE CASCADE,2024/3/22,2024/5/1,48,11,17,11,41,28272.1,0,0,0,0,0
S-1012 (6-Septembre-2024)\S-1012 (6-Septembre-2024) - Copie.qpl,acda525a8ea28434,1012,COLOGIX GÉNÉRATRICE TEMPORAIRE,2024/9/6,2024/9/6,7,0,0,0,0,0.0,0,0,0,0,0
S-1017 (27-Mars-2024)\S-1017 (27-Mars-2024) - Copie.qpl,fa7ad2023c342b4e,1017,ENTREPOT CORBEIL LAVAL,2024/3/27,2024/4/5,71,102,1143,61,27,376670.1,0,0,0,1,0
S-1035 (10-Avril-2024)\S-1035 (10-Avril-2024) - Copie.qpl,3d2bfaa48634275f,1035,WEST ISLAND MISSION,2024/4/10,2024/4/16,15,6,69,6,7,26572.5,0,0,0,0,0
S-1049 (9-Juillet-2025)\S-1049 (9-Juillet-2025) - Copie.qpl,31078fde5e19821b,1049,GÉNÉRATRICE SERGE,2025/7/9,2025/7/9,2,0,0,0,1,1033.8,0,0,0,0,0
S-1053 (16-Avril-2024)\S-1053 (16-Avril-2024) - Copie.qpl,8337c6d77dc18ae4,1053,GATX RAIL CANADA,2024/4/16,2024/5/21,8,8,28,8,9,23122.0,0,0,0,0,0
S-1077 (24-Avril-2024)\S-1077 (24-Avril-2024) - Copie.qpl,3274b7b3c64f8b7a,1077,VIVAC,2024/4/24,2024/4/25,2,1,6,1,5,20838.1,0,0,0,0,0
S-1085 (30-Avril-2024)\S-1085 (30-Avril-2024) - Copie.qpl,3badd3532f56a80a,1085,HALEON CLOTURE 25 KV,2024/4/30,2025/8/25,12,0,0,0,0,0.0,0,0,0,0,0
S-1086 (1-Mai-2024)\S-1086 (1-Mai-2024) - Copie.qpl,cbfd5a1930682110,1086,KAHNWAKE,2024/5/1,2026/2/18,448,756,9047,476,328,3446330.7,7,0,0,0,0
S-1123 (21-Mai-2024)\S-1123 (21-Mai-2024) - Copie.qpl,5ade3da469e66643,1123,ACCESSIBLE MÉDIA,2024/5/21,2024/5/21,11,12,111,12,5,19087.0,0,0,0,2,0
S-1124 (4-Septembre-2024)\S-1124 (4-Septembre-2024) - Copie.qpl,e6f0b5f8d66bf977,1124,LOKALIA STE JULIE DJ4 ETDJ1,2024/9/4,2024/9/5,143,0,0,0,4,5643.8,0,0,0,0,0
S-1124 - Lokalia Ste-Julie DJ1 et DJ4\S-1124 Lokalia Ste-Julie DJ1 et DJ4 (21-Mai-2024).qpl,90df012b1770e7bd,1124,,2024/5/21,2024/7/10,38,250,7052,53,0,0.0,28,128,0,0,0
S-1126 (28-Mai-2024)\S-1126 (28-Mai-2024) - Copie.qpl,6f495088cda72f0c,1126,PISCINE PARK CHAMPLAIN,2024/5/28,2024/6/17,15,71,392,69,21,191491.6,2,0,0,0,0
S-1131 (24-Mai-2024)\S-1131 (24-Mai-2024) - Copie.qpl,c48ae515e20b0288,1131,PHARMACEUTIQUE ROCHE LAVAL,2024/5/24,2024/6/5,30,105,1569,57,9,199196.8,0,0,0,0,0
S-1137 (29-Mai-2024)\S-1137 (29-Mai-2024) - Copie.qpl,fc3e59f5cb108bff,1137,UMQ 2020 ROBERT BOURASSA,2024/5/29,2024/6/13,15,2,15,2,0,0.0,0,0,0,0,0
S-1164 (25-Juin-2024)\S-1164 (25-Juin-2024) - Copie.qpl,e599cce07b9db92c,1164,SEPHORA DIX 30,2024/6/25,2024/6/26,8,39,323,24,11,160764.7,0,0,0,4,0
S-1166 (27-Juin-2024)\S-1166 (27-Juin-2024) - Copie.qpl,730db02ee1315e3f,1166,HANGAR ROY,2024/6/27,2025/4/23,21,25,116,16,0,0.0,1,0,0,0,0
S-1178 (17-Juillet-2024)\S-1178 (17-Juillet-2024) - Copie.qpl,656d648a4265b8a5,1178,CONCESSIONNAIRE HOLAND,2024/7/17,2024/7/17,3,0,0,0,0,0.0,0,0,0,0,0
S-1185 (7-Août-2024)\S-1185 (7-Août-2024) - Copie.qpl,1dfe57f102727363,1185,MAISON VENTILATION,2024/8/7,2024/8/7,6,13,104,7,0,0.0,0,0,0,0,0
S-1192 (13-Août-2024)\S-1192 (13-Août-2024) - Copie.qpl,b7048246e1524316,1192,GENERATRICE ST PHILIPPE,2024/8/13,2024/8/15,8,0,0,0,8,12513.3,0,0,0,0,0
S-1197 (15-Août-2024)\S-1197 (15-Août-2024) - Copie.qpl,b0e388d9171072ac,1197,GOLF VALLÉE RICHELIEU,2024/8/15,2024/8/16,21,18,266,18,1,1514.0,0,0,0,0,0
S-1204 (26-Août-2024)\S-1204 (26-Août-2024) - Copie.qpl,54dba9a492551e6d,1204,GÉNÉRATRICE CLIMATISATION FORTIER,2024/8/26,2024/8/26,0,0,0,0,0,0.0,0,0,0,0,0
S-1205 (26-Août-2024)\S-1205 (26-Août-2024) - Copie.qpl,ef065e21cc88e2bf,1205,BORNE MC MASTER,2024/8/26,2024/8/26,12,0,0,0,0,0.0,0,0,0,0,0
S-1206 (3-Septembre-2024)\S-1206 (3-Septembre-2024) - Copie.qpl,e046853d140ce085,1206,AGRANDISSEMENT SPDF,2024/9/3,2024/9/11,26,10,52,10,3,14524.7,0,0,0,0,0
S-1207 (3-Septembre-2024)\S-1207 (3-Septembre-2024) - Copie.qpl,7810c31455c9650d,1207,GOSSELIN STE-CATHERINE,2024/9/3,2024/9/3,13,0,0,0,0,0.0,0,0,0,0,0
S-1214 (11-Septembre-2024)\S-1214 (11-Septembre-2024) - Copie.qpl,e6eeb4c12b03c338,1214,HALL 2000 MC GILL COLLEGE,2024/9/11,2024/10/16,96,14,160,14,18,97315.8,0,0,0,0,0
S-1216 (16-Septembre-2024)\S-1216 (16-Septembre-2024) - Copie.qpl,559423f48fac808c,1216,TERMINUS DORVAL,2024/9/16,2024/9/16,41,0,0,0,0,0.0,0,0,0,0,0
S-1262 (24-Octobre-2024)\S-1262 (24-Octobre-2024) - Copie.qpl,ecf5f6cb151ade74,1262,D-BOX LONGUEUIL,2024/10/24,2025/1/15,108,30,255,29,7,39622.0,0,0,0,0,0
S-1265 (4-Novembre-2024)\S-1265 (4-Novembre-2024) - Copie.qpl,b278e40ed1646001,1265,AYMING 20E 2020 RB,2024/11/4,2024/11/8,35,15,100,15,4,16579.4,0,0,0,0,0
S-1279 (19-Novembre-2024)\S-1279 (19-Novembre-2024) - Copie.qpl,59d60f75624952ee,1279,BUDGET SIP,2024/11/19,2024/11/26,25,75,585,65,21,238350.8,1,0,0,0,0
S-1286 (27-Novembre-2024)\S-1286 (27-Novembre-2024) - Copie.qpl,43a6c2db293384e1,1286,FOIRE ALIMENTAIRE ALEXIS NIHON,2024/11/27,2025/3/10,32,58,569,57,24,254530.2,0,0,0,3,0
S-1292 (2-Décembre-2024)\S-1292 (2-Décembre-2024) - Copie.qpl,75b7637ebb809abb,1292,AÉROPORT DORVAL ABRI MÉGADOME LAMPADAIRE,2024/12/2,2024/12/3,7,10,73,10,11,146103.8,0,0,0,0,0
S-1294 (10-Décembre-2024)\S-1294 (10-Décembre-2024) - Copie.qpl,52a4c54c2a41944e,1294,POINT CARDINAL ST AMABLE REV,2024/12/10,2025/1/14,28,335,2105,281,36,442021.2,1,0,0,3,0
S-1317 (16-Janvier-2025)\S-1317 (16-Janvier-2025) - Copie.qpl,a0d18fa4d9be6e39,1317,LOKALIA SF6 CHATAUGAY,2025/1/16,2025/5/1,118,473,4672,86,48,730102.9,0,0,0,0,0
S-1317 REV1 (2-Mai-2025)\S-1317 REV1 (2-Mai-2025) - Copie.qpl,69da8ab50c118fc6,1317,,2025/5/2,2025/5/14,66,591,5162,72,10,275054.6,0,0,0,0,0
S-1337 (29-Janvier-2025)\S-1337 (29-Janvier-2025) - Copie.qpl,cef6722d63278201,1337,TISSEUR PLACE DE LA SAVANE,2025/1/29,2025/1/29,25,4,12,4,2,6087.9,0,0,0,0,0
S-1338 (29-Janvier-2025)\S-1338 (29-Janvier-2025) - Copie.qpl,1bb6a2c7bb598cb9,1338,700 LAGAUCHETIERE,2025/1/29,2025/11/25,70,190,2038,136,41,700428.9,0,1,0,6,0
S-1338 (29-Janvier-2025)\S-1338 (29-Janvier-2025).qpl,d62f65fee9ddce5e,1338,700 LAGAUCHETIERE,2025/1/29,2025/2/24,70,190,2038,136,41,700428.9,0,1,0,6,0
S-1354 (26-Février-2025)\S-1354 (26-Février-2025) - Copie.qpl,fb8389ebe36b6169,1354,HOTEL GRAMBY,2025/2/26,2025/3/24,55,278,1532,213,59,577568.8,0,0,0,7,0
S-1355 (12-Février-2025)\S-1355 (12-Février-2025) - Copie.qpl,1f2c9c39934c0899,1355,CENTROPOLIS,2025/2/12,2025/2/12,4,1,3,1,3,22158.0,0,0,0,0,0
S-1386 (18-Mars-2025)\S-1386 (18-Mars-2025) - Copie.qpl,e76bed0c53556a18,1386,PLACE INOVATION ALARME INCENDIE,2025/3/18,2025/4/7,112,559,6467,78,23,172918.6,0,0,0,0,0
S-1387 - L'Oréal Budget SIP\S-1387 L'Oréal Budget SIP (18-Mars-2025)\S-1387 L'Oréal Budget SIP (18-Mars-2025).qpl,84fc29101e3f18d0,1387,,2025/3/18,2025/11/12,31,159,617,124,8,37019.1,0,70,57,0,0
S-1390 (6-Mai-2025)\S-1390 (6-Mai-2025) - Copie.qpl,71f80302989d3664,1390,BDC BOUCHERVILLE,2025/5/6,2025/7/16,73,96,1152,96,13,18488.0,0,0,0,0,0
S-1390 (6-Mai-2025)\S-1390 (6-Mai-2025).qpl,8102aa506f46621f,1390,BDC BOUCHERVILLE,2025/5/6,2025/10/30,73,96,1152,96,13,18488.0,0,0,0,0,0
S-1396 (25-Mars-2025)\S-1396 (25-Mars-2025) - Copie.qpl,e630c52c7a3f03ac,1396,RIETMANS DIX 30,2025/3/25,2025/3/28,13,37,339,37,13,146440.8,0,0,0,1,0
S-1401 (2-Avril-2025)\S-1401 (2-Avril-2025) - Copie.qpl,cd18702bf5030a60,1401,SALON EXÉCUTIF DIX 30,2025/4/2,2025/6/12,84,69,625,66,40,209412.3,0,0,0,0,0
S-1405 (4-Avril-2025)\S-1405 (4-Avril-2025) - Copie.qpl,9d3791e4e9235719,1405,CLINIQUE O IDS 2 PL DU COMMERCE,2025/4/4,2026/2/16,24,143,769,69,34,229784.2,4,0,0,0,0
S-1405 (4-Avril-2025)\S-1405 (4-Avril-2025).qpl,8f49e1e5cf817d5f,1405,CLINIQUE O IDS 2 PL DU COMMERCE,2025/4/4,2025/6/26,21,111,578,46,32,224189.5,4,0,0,0,0
S-1406 (4-Avril-2025)\S-1406 (4-Avril-2025) - Copie.qpl,551a24fa22a619e5,1406,CARREFOUR LAURIER MC MASTERVILLE,2025/4/4,2025/4/14,14,231,1107,144,38,360222.9,0,0,0,0,0
S-1416 (15-Avril-2025)\S-1416 (15-Avril-2025) - Copie.qpl,50687f35be50907e,1416,INDIGO QUARTIER DIX 30,2025/4/15,2025/5/6,61,8,30,7,9,55519.0,0,0,0,0,0
S-1421 (22-Avril-2025)\S-1421 (22-Avril-2025) - Copie.qpl,524642683ebceb64,1421,HITACHI VARENNES CASERNE INFIRMERIE,2025/4/22,2025/4/22,21,0,0,0,0,0.0,0,0,0,0,0
S-1422 (22-Avril-2025)\S-1422 (22-Avril-2025) - Copie.qpl,3d45897dfa73672e,1422,INDIGO DIX 30 AMÉNAGEMENT,2025/4/22,2025/4/29,49,13,102,13,0,0.0,0,0,0,0,0
S-1427 (28-Avril-2025)\S-1427 (28-Avril-2025) - Copie.qpl,82a108e0468e97b8,1427,SANIMAX ST-HYACINTHE,2025/4/28,2025/5/14,36,22,221,21,3,16836.0,0,0,0,1,0
S-1429 (29-Avril-2025)\S-1429 (29-Avril-2025) - Copie.qpl,ee240a8450bb5667,1429,AMÉNAGEMENT CONCEPT CDEGP,2025/4/29,2025/5/12,41,100,2186,68,33,301890.7,2,0,0,13,0
S-1433 (1-Mai-2025)\S-1433 (1-Mai-2025) - Copie.qpl,f3af0242b59ccccc,1433,AMÉNAGEMENT BUREAU ELIXAIR,2025/5/1,2025/5/7,9,14,166,14,6,53332.0,0,0,0,0,0
S-1438 (6-Mai-2025)\S-1438 (6-Mai-2025) - Copie.qpl,ac397d421a543f58,1438,ESPACE SANTÉ IDS,2025/5/6,2025/5/6,3,0,0,0,0,0.0,1,0,0,0,0
S-1445 (12-Mai-2025)\S-1445 (12-Mai-2025) - Copie.qpl,0b4f7fdfc5fce93d,1445,CHARLEMAGNE HOTEL VILLE / BIBLIOTHEQUE,2025/5/12,2025/5/12,21,84,841,49,4,15452.8,0,0,0,0,0
S-1448 (16-Mai-2025)\S-1448 (16-Mai-2025) - Copie.qpl,f18d98a25821ba6b,1448,BORNE VILLE VARENNE,2025/5/16,2025/6/6,10,9,12,5,14,6256.9,0,0,0,0,0
S-1449 (20-Mai-2025)\S-1449 (20-Mai-2025) - Copie.qpl,8619c808f5155e40,1449,ÉPIC MACHINERIE,2025/5/20,2025/6/17,37,102,1403,64,46,317475.9,0,0,0,1,0
S-1451 (23-Mai-2025)\S-1451 (23-Mai-2025) - Copie.qpl,641375ff75cc7308,1451,ESPACE SANTÉ IDS,2025/5/23,2025/5/26,13,11,528,11,2,16958.0,0,0,0,1,0
S-1454 (27-Mai-2025)\S-1454 (27-Mai-2025) - Copie.qpl,a9032432c8eee1af,1454,OFFICE HABITATION LONGUEUIL OHL,2025/5/27,2025/5/27,9,3,109,3,0,0.0,0,0,0,0,0
S-1457 (28-Mai-2025)\S-1457 (28-Mai-2025) - Copie.qpl,7af5e102dd2ab431,1457,CAMÉRA AÉROPORT BELOEIL,2025/5/28,2025/6/3,4,0,0,0,3,6539.9,0,0,0,0,0
S-1466 (10-Juin-2025)\S-1466 (10-Juin-2025) - Copie.qpl,5aa7a810fedc0ded,1466,PUTRISION ST-BRUNO,2025/6/10,2025/6/11,5,30,161,30,1,2523.0,0,0,0,0,0
S-1469 (12-Juin-2025)\S-1469 (12-Juin-2025) - Copie.qpl,1c619497dd555cf5,1469,CONSTRUCTION 3P,2025/6/12,2025/6/17,22,103,1244,69,22,183579.2,0,0,0,0,0
S-1470 (16-Juin-2025)\S-1470 (16-Juin-2025) - Copie.qpl,030b4782bd2cde3d,1470,UMQ LOCAL 210  2020 ROBERT BOURASSA,2025/6/16,2025/6/17,25,10,40,10,0,0.0,5,0,0,0,0
S-1471 (16-Juin-2025)\S-1471 (16-Juin-2025) - Copie.qpl,337307a93a168135,1471,LOKALIA SL1 BEAUHARNOIS,2025/6/16,2025/6/18,28,241,1769,161,0,0.0,0,0,0,0,0
S-1472 (16-Juin-2025)\S-1472 (16-Juin-2025) - Copie.qpl,8d4fffac04de6572,1472,ECLAIRAGE SOLAIRE OUTREMONT,2025/6/16,2025/6/16,9,0,0,0,0,0.0,0,0,0,0,0
S-1474 (18-Juin-2025)\S-1474 (18-Juin-2025).qpl,3617f2e69cc272db,1474,TECNAR AGRANDISSEMENT,2025/6/18,2026/3/31,108,44,343,44,44,146855.7,1,0,0,2,0
S-1475 (18-Juin-2025)\S-1475 (18-Juin-2025) - Copie.qpl,e83c4ebdfd094b5d,1475,WATERHOUSE ST LAMBERT,2025/6/18,2025/8/4,42,396,2404,280,128,1418106.2,4,0,0,1,0
S-1476 (18-Juin-2025)\S-1476 (18-Juin-2025) - Copie.qpl,f807d821c4d28ea2,1476,CLORIA TROIS RIVIERE PLEX 2,2025/6/18,2025/7/9,35,230,807,168,28,202164.8,0,4,0,0,0
S-1477 (23-Juin-2025)\S-1477 (23-Juin-2025) - Copie.qpl,405ed759de564cfe,1477,KEURIG PH2 RDC,2025/6/23,2025/7/4,55,70,581,62,23,249818.2,0,0,0,9,0
S-1479 (27-Juin-2025)\S-1479 (27-Juin-2025) - Copie.qpl,80dada27d7531fe5,1479,MISE A LA TERRE FAIRWAY,2025/6/27,2025/6/27,14,0,0,0,0,0.0,0,0,0,0,0
S-1480 (1-Juillet-2025)\S-1480 (1-Juillet-2025) - Copie.qpl,dd2af240b358e1c8,1480,ECLAIRAGE RUE MCMASTERVILLE,2025/7/1,2025/8/4,4,0,0,0,0,0.0,0,0,0,0,0
S-1481 (4-Juillet-2025)\S-1481 (4-Juillet-2025) - Copie.qpl,e04f6c1e2e9cce8a,1481,SANTA CABRINI TOUR 25KV,2025/7/4,2025/8/22,4,1,28,1,7,23028.8,3,0,0,0,0
S-1482 (8-Juillet-2025)\S-1482 (8-Juillet-2025) - Copie.qpl,5d3640e32ddad259,1482,HITACHI INTENTION DESIGN BUREAU,2025/7/8,2025/7/9,11,10,93,10,3,3143.9,0,0,0,2,0
S-1482 (8-Juillet-2025)\S-1482 (8-Juillet-2025).qpl,3e3f31b570013f38,1482,HITACHI INTENTION DESIGN BUREAU,2025/7/8,2026/2/2,61,37,260,37,10,15645.2,0,0,0,2,0
S-1484 (11-Juillet-2025)\Nouveau dossier\S-1484 (11-Juillet-2025) - Copie.qpl,9d413d44ab16d50a,1484,LOKALIA DJ3 ST JULIE,2025/7/11,2025/8/26,42,347,5488,56,17,71211.3,0,0,0,1,0
S-1484 (11-Juillet-2025)\S-1484 (11-Juillet-2025).qpl,9a70bd02be0b2848,1484,LOKALIA DJ3 ST JULIE,2025/7/11,2026/1/30,42,348,5492,56,17,71211.3,2,0,0,1,0
S-1493 (17-Juillet-2025)\S-1493 (17-Juillet-2025) - Copie.qpl,f2325a1316fbe30b,1493,5285 DÉCARIE,2025/7/17,2025/8/11,39,0,0,0,2,58253.3,2,0,0,0,0
S-1495 (18-Juillet-2025)\S-1495 (18-Juillet-2025) - Copie.qpl,a418af388b9521d5,1495,LE 19 DELSON,2025/7/18,2025/8/4,39,14,74,10,1,10177.1,0,0,0,0,0
S-1499 (4-Août-2025)\S-1499 (4-Août-2025) - Copie.qpl,cf7bf1ae121ec7e5,1499,BOSSA DIX-30,2025/8/4,2025/8/15,12,2,38,2,7,6871.5,0,0,0,0,0
S-1500 (4-Août-2025)\S-1500 (4-Août-2025) - Copie.qpl,85f6ebd4e1f3bc51,1500,995 WILLINGTON,2025/8/4,2025/8/5,3,5,17,5,5,26182.5,1,0,0,0,0
S-1500 BR CPE (7-Août-2025)\S-1500 BR CPE (7-Août-2025) - Copie.qpl,9bdaacb5104736f7,1500,CPE,2025/8/7,2025/8/12,17,141,678,88,17,47010.6,2,0,0,0,0
S-1510 (8-Août-2025)\S-1510 (8-Août-2025) - Copie.qpl,989bab1189060d9b,1510,ETUDE LAHAIE,2025/8/8,2025/8/11,16,12,72,12,5,21793.2,0,0,0,0,0
S-1512 (8-Août-2025)\S-1512 (8-Août-2025) - Copie.qpl,66f3869c0b0ba5bb,1512,CENTRE EATON ASCENSEUR,2025/8/8,2025/8/12,11,11,18,9,4,13119.7,0,0,0,1,0
S-1523 (19-Août-2025)\S-1523 (19-Août-2025) - Copie.qpl,80800d3c4df000bb,1523,ÉNERGIR 2 ÉTAGE,2025/8/19,2025/8/26,12,43,630,43,20,139211.8,0,0,0,0,0
S-1524 (19-Août-2025)\S-1524 (19-Août-2025) - Copie.qpl,3f95db1d02657e23,1524,ENTRÉE 25KV AGROPUR ST-LAURENT,2025/8/19,2025/8/22,1,0,0,0,1,14274.7,0,0,0,0,0
S-1525 (20-Août-2025)\S-1525 (20-Août-2025) - Copie.qpl,a52b239dc20c41aa,1525,CONDO 3601 ILES DES SOEUR,2025/8/20,2025/8/20,9,5,8,4,0,0.0,0,0,0,0,0
S-1541 Square Dix 30 (28-Janvier-2026)\S-1541 Square Dix 30 (28-Janvier-2026).qpl,251613755cdcfabe,1541,,2026/1/28,2026/2/8,189,16,161,11,19,93693.3,0,0,0,0,0
S-1558-1BR (17-Octobre-2025)\S-1558-1BR (17-Octobre-2025).qpl,dc69f86e5826de89,1558,54 LOGEMENT ST-HYACINTHE,2025/10/17,2025/12/18,85,14,414,8,7,42616.2,0,0,0,0,0
S-1559-1BR (17-Octobre-2025)\S-1559-1BR (17-Octobre-2025).qpl,f257f63616e76272,1559,AVENUE DES CÉPAGES LAPRAIRIE,2025/10/17,2025/10/27,64,85,607,45,10,73514.6,1,0,0,0,0
S-1568-1 BR (17-Octobre-2025)\S-1568-1 BR (17-Octobre-2025).qpl,e3ea4d1470027b85,1568,MAISON JUMELÉE LAPRAIRIE,2025/10/17,2025/10/19,28,13,86,5,1,1899.6,0,0,0,0,0
S-1580 (16-Octobre-2025)\S-1580 (16-Octobre-2025).qpl,4e92e50c8e9fe607,1580,HABITATIONPILON LAPRAIRIE SUR LE PARK,2025/10/16,2025/10/19,9,0,0,0,0,0.0,0,0,0,0,0
S-1580BR (17-Octobre-2025)\S-1580BR (17-Octobre-2025).qpl,82b09a4f77df523a,1580,HABITATION PILON LAPRAIRIE SUR LE PARK,2025/10/17,2025/10/28,9,0,0,0,0,0.0,0,0,0,0,0
S-1587 (27-Octobre-2025)\S-1587 (27-Octobre-2025).qpl,f891cfae4038269a,1587,INTACT 9 ÉTAGE 2020 ROBERT BOURASSA,2025/10/27,2025/10/30,2,7,26,7,0,0.0,0,0,0,0,0
S-1588 (27-Octobre-2025)\S-1588 (27-Octobre-2025).qpl,cc3cdc93e8e19bfe,1588,INTACT 11/12/13 ETAGE 2020 ROBERT BOURASSA,2025/10/27,2025/10/30,10,12,30,10,1,427.0,2,0,0,0,0
S-1593 (29-Octobre-2025)\S-1593 (29-Octobre-2025).qpl,be2161d9969f72cf,1593,TC-MÉDIA LIVRES ST-BRUNO,2025/10/29,2025/11/3,13,72,623,44,23,83190.2,0,0,0,12,0
S-1595 (30-Octobre-2025) (1)\S-1595 (30-Octobre-2025).qpl,5e53a14c3a41d5d3,1595,HANGAR HYU,2025/10/30,2025/11/9,94,237,1834,137,14,95088.3,0,0,0,0,0
S-1600 (11-Novembre-2025)\S-1600 (11-Novembre-2025).qpl,7536a4161d065541,1600,CASERNE DE POMPIER ST-CONSTANT,2025/11/11,2025/11/11,32,0,0,0,0,0.0,0,0,0,0,0
S-1600 (5-Novembre-2025)\S-1600 (5-Novembre-2025).qpl,634b0cb86af7cc91,1600,ST CONSTANT,2025/11/5,2025/11/7,89,0,0,0,1,80.0,2,0,0,0,0
S-1605 (17-Novembre-2025)\S-1605 (17-Novembre-2025).qpl,27b6ed32fd1cb718,1605,AXIUM 2020 ROBERT BOURRASSA 24E,2025/11/17,2025/11/17,8,0,0,0,0,0.0,0,0,0,0,0
S-1607 L'OREAL (18-Novembre-2025)\S-1607 L'OREAL (18-Novembre-2025).qpl,cc80269230d340ef,1607,TRAITEMENT DES EAUX,2025/11/18,2026/5/12,59,135,349,100,76,417935.7,0,0,0,0,0
S-1608 (13-Novembre-2025)\S-1608 (13-Novembre-2025).qpl,49b5b15ae7a962bd,1608,MAN STATION,2025/11/13,2025/12/9,16,59,100,41,25,90978.5,0,0,0,6,0
S-1610 (9-Novembre-2025)\S-1610 (9-Novembre-2025).qpl,1600afeeb1a78aea,1610,COGIR,2025/11/9,2025/11/12,8,42,459,42,4,9665.6,0,0,0,0,0
S-1612 saaq(13-Novembre-2025)\S-1612 (13-Novembre-2025).qpl,f92f68bade0b79af,1612,CISSS & SAAQ,2025/11/13,2025/12/11,41,128,1465,64,37,510558.2,1,0,0,10,0
S-1613 (19-Novembre-2025)\S-1613 (19-Novembre-2025).qpl,fe5e80b59e9dc3f8,1613,KING LIVING DIX 30,2025/11/19,2025/12/3,44,83,998,83,21,117944.6,0,0,0,0,0
S-1614 (24-Novembre-2025)\S-1614 (24-Novembre-2025).qpl,1507acb25cb97b24,1614,CLINIC MÉDICAL DIX 30,2025/11/24,2025/11/26,0,0,0,0,0,0.0,0,0,0,0,0
S-1614 PCL CROCS (19-Novembre-2025)\S-1614 PCL CROCS (19-Novembre-2025).qpl,aa7094a7eb919414,1614,DIX/30,2025/11/19,2025/11/28,32,33,176,33,13,95611.5,0,0,0,5,0
S-1618 (25-Novembre-2025)\S-1618 (25-Novembre-2025).qpl,fa0fd91e9bc12795,1618,1010 ROBERT BOURASSA NIVEAU B&C,2025/11/25,2025/12/16,31,110,981,87,40,408206.3,0,0,0,1,0
S-1620 (2-Décembre-2025)\S-1620 (2-Décembre-2025).qpl,57c50c8e30c6c146,1620,REHAUSSEMENT ENTRÉ ÉLECTRIQUE,2025/12/2,2025/12/18,24,0,0,0,9,9273.2,0,0,0,0,0
S-1627 SIP (3-Décembre-2025)\S-1627 SIP (3-Décembre-2025).qpl,ae45c0a32a7822a5,1627,BRIDOR,2025/12/3,2025/12/15,27,74,431,60,5,15042.2,0,0,0,2,0
S-1628BR (3-Décembre-2025)\S-1628BR (3-Décembre-2025).qpl,e5ad3d8a7e5cdfc3,1628,LAPRAIRIE,2025/12/3,2026/1/8,27,42,2343,12,6,13790.3,0,0,0,0,0
S-1629BR (3-Décembre-2025)\S-1629BR (3-Décembre-2025).qpl,cffcc2a24301a90f,1629,BROSSARD,2025/12/3,2025/12/3,21,0,0,0,0,0.0,0,0,0,0,0
S-1630BR (3-Décembre-2025)\S-1630BR (3-Décembre-2025) (Conflicted copy from DUPUIS on 2025-12-18.qpl,cdfecc2ba10b085b,1630,CABINEX,2025/12/3,2025/12/16,25,0,0,0,0,0.0,0,0,0,0,0
S-1630BR (3-Décembre-2025)\S-1630BR (3-Décembre-2025).qpl,31df0404486d00df,1630,CABINEX,2025/12/3,2025/12/15,45,283,1028,236,6,32456.9,0,0,0,0,0
S-1631 (3-Décembre-2025)\S-1631 (3-Décembre-2025).qpl,49ee1ad6f553cffa,1631,CIUSS LAURENTIDE,2025/12/3,2025/12/16,18,42,696,24,20,387175.3,0,0,0,1,0
S-1632 (4-Décembre-2025)\S-1632 (4-Décembre-2025).qpl,d38aaadbc2fe75ed,1632,CROCS BASE BULDING,2025/12/4,2025/12/10,11,12,33,12,10,18109.6,0,0,0,0,0
S-1636 (15-Décembre-2025)\S-1636 (15-Décembre-2025).qpl,18fb272b3a8a1313,1636,ECOLE ANTOINE GIRARD BOUCHERVILLE PORTE,2025/12/15,2025/12/15,0,0,0,0,0,0.0,0,0,0,0,0
S-1638 BR (18-Décembre-2025)\S-1638 BR (18-Décembre-2025).qpl,f8a50bb6386006b0,1638,730 RUE DELAGE LONGUEUIL,2025/12/18,2026/1/6,52,1,51,1,4,4988.7,0,0,0,0,0
S-1639 (18-Décembre-2025)\S-1639 (18-Décembre-2025).qpl,c5d7bde4276e6cea,1639,CHANGEMENT ENTRE 1400 INDUSTRIEL,2025/12/18,2026/2/3,19,0,0,0,0,0.0,0,0,0,0,0
S-1640 BR (18-Décembre-2025)\S-1640 BR (18-Décembre-2025).qpl,6d87d4b67e92b44c,1640,VIZO ST-HYACINTHE 54 LOG,2025/12/18,2026/1/28,87,497,1759,408,57,289489.7,4,0,0,5,0
S-1644 (6-Janvier-2026)\S-1644 (6-Janvier-2026).qpl,d93cb4d54bd41a52,1644,SUNLIFE  PORTE,2026/1/6,2026/1/7,13,0,0,0,5,50822.2,0,0,0,0,0
S-1645 (9-Janvier-2026) (1)\S-1645 (9-Janvier-2026).qpl,7182899d77f3af0a,1645,ANNEXE-BOURASSA LONGUEUIL,2026/1/9,2026/1/31,40,233,1989,122,47,414847.5,1,0,0,19,0
S-1645 (9-Janvier-2026)\S-1645 (9-Janvier-2026).qpl,3c74cd8db02105fc,1645,ANNEXE-BOURASSA LONGUEUIL,2026/1/9,2026/1/9,0,0,0,0,0,0.0,0,0,0,0,0
S-1646SIP (12-Janvier-2026)\S-1646SIP (12-Janvier-2026).qpl,20951999d40da08f,1646,LABOMAR PROBIOTICS,2026/1/12,2026/4/23,133,0,0,0,12,33822.7,1,0,0,2,0
S-1648 (14-Janvier-2026)\S-1648 (14-Janvier-2026).qpl,4ba0f4178e2bd370,1648,NIKE ST BRUNO,2026/1/14,2026/1/16,6,31,731,31,24,235138.3,1,0,0,13,0
S-1651 uniglo base building 10-30 (19-Janvier-2026)\S-1651 uniglo base building 10-30 (19-Janvier-2026).qpl,210bce545aa33e61,1651,,2026/1/19,2026/2/11,109,0,0,0,1,3611.0,2,0,0,0,0
S-1652 (19-Janvier-2026)\S-1652 (19-Janvier-2026).qpl,08f199aec14c578e,1652,OMHM REMPLACEMENT ET MISE AU NORME,2026/1/19,2026/1/25,33,2,4,2,10,16594.2,0,0,0,0,0
S-1652 DR - SIP - BR (20-Janvier-2026)\S-1652 DR - SIP - BR (20-Janvier-2026).qpl,3e137b082daa414b,1652,,2026/1/20,2026/1/20,0,0,0,0,0,0.0,0,0,0,0,0
S-1653 (19-Janvier-2026)\S-1653 (19-Janvier-2026).qpl,db50241580016b2c,1653,PORT ROYAL POMPE HR,2026/1/19,2026/1/19,8,0,0,0,0,0.0,0,0,0,0,0
S-1653 (27-Janvier-2026)\S-1653 (27-Janvier-2026).qpl,4233cee2aee18ae8,1653,PORT ROYAL POMPE HIGH-RISE 40HP,2026/1/27,2026/2/25,8,0,0,0,2,4260.0,0,0,0,0,0
S-1659 (26-Janvier-2026)\S-1659 (26-Janvier-2026).qpl,fb356139282d2751,1659,ÉCOLE ARC EN CIEL ST JULIE,2026/1/26,2026/2/5,17,29,125,29,1,1714.9,0,0,0,0,0
S-1660 DR-SIP-BR (20-Janvier-2026)\S-1660 DR-SIP-BR (20-Janvier-2026).qpl,40f20e33210c8972,1660,,2026/1/20,2026/4/16,179,82,379,52,4,6253.8,0,0,0,0,0
S-1664 (28-Janvier-2026)\S-1664 (28-Janvier-2026).qpl,edfbaae672a71f42,1664,VITRECO BUREAU,2026/1/28,2026/3/3,6,5,43,5,6,10627.0,0,0,0,0,0
S-1665 (2-Février-2026)\S-1665 (2-Février-2026).qpl,30310cbbb59d35d1,1665,LOBBY 2000 MC GILL CANDEREL,2026/2/2,2026/2/24,112,42,400,34,20,35631.4,0,0,0,0,0
S-1667 (4-Février-2026)\S-1667 (4-Février-2026).qpl,51e750f4e6b38756,1667,PURE 2156-2168 DE LA PROVINCE,2026/2/4,2026/2/10,75,0,0,0,0,0.0,0,0,0,0,0
S-1668 (5-Février-2026)\S-1668 (5-Février-2026).qpl,b8530d9053324a49,1668,1002 JEAN NEVEU,2026/2/5,2026/2/5,115,0,0,0,0,0.0,0,0,0,0,0
S-1671 (10-Février-2026)\S-1671 (10-Février-2026).qpl,07ad7c3a7a7c6f0f,1671,880 HUDSON GREENFIELD PARK,2026/2/10,2026/2/10,8,9,16,9,3,11550.0,0,0,0,1,0
S-1674SIP (11-Février-2026)\S-1674SIP (11-Février-2026).qpl,9bc0741104d46dbd,1674,HEMA QUEBEC HUMIDITE PH2,2026/2/11,2026/2/11,10,6,16,6,5,9183.0,0,0,0,0,0
S-1676 (12-Février-2026)\S-1676 (12-Février-2026) (Conflicted copy from DUPUIS on 2026-03-04.qpl,e6a0e8b96e01cd93,1676,ARC'TRERTX,2026/2/12,2026/3/2,12,99,841,70,50,252359.0,0,0,0,4,0
S-1676 (12-Février-2026)\S-1676 (12-Février-2026).qpl,ce4ed57a07fafa4c,1676,ARC'TRERTX,2026/2/12,2026/3/3,13,99,841,70,50,252359.0,0,0,0,4,0
S-1687 LEVASSEUR NOTAIRE (18-Février-2026)\S-1687 LEVASSEUR NOTAIRE (18-Février-2026).qpl,ab7342b4943acf9a,1687,,2026/2/18,2026/2/25,40,11,90,11,0,0.0,0,0,0,0,0
S-1689 (19-Février-2026)\S-1689 (19-Février-2026).qpl,8cb37354cf8253e8,1689,PULTRISION,2026/2/19,2026/6/9,29,81,445,80,22,53394.8,0,0,0,2,0
S-1690 (19-Février-2026)\S-1690 (19-Février-2026).qpl,31f931aec0d1875f,1690,BIBLIOTHEQUE MODECAI-RICHER,2026/2/19,2026/2/19,17,0,0,0,4,8603.4,0,0,0,0,0
S-1692 ECOLE ST MARC (25-Février-2026)\S-1692 ECOLE ST MARC (25-Février-2026).qpl,865fb79bbfd8d137,1692,,2026/2/25,2026/4/1,34,286,3656,161,110,797509.8,3,4,0,1,0
S-1693 (26-Février-2026)\S-1693 (26-Février-2026).qpl,4e7a06cdc5d830ae,1693,ÉCOLE PRIMAIRE BOLOEIL,2026/2/26,2026/3/31,67,175,1940,127,92,524380.4,2,2,0,11,0
S-1695 (2-Mars-2026)\S-1695 (2-Mars-2026) (Conflicted copy from DUPUIS on 2026-03-04.qpl,d19b17c2223ca627,1695,HOTEL PLAYGROUNG,2026/3/2,2026/3/3,23,242,1311,192,42,75786.3,0,1,0,0,0
S-1695 (2-Mars-2026)\S-1695 (2-Mars-2026).qpl,ed760e0d4caae914,1695,HOTEL PLAYGROUNG,2026/3/2,2026/3/11,23,344,1995,273,76,486893.4,0,11,0,12,0
S-1697 (13-Mars-2026)\S-1697 (13-Mars-2026).qpl,031b607fe0d271da,1697,ÉCOLE MOUSSAILLONS,2026/3/13,2026/4/1,52,65,692,47,26,91282.1,0,0,0,3,0
S-17-079 (3-Juin-2026)\S-17-079 (3-Juin-2026).qpl,e19ba23d0f7f6a4f,,HOTEL/RESTO,2026/6/3,2026/6/5,49,116,789,116,19,207319.3,0,0,0,16,0
S-1702 (13-Mars-2026)\S-1702 (13-Mars-2026).qpl,a672447ce51feaf2,1702,COTSCO STATIONNEMENT,2026/3/13,2026/3/19,30,0,0,0,2,1340.0,0,0,0,0,0
S-1702 (16-Mars-2026)\S-1702 (16-Mars-2026).qpl,8f4693dd527b1d7b,1702,COTSCO ST BRUNO STATIONNEMENT,2026/3/16,2026/4/8,14,0,0,0,2,1008.8,0,0,0,0,0
S-1703 (19-Mars-2026)\S-1703 (19-Mars-2026).qpl,9188a41c9dfe88e1,1703,UNIGLO DIX 30,2026/3/19,2026/4/1,18,59,689,59,29,160924.0,0,0,0,0,0
S-1706BR (13-Mars-2026)\S-1706BR (13-Mars-2026) (Conflicted copy from DUPUIS on 2026-05-07.qpl,2e3dcff83ae8601c,1706,PLACE ST JACQUES ST PHILLIPE,2026/3/13,2026/5/6,33,133,1355,65,27,606931.5,0,0,0,0,0
S-1706BR (13-Mars-2026)\S-1706BR (13-Mars-2026).qpl,4cbb9e45700a6fb9,1706,PLACE ST JACQUES ST PHILLIPE,2026/3/13,2026/5/7,33,134,1367,65,27,606931.5,0,0,0,0,0
S-1712 (19-Mars-2026)\S-1712 (19-Mars-2026).qpl,38260102873c53eb,1712,UNGLO DIX 30,2026/3/19,2026/3/19,1,0,0,0,0,0.0,0,0,0,0,0
S-1714 PARTAGE DE RIVIERA (20-Mars-2026)\S-1714 PARTAGE DE RIVIERA (20-Mars-2026).qpl,725a0ca864cfbf1f,1714,,2026/3/20,2026/3/27,52,462,8503,93,54,535631.9,4,0,0,1,0
S-1715 (23-Mars-2026)\S-1715 (23-Mars-2026).qpl,de187f0ecf480b73,1715,118 RUE MATHIAS SALABERRY DE VALLEYFIELD,2026/3/23,2026/3/30,29,79,401,78,34,147476.6,0,0,0,0,0
S-1716 (24-Mars-2026)\S-1716 (24-Mars-2026).qpl,1cc1d91d97e463b0,1716,L ORÉAL BLOCK SANITAIRE,2026/3/24,2026/3/30,28,5,62,5,0,0.0,0,0,0,0,0
S-1716-1 (19-Mai-2026)\S-1716-1 (19-Mai-2026).qpl,b97b781f19031d6e,1716,JC,2026/5/19,2026/5/19,0,0,0,0,0,0.0,0,0,0,0,0
S-1732 (1-Avril-2026)\S-1732 (1-Avril-2026).qpl,6430ff61bf34b8dc,1732,HITACHI,2026/4/1,2026/4/2,10,0,0,0,3,3359.0,0,0,0,0,0
S-1733 ALEXIS NIHON TOUR PLAZA ASCENSEUR (2-Avril-2026)\S-1733 ALEXIS NIHON TOUR PLAZA ASCENSEUR (2-Avril-2026).qpl,e0004f18566cb04b,1733,,2026/4/2,2026/4/2,3,4,63,4,0,0.0,0,0,0,0,0
S-1734 (2-Avril-2026)\S-1734 (2-Avril-2026).qpl,b391f4f769a5dfbe,1734,1010 DE LA GAUCHETIERE,2026/4/2,2026/5/5,18,24,106,21,26,102274.5,1,0,0,0,0
S-1735 (7-Avril-2026)\S-1735 (7-Avril-2026).qpl,0d7d329ca7f41cf9,1735,ÉCOLE PICHÉ-DUFROST SAINT-CONSTANT,2026/4/7,2026/4/16,26,90,798,70,22,153138.8,1,0,0,6,0
S-1738 (13-Avril-2026)\S-1738 (13-Avril-2026).qpl,e9d72865fa7d2f84,1738,GARAGE MUNICIPAL VERCHERE,2026/4/13,2026/5/12,10,32,93,32,2,4661.0,0,0,0,0,0
S-1740 (13-Avril-2026)\S-1740 (13-Avril-2026).qpl,da1e61271dc9b81a,1740,ÉCOLE DE LA PETITE GARE,2026/4/13,2026/4/15,38,166,2395,93,10,66845.7,4,0,0,0,0
S-1741 (20-Avril-2026)\S-1741 (20-Avril-2026).qpl,4c23dab21bb1eade,1741,CROIX BLEU 1981 MC-GILL,2026/4/20,2026/4/28,41,104,2879,37,9,7597.3,0,0,0,0,0
S-1743 (20-Avril-2026)\S-1743 (20-Avril-2026).qpl,0c7a4a2739df458c,1743,ÉCOLE BOURRASSA PORTE,2026/4/20,2026/4/28,19,3,20,3,2,11064.3,0,0,0,0,0
S-1744 (20-Avril-2026)\S-1744 (20-Avril-2026).qpl,03d56e00abfd9a3d,1744,ÉCOLE ST PATRICE,2026/4/20,2026/4/24,39,32,82,25,14,46359.7,0,0,0,1,0
S-1745 (24-Avril-2026)\S-1745 (24-Avril-2026).qpl,01147466848d2adf,1745,COLLEGE JEAN DE BRÉBOEUF,2026/4/24,2026/4/28,26,14,61,14,15,24739.0,0,0,0,0,0
S-1746 (27-Avril-2026)\S-1746 (27-Avril-2026).qpl,a9471a0ff638c1a3,1746,PIZZA TONY,2026/4/27,2026/5/5,10,40,133,40,15,30275.6,0,0,0,8,0
S-1748 (27-Avril-2026)\S-1748 (27-Avril-2026).qpl,e67612ecb0a6a7fa,1748,PIZZA TONY,2026/4/27,2026/4/27,0,0,0,0,0,0.0,0,0,0,0,0
S-1753 (30-Avril-2026)\S-1753 (30-Avril-2026).qpl,87f769da368854a9,1753,ÉCOLE ASOMPTION,2026/4/30,2026/5/6,20,61,820,23,18,112676.4,0,0,0,0,0
S-1756 (1-Mai-2026)\S-1756 (1-Mai-2026).qpl,a18a400fcee0b4f8,1756,STM,2026/5/1,2026/5/2,104,0,0,0,0,0.0,0,0,0,0,0
S-1760 (5-Mai-2026)\S-1760 (5-Mai-2026).qpl,e21752efc4413f69,1760,COLLEGE BRÉBEUF AMÉNAGEMENT 1 CLASSE SUPP,2026/5/5,2026/5/8,7,24,125,22,0,0.0,0,0,0,0,0
S-1766 (8-Mai-2026)\S-1766 (8-Mai-2026).qpl,7d47e053af7aedfb,1766,CASERNE ST JEAN,2026/5/8,2026/6/10,82,126,1057,122,41,249700.5,1,0,0,2,0
S-1767 (8-Mai-2026)\S-1767 (8-Mai-2026).qpl,b60e08b667cabe3d,1767,SUPER JEAN COUTU MASCOUCHE,2026/5/8,2026/5/22,142,198,2167,190,105,798039.5,0,0,0,27,0
S-1767 -1 (19-Mai-2026)\S-1767 -1 (19-Mai-2026).qpl,edecf90a571873b3,1767,PHARMACIE JC,2026/5/19,2026/5/19,7,0,0,0,0,0.0,0,0,0,0,0
S-1769 (13-Mai-2026)\S-1769 (13-Mai-2026).qpl,5e83ea214229458f,1769,CPE SOLEIL SOURIANT ST CONSTANT,2026/5/13,2026/5/13,7,35,116,35,8,19563.0,1,0,0,0,0
S-1775 (21-Mai-2026)\S-1775 (21-Mai-2026).qpl,e464d25a4677c93a,1775,,2026/5/21,2026/6/1,95,78,1627,77,19,165368.9,0,0,0,17,0
S-1780 (27-Mai-2026)\S-1780 (27-Mai-2026).qpl,af9b614ca51db1a4,1780,HÉRELLE,2026/5/27,2026/6/2,13,0,0,0,6,49009.6,0,0,0,0,0
S-1782 (25-Mai-2026)\S-1782 (25-Mai-2026).qpl,8e5691c7935185b4,1782,DEMOLITION SPORTING LIFE,2026/5/25,2026/5/25,115,2,27,2,1,34923.0,0,0,0,0,0
S-1783 (27-Mai-2026)\S-1783 (27-Mai-2026).qpl,dbfd586c3fa93a8a,1783,1981 MC GILL COLLEGE,2026/5/27,2026/6/10,46,78,1025,77,12,93615.5,0,0,0,5,0
S-1787 (3-Juin-2026) (1)\S-1787 (3-Juin-2026).qpl,0000ad972691045e,1787,,2026/6/3,2026/6/3,0,0,0,0,0,0.0,0,0,0,0,0
S-1787-2 (3-Juin-2026)\S-1787-2 (3-Juin-2026).qpl,3670d4766983f0d0,1787,,2026/6/3,2026/6/8,9,5,147,5,16,141799.0,1,0,0,0,0
S-427 (2-Décembre-2022)\S-427 (2-Décembre-2022) - Copie.qpl,66a0f2a802c5c54f,427,HUB,2022/12/2,2022/12/21,49,13,163,13,9,55968.7,0,0,0,0,0
S-BR1511 (8-Août-2025)\S-BR1511 (8-Août-2025) - Copie.qpl,a2a6a85eefe7b2a6,1511,PLACE ALBANIE,2025/8/8,2025/8/8,9,0,0,0,0,0.0,0,0,0,0,0
S-OO116 (17-Novembre-2021)\S-OO116 (17-Novembre-2021) - Copie.qpl,f7c302cc29d5c411,,CLINIC WESTMOUNT,2021/11/17,2021/11/18,17,36,612,36,10,54866.0,0,0,0,0,0
S-SIP-1509 (8-Août-2025)\S-SIP-1509 (8-Août-2025) - Copie.qpl,347f3483bac9ac03,1509,PARK KIRKLAND,2025/8/8,2025/8/12,26,28,199,28,12,110794.7,4,0,0,0,0
S0-153 (18-Janvier-2022)\S0-153 (18-Janvier-2022) - Copie.qpl,4229d559873feb4b,,IREQ LAB CHIMIE,2022/1/18,2022/2/7,141,8,82,8,9,13983.0,0,0,0,0,0
S0-510 (11-Janvier-2023)\S0-510 (11-Janvier-2023) - Copie.qpl,beef04fcefbcd3f3,,MCINTYRE MC GILL,2023/1/11,2023/1/18,17,4,6,4,34,91212.6,0,0,0,0,0
S0079 (4-Octobre-2021)\S0079 (4-Octobre-2021) - Copie.qpl,12683e9403002aea,79,VELO DOUCHE 1100 RENE-LEVESQUE,2021/10/4,2021/10/12,8,29,172,29,6,17505.5,0,0,0,8,2
S21 (19-Août-2021)\S21 (19-Août-2021) - Copie.qpl,82669e1d15c46efb,,TEST,2021/8/19,2021/8/19,0,0,0,0,0,0.0,0,0,0,0,0
Ste Croix (16-Novembre-2021)\Ste Croix (16-Novembre-2021) - Copie.qpl,5d162df9dd19935e,,Ste Croix,2021/11/16,2021/11/16,0,0,0,0,0,0.0,0,0,0,0,0
TEST (2-Juillet-2025)\TEST (2-Juillet-2025) - Copie.qpl,cf4ed53e0798af08,,,2025/7/2,2025/7/2,0,0,0,0,0,0.0,0,0,0,0,0
_gsdata_\_saved_\S-1607 L'OREAL (18-Novembre-2025)\S-1607 L'OREAL (18-Novembre-2025).qpl,01ef24f0d1344934,1607,TRAITEMENT DES EAUX,2025/11/18,2026/4/17,59,135,349,100,75,411813.7,0,0,0,0,0
_gsdata_\_saved_\S-1689 (19-Février-2026)\S-1689 (19-Février-2026).qpl,0d4595574e0639dd,1689,PULTRISION,2026/2/19,2026/3/11,29,81,445,80,21,51688.8,0,0,0,2,0
_gsdata_\_saved_\S-17-079 (3-Juin-2026)\S-17-079 (3-Juin-2026).qpl,4d98dfdeac814281,,HOTEL/RESTO,2026/6/3,2026/6/4,49,116,789,116,17,172552.9,0,0,0,14,0
_gsdata_\_saved_\S-1738 (13-Avril-2026)\S-1738 (13-Avril-2026).qpl,c54f932e2d549d49,1738,GARAGE MUNICIPAL VERCHERE,2026/4/13,2026/5/5,10,32,93,32,0,0.0,0,0,0,0,0
_gsdata_\_saved_\S-1741 (20-Avril-2026)\S-1741 (20-Avril-2026).qpl,edf1ed8f7a8ee27e,1741,CROIX BLEU 1981 MC-GILL,2026/4/20,2026/4/28,41,104,2879,37,9,7597.3,0,0,0,0,0
_gsdata_\_saved_\S-1766 (8-Mai-2026)\S-1766 (8-Mai-2026).qpl,1bdff0d6f13dd56e,1766,CASERNE ST JEAN,2026/5/8,2026/6/10,81,126,1057,122,41,249700.5,1,0,0,2,0
_gsdata_\_saved_\S-1767 (8-Mai-2026)\S-1767 (8-Mai-2026).qpl,51a74c0fbbe6bba7,1767,SUPER JEAN COUTU MASCOUCHE,2026/5/8,2026/5/22,140,198,2167,190,105,798039.5,0,0,0,27,0
_gsdata_\_saved_\S-1767 -1 (19-Mai-2026)\S-1767 -1 (19-Mai-2026).qpl,bcf03c195760d4cc,1767,PHARMACIE JC,2026/5/19,2026/5/19,0,0,0,0,0,0.0,0,0,0,0,0
_gsdata_\_saved_\S-1769 (13-Mai-2026)\S-1769 (13-Mai-2026).qpl,e237e7c941eecfee,1769,CPE SOLEIL SOURIANT ST CONSTANT,2026/5/13,2026/5/13,7,36,118,36,8,19563.0,1,0,0,0,0
_gsdata_\_saved_\S-1775 (20-Mai-2026)\S-1775 (20-Mai-2026).qpl,2eeb0fa07141fd10,1775,CLINIQUE MIEUX ETRE,2026/5/20,2026/5/20,3,0,0,0,0,0.0,0,0,0,0,0
_gsdata_\_saved_\S-1775 (21-Mai-2026)\S-1775 (21-Mai-2026).qpl,86784d7184264e28,1775,,2026/5/21,2026/6/1,95,74,1604,73,19,165368.9,0,0,0,17,0
_gsdata_\_saved_\S-1777 (19-Mai-2026)\S-1777 (19-Mai-2026).qpl,d50af7e1c84bace1,1777,SCOTIA BANK AGRANDISSEMENT ET ÉOVATION,2026/5/19,2026/5/19,5,0,0,0,0,0.0,0,0,0,0,0
_gsdata_\_saved_\S-1777 (20-Mai-2026)\S-1777 (20-Mai-2026).qpl,2b5004799fa0d46e,1777,SCOTIA BANK RENO,2026/5/20,2026/5/20,53,0,0,0,0,0.0,0,0,0,0,0
_gsdata_\_saved_\S-1780 (27-Mai-2026)\S-1780 (27-Mai-2026).qpl,0c39e739924258fd,1780,HÉRELLE,2026/5/27,2026/5/29,13,0,0,0,5,30109.6,0,0,0,0,0
_gsdata_\_saved_\S-1782 (25-Mai-2026)\S-1782 (25-Mai-2026).qpl,14f0b83e8775ec1d,1782,DEMOLITION SPORTING LIFE,2026/5/25,2026/5/25,115,0,0,0,0,0.0,0,0,0,0,0
_gsdata_\_saved_\S-1783 (27-Mai-2026)\S-1783 (27-Mai-2026).qpl,fd7a67047ee5e8d0,1783,1981 MC GILL COLLEGE,2026/5/27,2026/6/10,46,77,1024,76,11,92992.5,0,0,0,5,0
_gsdata_\_saved_\S-1787 (3-Juin-2026)\S-1787 (3-Juin-2026).qpl,23f1e3a57ecbd10e,1787,BIOSRIT,2026/6/3,2026/6/3,11,0,0,0,0,0.0,0,0,0,0,0
_gsdata_\_saved_\S-1787-2 (3-Juin-2026)\S-1787-2 (3-Juin-2026).qpl,8584df92dc6fb24c,1787,,2026/6/3,2026/6/8,9,5,147,5,16,141799.0,1,0,0,0,0
_gsdata_\_saved_\s-1777 (21-Mai-2026)\s-1777 (21-Mai-2026).qpl,da8119e30710e05b,1777,,2026/5/21,2026/5/26,52,38,732,36,12,58233.3,0,0,0,1,0
_gsdata_\_saved_\s-1783 (9-Juin-2026)\s-1783 (9-Juin-2026).qpl,23e8bd75955184e4,1783,,2026/6/9,2026/6/10,74,19,213,19,0,0.0,0,0,0,0,0
s-0844 (13-Novembre-2023)\s-0844 (13-Novembre-2023) - Copie.qpl,1812a3a0a5d37143,844,,2023/11/13,2025/7/2,63,13,193,11,17,213384.2,0,0,0,0,0
s-1572-1 (21-Octobre-2025)\s-1572-1 (21-Octobre-2025).qpl,2077b073bca23c51,1572,MERCEDES,2025/10/21,2025/10/31,117,107,1242,71,15,46064.6,0,0,0,5,0
s-1575A (15-Octobre-2025)\s-1575A (15-Octobre-2025).qpl,2c096e2f49eea58a,1575,,2025/10/15,2025/10/27,44,45,202,42,13,75945.1,0,0,0,0,0
s-1606 (6-Novembre-2025) (1)\s-1606 (6-Novembre-2025).qpl,a755540a004b0c95,1606,19E 1001 ROBERT-BOURASSA,2025/11/6,2025/12/3,51,79,1872,69,21,215632.5,0,0,0,0,0
s-16651 (19-Janvier-2026)\s-16651 (19-Janvier-2026).qpl,e3d17c7c576e2f47,1665,DIX 30 UNIGLO BASE BULDING,2026/1/19,2026/1/19,0,0,0,0,0,0.0,0,0,0,0,0
s-1777 (21-Mai-2026)\s-1777 (21-Mai-2026).qpl,b0c9b656bbdbd81f,1777,,2026/5/21,2026/5/26,52,38,732,36,12,58233.3,0,0,0,1,0
test 14oct (14-Octobre-2025)\test 14oct (14-Octobre-2025).qpl,62e7b966d7987b2a,,,2025/10/14,2025/10/14,0,0,0,0,0,0.0,0,0,0,0,0
