feuille,label,x_pt,y_pt,source,note
30303036EF-p01,ENCASTRE,552.6,689.5,visuel,RDC Cuisine 104A ; verifie au zoom 200 dpi
30303036EF-p01,ENCASTRE,603.6,727.5,visuel,RDC Cuisine 104A ilot ; verifie au zoom 200 dpi
30303036EF-p01,ENCASTRE,552.6,798.1,visuel,RDC Cuisine 104A ; verifie au zoom 200 dpi
30303036EF-p01,ENCASTRE,603.6,798.1,visuel,RDC Cuisine 104A ilot ; verifie au zoom 200 dpi
30303036EF-p01,ENCASTRE,845.8,739.2,visuel,RDC W.C. 103A ; verifie au zoom 200 dpi
30303036EF-p01,ENCASTRE,930.8,717.0,visuel,RDC Escalier ; verifie au zoom 200 dpi
30303036EF-p01,ENCASTRE,930.9,766.7,visuel,RDC Escalier ; verifie au zoom 200 dpi
30303036EF-p01,LUMINAIRE SUSPENDU,705.1,761.5,visuel,RDC Salle a manger 102A ; verifie au zoom 200 dpi
30303036EF-p01,APPLIQUE MURALE,708.4,606.4,visuel,RDC Exterieur arriere ; verifie au zoom 200 dpi
30303036EF-p01,APPLIQUE MURALE,464.9,952.0,visuel,RDC Exterieur entree ; verifie au zoom 200 dpi
30303036EF-p01,PRISE COMPTOIR,498.8,651.8,visuel,RDC Cuisine 104A ; verifie au zoom 200 dpi
30303036EF-p01,PRISE COMPTOIR,497.6,729.4,visuel,RDC Cuisine 104A ; verifie au zoom 200 dpi
30303036EF-p01,PRISE COMPTOIR,608.9,815.8,visuel,RDC Cuisine 104A ilot ; verifie au zoom 200 dpi
30303036EF-p01,PRISE COMPTOIR,873.3,718.3,visuel,RDC W.C. 103A lavabo ; verifie au zoom 200 dpi ; RESERVE: symbole partiellement masque par le lavabo - a revalider (*)
30303036EF-p01,PRISE,872.0,968.3,visuel,RDC Sejour 101A ; verifie au zoom 200 dpi ; RESERVE: type standard a confirmer (*)
30303036EF-p01,PRISE CONTROLEE INTERRUPTEUR,831.4,846.6,visuel,RDC Salle a manger / sejour ; verifie au zoom 200 dpi ; RESERVE: controlee ou standard a confirmer (*)
30303036EF-p01,INT,602.3,850.5,visuel,RDC Cuisine 104A ; verifie au zoom 200 dpi
30303036EF-p01,INT,611.5,850.5,visuel,RDC Cuisine 104A ; verifie au zoom 200 dpi
30303036EF-p01,INT,620.7,850.5,visuel,RDC Cuisine 104A ; verifie au zoom 200 dpi
30303036EF-p01,INT,728.0,645.6,visuel,RDC Salle a manger 102A ; verifie au zoom 200 dpi
30303036EF-p01,INT,517.2,956.5,visuel,RDC Entree sejour ; verifie au zoom 200 dpi
30303036EF-p01,INT,847.8,722.9,visuel,RDC W.C. 103A ; verifie au zoom 200 dpi
30303036EF-p01,DETECTEUR FUMEE,845.8,681.6,visuel,RDC Hall escalier ; verifie au zoom 200 dpi ; RESERVE: symbole hors legende electrique - R-001
30303036EF-p01,PLINTHE,616.7,639.1,visuel,RDC Cuisine 104A ; verifie au zoom 200 dpi
30303036EF-p01,PLINTHE,786.9,639.1,visuel,RDC Salle a manger 102A ; verifie au zoom 200 dpi
30303036EF-p01,PLINTHE,836.0,822.4,visuel,RDC W.C. 103A ; verifie au zoom 200 dpi
30303036EF-p01,PLINTHE,564.4,1058.0,visuel,RDC Sejour 101A ; verifie au zoom 200 dpi
30303036EF-p01,PLINTHE,656.0,1058.0,visuel,RDC Sejour 101A ; verifie au zoom 200 dpi
30303036EF-p01,PLINTHE,809.8,1058.0,visuel,RDC Sejour 101A ; verifie au zoom 200 dpi
30303036EF-p01,PRISE CONTROLEE INTERRUPTEUR,1302.4,662.3,visuel,SS Chambre 002A ; verifie au zoom 200 dpi
30303036EF-p01,PRISE CONTROLEE INTERRUPTEUR,1302.4,797.8,visuel,SS Chambre 002A ; verifie au zoom 200 dpi
30303036EF-p01,PRISE CONTROLEE INTERRUPTEUR,1500.7,671.5,visuel,SS Chambre 001A ; verifie au zoom 200 dpi
30303036EF-p01,PRISE CONTROLEE INTERRUPTEUR,1500.7,804.4,visuel,SS Chambre 001A ; verifie au zoom 200 dpi
30303036EF-p01,PRISE CONTROLEE INTERRUPTEUR,1302.4,932.0,visuel,SS Chambre 003A ; verifie au zoom 200 dpi
30303036EF-p01,PRISE CONTROLEE INTERRUPTEUR,1302.4,1053.1,visuel,SS Chambre 003A ; verifie au zoom 200 dpi
30303036EF-p01,PRISE COMPTOIR,1663.7,1056.4,visuel,SS S. de bain 004A lavabo ; verifie au zoom 200 dpi
30303036EF-p01,PLAFONNIER DETECTEUR MOUVEMENT,1721.3,678.0,visuel,SS Hall escalier ; verifie au zoom 200 dpi
30303036EF-p01,PLAFONNIER DETECTEUR MOUVEMENT,1348.2,860.0,visuel,SS Rangement D.P. ; verifie au zoom 200 dpi
30303036EF-p01,PLAFONNIER DETECTEUR MOUVEMENT,1511.8,1005.3,visuel,SS Rangement ; verifie au zoom 200 dpi
30303036EF-p01,PLAFONNIER DETECTEUR MOUVEMENT,1552.4,926.8,visuel,SS Lav./sech. ; verifie au zoom 200 dpi
30303036EF-p01,ENCASTRE,1538.0,875.1,visuel,SS Corridor ; verifie au zoom 200 dpi
30303036EF-p01,ENCASTRE,1651.2,875.1,visuel,SS Corridor ; verifie au zoom 200 dpi
30303036EF-p01,ENCASTRE,1684.0,972.6,visuel,SS S. de bain 004A ; verifie au zoom 200 dpi
30303036EF-p01,ENCASTRE,1699.0,1028.9,visuel,SS S. de bain 004A lavabo ; verifie au zoom 200 dpi
30303036EF-p01,APPLIQUE MURALE,1661.1,610.0,visuel,SS Exterieur sortie sous-sol ; verifie au zoom 200 dpi
30303036EF-p01,INT,1420.2,825.3,visuel,SS Chambre 002A ; verifie au zoom 200 dpi
30303036EF-p01,INT,1531.5,653.8,visuel,SS Chambre 001A porte ext. ; verifie au zoom 200 dpi
30303036EF-p01,INT,1619.8,825.3,visuel,SS Chambre 001A ; verifie au zoom 200 dpi
30303036EF-p01,INT,1423.5,918.9,visuel,SS Chambre 003A ; verifie au zoom 200 dpi
30303036EF-p01,INT,1727.8,924.1,visuel,SS S. de bain 004A ; verifie au zoom 200 dpi
30303036EF-p01,INT,1737.6,924.1,visuel,SS S. de bain 004A ; verifie au zoom 200 dpi
30303036EF-p01,INT 3 VOIES,1678.7,856.7,visuel,SS Corridor ; verifie au zoom 200 dpi
30303036EF-p01,THERMOSTAT,1407.1,825.3,visuel,SS Chambre 002A ; verifie au zoom 200 dpi
30303036EF-p01,THERMOSTAT,1606.7,825.3,visuel,SS Chambre 001A ; verifie au zoom 200 dpi
30303036EF-p01,THERMOSTAT,1407.1,922.2,visuel,SS Chambre 003A ; verifie au zoom 200 dpi
30303036EF-p01,THERMOSTAT,1750.7,922.2,visuel,SS S. de bain 004A ; verifie au zoom 200 dpi
30303036EF-p01,DETECTEUR FUMEE,1458.1,812.9,visuel,SS Chambre 002A ; verifie au zoom 200 dpi ; RESERVE: symbole hors legende electrique - R-001
30303036EF-p01,DETECTEUR FUMEE,1530.1,812.9,visuel,SS Chambre 001A ; verifie au zoom 200 dpi ; RESERVE: symbole hors legende electrique - R-001
30303036EF-p01,DETECTEUR FUMEE,1454.2,920.2,visuel,SS Chambre 003A ; verifie au zoom 200 dpi ; RESERVE: symbole hors legende electrique - R-001
30303036EF-p01,DETECTEUR FUMEE,1735.7,888.1,visuel,SS Corridor ; verifie au zoom 200 dpi ; RESERVE: symbole hors legende electrique - R-001
30303036EF-p01,PLINTHE,1407.1,649.2,visuel,SS Chambre 002A ; verifie au zoom 200 dpi
30303036EF-p01,PLINTHE,1587.7,649.2,visuel,SS Chambre 001A ; verifie au zoom 200 dpi
30303036EF-p01,PLINTHE,1390.1,1060.9,visuel,SS Chambre 003A ; verifie au zoom 200 dpi
30303036EF-p01,PLINTHE,1759.2,956.9,visuel,SS S. de bain 004A ; verifie au zoom 200 dpi
30303036EF-p01,VENTILATEUR,1626.4,981.1,visuel,SS S. de bain 004A ; verifie au zoom 200 dpi
30303036EF-p01,RACCORD DIRECT VRC,1401.9,862.0,visuel,SS Rangement D.P. ; verifie au zoom 200 dpi ; RESERVE: symbole hors legende electrique - R-001
